series,event,"(0,5)","(0,20)","(0,50)"
CARRY_HML,hormuz,-1.0**,-0.9,-1.56
CARRY_HML,hormuz_ceasefire,0.01,-1.07,0.11
CARRY_HML,hormuz_closure,-1.0**,-0.9,-1.56
CARRY_HML,iran_12day,-0.05,-0.06,1.56
CARRY_HML,liberation_day,-1.65**,-2.15*,-1.86
CARRY_HML,tariff_pause,-0.75,-0.62,-0.35
CARRY_HML,ukraine,-1.32,1.71,6.24***
OIL_EXP,hormuz,-0.53,-1.56,0.85
OIL_EXP,hormuz_ceasefire,1.61***,1.3,0.4
OIL_EXP,hormuz_closure,-0.53,-1.56,0.85
OIL_EXP,iran_12day,-0.33,0.19,0.26
OIL_EXP,liberation_day,-0.8,1.52,4.07
OIL_EXP,tariff_pause,2.6***,4.05**,7.62***
OIL_EXP,ukraine,0.46,2.47,0.14
OIL_IMP,hormuz,-0.94*,-2.33**,-0.03
OIL_IMP,hormuz_ceasefire,1.12**,0.8,0.68
OIL_IMP,hormuz_closure,-0.94*,-2.33**,-0.03
OIL_IMP,iran_12day,-0.92,-0.4,-0.76
OIL_IMP,liberation_day,0.73,2.67**,4.9**
OIL_IMP,tariff_pause,2.8***,4.25***,5.08**
OIL_IMP,ukraine,-0.63,-2.11,-2.08
RISKY,hormuz,-1.88***,-4.06***,-1.12
RISKY,hormuz_ceasefire,2.06***,0.53,0.5
RISKY,hormuz_closure,-1.88***,-4.06***,-1.12
RISKY,iran_12day,-0.86,0.59,1.31
RISKY,liberation_day,-0.62,2.0,4.7*
RISKY,tariff_pause,2.77***,4.18***,6.15**
RISKY,ukraine,-2.4**,-0.36,-0.13
SAFE,hormuz,-0.88,-3.17**,0.43
SAFE,hormuz_ceasefire,2.05***,1.61,0.39
SAFE,hormuz_closure,-0.88,-3.17**,0.43
SAFE,iran_12day,-0.8,0.65,-0.25
SAFE,liberation_day,1.03,4.15**,6.56**
SAFE,tariff_pause,3.53***,4.81***,6.5**
SAFE,ukraine,-1.08*,-2.07*,-6.37***
USD_EW,hormuz,1.22**,3.0***,0.09
USD_EW,hormuz_ceasefire,-1.89***,-1.06,-0.19
USD_EW,hormuz_closure,1.22**,3.0***,0.09
USD_EW,iran_12day,0.65,-0.27,-0.32
USD_EW,liberation_day,0.25,-2.6*,-4.95**
USD_EW,tariff_pause,-3.1***,-4.48***,-6.55***
USD_EW,ukraine,0.89,0.01,2.66
d_DGS10,hormuz,0.16*,0.41**,0.53*
d_DGS10,hormuz_ceasefire,-0.08,0.1,0.11
d_DGS10,hormuz_closure,0.16*,0.41**,0.53*
d_DGS10,iran_12day,0.02,0.08,-0.09
d_DGS10,liberation_day,0.14,-0.12,-0.04
d_DGS10,tariff_pause,-0.0,-0.12,-0.18
d_DGS10,ukraine,-0.13,0.35*,1.05***
d_VIXCLS,hormuz,5.77*,11.2*,-0.39
d_VIXCLS,hormuz_ceasefire,-5.81*,-6.77,-7.72
d_VIXCLS,hormuz_closure,5.77*,11.2*,-0.39
d_VIXCLS,iran_12day,2.05,-3.53,-8.44
d_VIXCLS,liberation_day,12.48***,5.14,0.87
d_VIXCLS,tariff_pause,-19.6***,-28.48***,-31.46**
d_VIXCLS,ukraine,-0.71,-9.96,-1.29
r_DCOILBRENTEU,hormuz,28.72***,56.15***,45.96***
r_DCOILBRENTEU,hormuz_ceasefire,-7.27*,-10.92,-46.29***
r_DCOILBRENTEU,hormuz_closure,28.72***,56.15***,45.96***
r_DCOILBRENTEU,iran_12day,10.68***,2.14,-2.61
r_DCOILBRENTEU,liberation_day,-14.72***,-21.37**,-10.85
r_DCOILBRENTEU,tariff_pause,4.92,-6.29,21.32
r_DCOILBRENTEU,ukraine,15.22***,22.96**,13.97
r_DCOILWTICO,hormuz,35.52***,47.87***,49.39***
r_DCOILWTICO,hormuz_ceasefire,-19.93***,-6.33,-32.58***
r_DCOILWTICO,hormuz_closure,35.52***,47.87***,49.39***
r_DCOILWTICO,iran_12day,9.96**,2.27,-4.66
r_DCOILWTICO,liberation_day,-13.54***,-18.95*,-5.07
r_DCOILWTICO,tariff_pause,4.99,0.25,26.55*
r_DCOILWTICO,ukraine,15.78***,22.1**,17.59
r_DTWEXBGS,hormuz,1.39**,2.76***,-0.13
r_DTWEXBGS,hormuz_ceasefire,-1.63***,-1.13,-0.04
r_DTWEXBGS,hormuz_closure,1.39**,2.76***,-0.13
r_DTWEXBGS,iran_12day,0.7,-0.3,-0.12
r_DTWEXBGS,liberation_day,-0.04,-3.75***,-6.34***
r_DTWEXBGS,tariff_pause,-3.08***,-4.55***,-6.74***
r_DTWEXBGS,ukraine,0.94*,0.53,3.12**
r_Gold,hormuz,-3.97,-20.29***,-22.01***
r_Gold,hormuz_ceasefire,1.98,-9.12,-24.33***
r_Gold,hormuz_closure,-3.97,-20.29***,-22.01***
r_Gold,iran_12day,-1.23,-3.41,-6.55
r_Gold,liberation_day,-1.6,3.12,1.62
r_Gold,tariff_pause,10.83***,10.02**,7.28
r_Gold,ukraine,1.42,2.51,-1.8
r_Gold_EUR,hormuz,-2.48,-17.4***,-22.0***
r_Gold_EUR,hormuz_ceasefire,-0.08,-10.03*,-23.95***
r_Gold_EUR,hormuz_closure,-2.48,-17.4***,-22.0***
r_Gold_EUR,iran_12day,-0.59,-3.96,-6.83
r_Gold_EUR,liberation_day,-3.28,-2.53,-6.6
r_Gold_EUR,tariff_pause,6.62***,6.02,0.38
r_Gold_EUR,ukraine,3.36*,4.46,3.15
r_Oil_EUR,hormuz,30.2***,59.04***,45.97***
r_Oil_EUR,hormuz_ceasefire,-9.34**,-11.83,-45.91***
r_Oil_EUR,hormuz_closure,30.2***,59.04***,45.97***
r_Oil_EUR,iran_12day,11.33**,1.59,-2.88
r_Oil_EUR,liberation_day,-16.41***,-27.02***,-19.07
r_Oil_EUR,tariff_pause,0.71,-10.29,14.41
r_Oil_EUR,ukraine,17.16***,24.91**,18.92
r_SP500,hormuz,-1.64,-9.58***,3.88
r_SP500,hormuz_ceasefire,4.8***,7.83**,9.07*
r_SP500,hormuz_closure,-1.64,-9.58***,3.88
r_SP500,iran_12day,-0.89,4.87,10.11
r_SP500,liberation_day,-3.9*,-3.66,0.58
r_SP500,tariff_pause,5.16***,10.31***,13.57**
r_SP500,ukraine,2.76,5.14,-5.77
