rel_day,EUR__cm,EUR__mm,GBP__cm,GBP__mm,AUD__cm,AUD__mm,NZD__cm,NZD__mm,JPY__cm,JPY__mm,CHF__cm,CHF__mm,CAD__cm,CAD__mm,SEK__cm,SEK__mm,NOK__cm,NOK__mm,DKK__cm,DKK__mm,MXN__cm,MXN__mm,BRL__cm,BRL__mm,ZAR__cm,ZAR__mm,TRY__cm,TRY__mm,INR__cm,INR__mm,KRW__cm,KRW__mm,TWD__cm,TWD__mm,THB__cm,THB__mm,SGD__cm,SGD__mm,MYR__cm,MYR__mm,IDR__cm,IDR__mm,COP__cm,COP__mm,CLP__cm,CLP__mm,PEN__cm,PEN__mm,PLN__cm,PLN__mm,HUF__cm,HUF__mm,CZK__cm,CZK__mm,ILS__cm,ILS__mm,CNY__cm,CNY__mm,HKD__cm,HKD__mm,SAR__cm,SAR__mm,KWD__cm,KWD__mm,r_DTWEXBGS__cm,r_DTWEXAFEGS__cm,r_DTWEXEMEGS__cm,r_SP500__cm,r_DCOILBRENTEU__cm,r_DCOILWTICO__cm,r_DHHNGSP__cm,r_Gold__cm,r_EuroStoxx50_EUR__cm,d_DGS10__cm,d_DGS5__cm,d_DFII5__cm,d_T5YIE__cm,d_VIXCLS__cm,d_GPRD__cm,d_GPRD_ACT__cm,d_GPRD_THREAT__cm,d_VXY_Global__cm,r_Oil_EUR__cm,r_Gold_EUR__cm,USD_EW__cm,SAFE__cm,SAFE__mm,RISKY__cm,RISKY__mm,CARRY_HML__cm,CARRY_HML__mm,HAVEN_SAFE__cm,HAVEN_SAFE__mm,HAVEN_RISKY__cm,HAVEN_RISKY__mm,OIL_EXP__cm,OIL_EXP__mm,OIL_IMP__cm,OIL_IMP__mm
-20,-0.0001969604658460378,-1.4566688584897702e-05,-0.0001580756279553197,3.526971646619472e-05,0.004289024066701055,0.004547044814736434,0.004555985685619135,0.004829777120556156,3.390941668840431e-06,0.0001633083915267757,-0.0009781442314944883,-0.0007700032904418138,0.0028489748719560384,0.0029556799494472315,-0.0002383698348381346,7.165752405454787e-05,0.0015184827132196659,0.0017398914264299997,-0.00012996961285832487,5.395729564889051e-05,-0.0002430706041520491,8.922679448341686e-06,-0.0011815876705214001,-0.0008871666410358461,-0.0006746511622068731,-0.0002883015866716796,-0.0003560629536751266,-0.00034874171063733713,0.0010927714056466699,0.0011534354818344779,0.00206631765954009,0.0023084231743391863,-0.00012585241645987895,-5.877497209939343e-06,0.00045463438007842336,0.000666905158030056,0.0011714831696255795,0.001299834963520433,0.0027254983562084883,0.0027982201287721103,0.00039536529621167087,0.000424025288739901,-0.020828630201638186,-0.02065394410624436,0.0003808209318349399,0.0007140683984788413,-0.005208205856775461,-0.005077177902019658,-0.0014716101118757356,-0.0012149151069794828,0.0017973340292878274,0.0021711707169540947,-0.00011656719853776812,9.983805680553577e-05,0.0009540350419126452,0.0011222091356602915,0.001583522733334129,0.0016057073736552147,-0.00018655160375673113,-0.0001875348920367664,2.766118109269862e-05,2.8346941989260652e-05,0.0006443786113776886,0.0006505356847677229,-0.0013630281147454573,-0.0019734843786426517,-0.0007708860164893349,0.0007080870826564792,0.013295400856554528,0.010776047340857187,0.07173658991388869,-0.007142301135977671,-0.0044056851726219535,0.038333333333333344,0.017916666666666664,0.009999999999999998,0.007916666666666874,-0.686916666666668,-134.3427103042602,-80.81092363993329,-175.53151187896728,-0.1367500000000006,0.013492361322400587,-0.006945340670131615,0.00017451963991486953,-1.818094071131335e-05,0.00017623324757635078,7.715369989089722e-05,0.00027222796609831517,9.533464060215966e-05,9.599471852191374e-05,-0.00039057125189056346,-0.0002070871958333137,-0.0038147728826635834,-0.0036242010127334203,-0.0024591130140950465,-0.002308247723599634,0.0005225331694664214,0.000656242166313788
-19,-0.001076755140585196,8.229570356296255e-06,-0.0015729955622531976,-0.00042286453377674514,0.0027209303813844096,0.004255788483057801,0.0004598374094437691,0.002088508767393054,-0.0008706151884875191,8.06672001665329e-05,-0.0062090043213260775,-0.004970860442986427,-0.0015903802867402233,-0.0009556361666488091,-0.0061122013015976326,-0.004267977505022979,-0.0023186201147052683,-0.0010015517787691016,-0.0009968814904866518,9.72231805041177e-05,-0.0009981128628269982,0.0005008903601553167,-0.00011411988333800038,0.0016372683513281568,-0.0008112127403530462,0.001487020175423786,-0.00012772719993345315,-8.417617050488066e-05,-0.0021069919153352606,-0.0017461265604118562,0.00285235540336158,0.004292540402740965,-0.001807023262936558,-0.0010933423740526467,-0.004488848094668453,-0.0032261375344971293,-0.000753478847276441,1.0032584357799008e-05,0.0024199419429644766,0.0028525335180110715,-0.0008079696204025585,-0.0006374832464935066,-0.014283209461993272,-0.013244074544330988,0.0061025718786276795,0.008084922437391243,-0.006563728921200522,-0.005784298121801926,-0.0022936822941549712,-0.0007667104869494426,0.002021194376985155,0.004244993327791393,-0.0012430163249708746,4.4288521392976205e-05,0.00750095015432979,0.008501347882983621,-0.000851975132007742,-0.0007200079348393194,3.524695695953777e-05,2.9397783998122814e-05,2.8661027784073892e-05,3.274033410309412e-05,0.0006362286514778773,0.00067285451992934,0.0007252934264399852,0.0007119228506282963,0.0007376673249390302,-0.004721571687695441,0.04083183956584176,0.04174537322298258,0.06762527325269417,-0.02717123027577134,-0.009008600441612507,0.046666666666667286,0.04583333333333353,0.03,0.015833333333333248,-0.8738333333333359,-57.084605789184536,13.161569468180346,-139.217183303833,-0.1835000000000005,0.04190859470642698,-0.026094475135186132,0.0010381447432581364,-0.0018662138793245266,-0.0007097247432932552,-0.0007320717508601056,0.00042834391414445184,0.001134142128464363,0.0011380686574376507,-0.002718791550132927,-0.0016273212241545302,-0.0028570586281411667,-0.0017234258457369685,-0.0026627932757630926,-0.0017653584177475523,-0.0010914750430000572,-0.00029609583942661786
-18,-0.004138446118066754,0.002447290361076438,-0.004879781365609676,0.0021013860127390344,-0.0071738430685650365,0.002142574839045467,-0.009465745137393396,0.0004201087980734283,-0.005553089665893179,0.000221088592793175,-0.008763972436477665,-0.001248576851839819,-0.0018554329189974634,0.0019973932678160476,-0.011692045388525831,-0.0004978121331407296,-0.004460723712272502,0.0035337345487775657,-0.004272252103373579,0.002368841518574634,-0.009925259384490447,-0.0008264766012921361,-0.005035706441457,0.005595025282102823,-0.018890511720660818,-0.0049404936251382795,-0.0009671876188390797,-0.0007028377157302096,-0.004976861903384491,-0.002786449349169085,-0.007697472002271031,0.0010442907078203655,-0.005256349152939037,-0.0009243855621234556,-0.01185421142251683,-0.0041896988124695035,-0.004432771311720861,0.00020165812940294817,0.0018613650979830648,0.004487147828029293,-0.004326693726709988,-0.003291860405533138,-0.020297556150600256,-0.013990122815376982,-0.014069789774004481,-0.0020371424402273602,-0.009819675479192283,-0.005088617246940496,-0.008075643270439605,0.001192905707186435,-0.007406963650210116,0.006091248559523729,-0.005436693432686881,0.0023771037581690195,-0.0016437880504613653,0.004428514857411416,-0.001310855785659413,-0.0005098295816235948,-4.9209705981993334e-05,-8.471353507409346e-05,8.298567585332337e-05,0.00010774661134287382,0.00013864234931736585,0.0003609572957941601,0.0036491580138915273,0.0025534218042733447,0.004712504189826395,-0.005644398201873062,0.09025422693267718,0.10335146215024557,0.03315373590627505,-0.03977885479845051,-0.01283756940470486,0.10500000000000023,0.12374999999999979,0.0699999999999998,0.05374999999999992,0.10924999999999785,-13.574876213073665,58.820021438598644,-68.38965587615967,-0.0902499999999999,0.09439267305074407,-0.035640408680383644,0.006301423086757704,-0.00698598603355444,3.377435024386026e-05,-0.007795588753533409,-0.0007519947757360355,-0.0008096027199790336,-0.0007857691259799493,-0.0061518360734791906,0.00047326736734326635,-0.00990715250712625,-0.0030261276468279944,-0.005907578654663839,-0.0004602489158336803,-0.006050861960974036,-0.0012229986898132273
-17,0.0003635250627941882,0.0011861217308289144,0.004378544381897945,0.0052505326618130736,0.0038275005808702176,0.004991175190853473,0.003714516767287337,0.004949317238540171,0.018961123354174065,0.01968235169534387,0.0034865562046881467,0.004425272684836511,0.005471285691960875,0.005952526020028491,-0.003613111555856129,-0.0022148869220212,0.002881749644952564,0.003880303830822152,0.00036670191713749495,0.0011962130132498615,-0.006687264705090296,-0.005550773983918226,0.0028762131981822994,0.004204053223708049,-0.009313771329182891,-0.007571333191741063,-0.0020482368023209065,-0.0020152179668146077,-0.004942061034824322,-0.004668465807559253,0.0022457249932627595,0.00333762183742664,-0.0032298929477675158,-0.00268880558006946,-0.004199172413075807,-0.0032418303519255957,0.001982811645635318,0.0025616787516277613,-0.0029885061287386466,-0.002660530642388763,-0.0058113570598033164,-0.005682100378387765,-0.03126410087555494,-0.03047626588369981,-0.006398588061336642,-0.00489564064827985,-0.004943040301135244,-0.004352103698911083,-0.0026139717178336403,-0.0014562762147327071,0.0006020298803681122,0.002288034843262908,-0.0004903208418111883,0.0004856677289816415,0.012172305535614079,0.012930771373889404,-0.0001746627097174839,-7.460989276448994e-05,0.0006385042323361755,0.0006340695982438263,8.398552254469865e-05,8.707830694256099e-05,-0.0005217169929059455,-0.0004939485671869254,0.00024617328122356974,-0.003634643131510507,0.004009323757342161,0.004018325806690218,0.0862087693019363,0.08259763731107876,0.05168999867349143,-0.02401756378670598,-0.002180776716288713,0.08333333333333408,0.09166666666666626,0.039999999999999994,0.0516666666666666,-1.8076666666666672,-69.71103591918941,-23.16253306070962,-107.04296340942383,0.0029999999999997945,0.08584524423914236,-0.024381088849500056,0.0007870842769764717,0.003420190462938646,0.004296999232983133,-0.004402090395526712,-0.003522304671412925,-0.007822280858465331,-0.007819303904396028,0.007603734873885446,0.008431248703669746,-0.008708086262295033,-0.007848606363475598,-0.0038799783594157854,-0.00319957529332907,0.0011312475249078855,0.001734275637733438
-16,-0.00064354907645297,0.0003981415996286207,0.002012652497029367,0.003116889963745762,0.0036496885216683725,0.005123301336206622,0.0015708686358619716,0.0031345512858273502,0.016249189591797605,0.01716251305579523,0.002632981109963058,0.003821719458722576,0.004727497204961713,0.005336913194817532,-0.0008174949371742265,0.0009531389843236834,-0.00098249360093867,0.00028201989079198455,-0.0005871033353727319,0.00046334338791741733,-0.006627993813352045,-0.0051888051639175795,0.0019738948592023992,0.003655397626801408,-0.008659634748683665,-0.006453107987812439,-0.0012080909447312331,-0.0011662777276121342,-0.004380331464516885,-0.004033865683244825,0.004216954128747249,0.0055996715721886945,-0.004620258093510395,-0.003935055140739862,-0.002668297454158884,-0.0014559727053807768,0.0013502674227645972,0.002083312535192899,-0.0034205727578513583,-0.003005242840541779,-0.005561414580688345,-0.0053977311072632575,-0.03051369244298712,-0.029516022020534525,-0.0073227971065708015,-0.005419548081064034,-0.004588525507689205,-0.0038401962564135884,-0.0008565128330749758,0.0006095283730035766,0.00266408902476654,0.004799151951620815,-0.0006549932939237493,0.0005809443577397865,0.011705742845435324,0.012666221805002981,-0.0005165475239003549,-0.00038984620041379765,0.0004263269728753444,0.00042071119886926897,8.498536923607393e-05,8.890189940885091e-05,-0.0005298669528057569,-0.0004947025626677867,-0.001918022320123388,-0.005825449742143759,0.0018716671975988258,0.0064188067324153966,0.03218960081792543,0.048081340516464045,0.05116371834136781,-0.02703236304624055,-0.0026422479164880663,0.07166666666666682,0.08958333333333292,0.019999999999999993,0.06958333333333327,-1.704583333333336,-14.28089618682857,-8.767310460408513,-6.3470277786255025,-0.00874999999999991,0.032833149894378744,-0.02638881396978747,0.000996719758877261,0.0031197591408427326,0.004230101008193151,-0.0035185556228972147,-0.0024044439064608257,-0.006638314763739828,-0.0066345449146538536,0.006079540541769183,0.007127458038048762,-0.008432821945206717,-0.007344424396723139,-0.004552524196669031,-0.0036908995907571373,0.001264860960604507,0.002028502228500984
-15,-0.0032324537211483283,0.0017634536823297514,-0.001428763212374211,0.003867116132459451,-0.002440546087974872,0.0046268428587177635,-0.003041621449742194,0.0044577388757604045,0.015452617812383345,0.019832881128860037,-0.0001994354597104303,0.00550170678311485,0.0018531870959222515,0.004775922150987811,-0.009345542265029125,-0.0008536518023674784,-8.353304631930386e-05,0.0059810237940073376,-0.003246983519150159,0.0017909175414459746,-0.010064077895567994,-0.0031617858871982223,8.385375114579904e-05,0.008148274714590037,-0.018191241870303236,-0.007608826539415093,-0.0009854889815381596,-0.0007849544411366678,-0.005844995590771716,-0.004183359366648186,0.0009486516441935388,0.007580109975559402,-0.006008320143193174,-0.0027221138026429816,-0.01188123636530756,-0.006066974678121399,-0.0016728533881827231,0.0018428020634334435,0.00043867099758663,0.002430576902493034,-0.008771683166469174,-0.007986663682770392,-0.04973989487018181,-0.04495510686717231,-0.02069989185595556,-0.01157198458413609,-0.003891791566228266,-0.0003028339874294752,-0.00685433928205681,0.0001767365290490418,-0.0056641635202879315,0.00457551408082692,-0.004612636086825956,0.0013148721514253197,0.00539309233971497,0.009999511553371379,-0.0008584323380832258,-0.00025077778710077734,0.0006864830659899133,0.0006595500353144861,5.99908014825165e-06,2.478260440875805e-05,0.0009300528395852317,0.0010986998679813247,0.0019239039193267543,-0.0013777103601476104,0.005124961800955891,0.0018248404116530757,0.027500020781662155,0.08475514194753063,0.0695271352002808,-0.04832003401666312,-0.02335323627828062,0.13000000000000067,0.14750000000000008,0.04999999999999999,0.09750000000000014,-0.40150000000000197,-58.7977474212646,8.072721099853531,-104.17477378845213,0.04449999999999978,0.03073247450281083,-0.04508758029551459,0.0047802286579915285,-0.001403039686041481,0.003922116123506292,-0.008053712900999217,-0.0027104770438988977,-0.006650673214957524,-0.0066325931674049675,0.00400690954384152,0.009032680531434868,-0.014611422172152399,-0.009391510450517095,-0.008144916149323878,-0.004012598517485,-0.0013864619373723719,0.0022759314693116075
-14,-0.003258575964618159,-0.0006315915651770949,-0.0009589389907322893,0.0018257788386083279,-0.0011524830808067178,0.0025637428233840675,-0.0011958532630793595,0.002747514976125241,0.011644135730233785,0.013947397674163593,0.0007354680796467814,0.0037332841961884543,0.00206515295026479,0.0036020067734584393,-0.007121671643963723,-0.0026564039827488735,0.0013256628286182624,0.004514572254355496,-0.0032751946718192564,-0.0006261288618925212,-0.002889278378244043,0.0007401350519870157,0.010007014358119399,0.014247506895419974,-0.01073084098673601,-0.005166318320984592,-0.0011421438387972862,-0.0010366973069386189,-0.006360741071045746,-0.0054870074155180725,0.0057781170622855284,0.009265118756895304,-0.002433021751084052,-0.0007050448106068084,-0.006378058007919337,-0.003320760601671895,-0.0005807044756592436,0.0012679230667119227,-0.0023937505203764815,-0.0013463520570461316,-0.011109064252305104,-0.010696279592705873,-0.043111151634416395,-0.04059517957500874,-0.01530324121492042,-0.01050353856512338,0.0014958070183038732,0.003382978818805312,-0.004457766110162046,-0.0007606346432730525,0.003666786153882097,0.00905108797154745,-0.004225816501665263,-0.0011089709695395371,0.011793206818719015,0.014215387702843574,-0.0012003171522660967,-0.000880795812745485,0.0003467025537408822,0.0003325404314876238,-0.00044613503530727307,-0.00043625814584280454,0.00043230678667432033,0.0005209859948398271,0.00037584931961319695,-0.0018271198185550622,0.002511865872316756,0.009388518155088354,-0.009412994222036623,0.04263587194075581,0.13099416507969688,-0.04234143185881649,-0.005587122494927276,0.10833333333333361,0.14541666666666675,0.09999999999999978,0.04541666666666662,-1.3084166666666688,20.022635841369677,19.931185277303076,49.62003879547119,-0.08225000000000021,-0.006154418257418082,-0.039082855894198104,0.0025135746314197955,0.0007116404658592057,0.003511752658998722,-0.0047175783547725204,-0.001907959179412192,-0.005429218820631521,-0.005419711838410703,0.0030403426150875565,0.005683030101725071,-0.009829244122063183,-0.007084472141371757,-0.004659489732041524,-0.0024866043929700865,0.00018471468727864946,0.0021105010493870802
-13,0.001322418060922283,-0.0019476830460054592,0.0025682177598221325,-0.0008982317775811659,0.005604230843124537,0.000978229087852037,0.010092598471976575,0.0051838472640172335,0.021411595464474725,0.018544467881230618,0.005771634480030993,0.0020399176859934856,0.0007724769679429283,-0.0011406167639730208,-0.0040149488494258204,-0.00957336660202995,-0.004170654079289371,-0.008140246074283475,0.0013941139236494167,-0.001903474383007066,0.0031652794081004076,-0.0013526571575762812,0.006926058382927598,0.0016474433507653007,0.005663442503384214,-0.0012633408199845377,-0.0005256209482757891,-0.0006568820325159867,0.00020717403101802416,-0.0008804599095219275,0.022225618800735217,0.01788495804011993,0.0033817966420374686,0.00123079060370602,0.0047293056773280865,0.000923545873613893,0.005036399369023436,0.0027352060410800786,0.006682970819538007,0.005379156881754539,-0.009134983415049834,-0.009648822618878165,-0.04499917235386478,-0.04813108399301225,-0.00018962320750887975,-0.006164349571078,0.008957828124996712,0.006608654450765677,0.0036455457792043174,-0.0009566869957232556,0.016761481781545927,0.010059039491547265,0.002682027479689631,-0.001197858532155635,0.02198698525228726,0.018971825972300592,0.0009432549982469323,0.0005455110732066086,0.0004664225809112788,0.00048405175741749606,-0.00015195430723979777,-0.00016424917552208893,0.0009137529197856089,0.0008033639974740785,-0.00385413423132026,-0.004533587144204414,-0.0031947912857876793,0.023347956126512134,-0.11326261444806639,-0.029048613779551202,0.10558715573945847,-0.014930327376253862,0.02043075069120267,0.03666666666666757,0.05333333333333361,0.09999999999999978,-0.04666666666666651,-1.295333333333334,16.340898132324266,-39.91764119466144,62.388713073730464,-0.11400000000000042,-0.11458503250898829,-0.01625274543717592,-0.0031289272925641375,0.0077983981039506925,0.004312785481258442,0.0028260455914182765,-0.0006714014346645854,-0.004972352512532317,-0.004984186915922933,0.009501882668476094,0.006212234173739647,-0.006484166070462967,-0.009900890545200243,-0.00536345900880527,-0.00806829225944673,0.008571644944552773,0.006174403409438582
-12,-0.0007062850817450752,-0.0020695341169085146,-0.0006477834420580459,-0.0020928867684648312,0.0011332418903702924,-0.00079525885726086,0.006868895297668209,0.0048225211553118204,0.018313674934876966,0.01711841864654154,0.0036979037528550042,0.0021422150592554628,-0.0018005324842095332,-0.0025980684315496678,-0.009140731630510119,-0.0114579406067769,-0.006047844230173405,-0.007702699013012938,-0.0006834206269585104,-0.002058128603996917,-0.00019724377227904166,-0.002080693996811949,0.006133308309212898,0.003932744285565574,-0.002032004171411159,-0.0049196612723991714,-0.0018393407634362158,-0.001894061256960366,0.004475325086311194,0.00402190916075741,0.013342303195035007,0.011532756211504586,0.00274587191550469,0.0018491544102954933,0.00270401129804771,0.0011174553443232447,0.004165712043208116,0.003206384034236971,0.010079881427522395,0.009536343770857754,-0.006004854613097563,-0.006219065359476055,-0.052738399876669666,-0.054044040094105086,-0.00204708734417264,-0.004537848236319314,0.010700570009789452,0.009721239817813962,0.0017106342002298819,-0.00020795766738120254,0.017196893978125655,0.014402760804162845,0.0014555533405968245,-0.0001619045572604774,0.016819828500054507,0.015562860337633485,0.0019750522715152614,0.0018092396546195227,0.0008797398170231476,0.0008870891181844826,-4.331780423022508e-06,-9.457300024782458e-06,0.0012321335750317974,0.001186114327640603,-0.004403149005706618,-0.0047638541103801665,-0.004053867795056614,0.019014125147690915,-0.13624776124562105,-0.036851983958957515,0.09050680770769005,-0.017025941540257033,0.010889050632639116,0.08500000000000071,0.10125000000000008,0.11999999999999979,-0.018750000000000034,-1.6022500000000028,28.928142356872605,41.72684898376467,66.09388027191162,-0.19075000000000053,-0.1355414761638755,-0.016319656458511734,-0.0013043960945574706,0.00491918195558338,0.003466089867766258,0.0019013442777776738,0.0004433186302703609,-0.003017837677805614,-0.0030227712374958065,0.007101764535329029,0.005730366529629565,-0.00944642248128005,-0.010870796282364429,-0.007631844322787016,-0.00875944288889962,0.006623640944389694,0.00562427208607679
-11,0.004328496834966767,-0.0001559348134526099,0.005152782515196776,0.00039908973785490656,0.005380004908775047,-0.0009638321771912304,0.011207692825435944,0.00447610913692092,0.020288905810423006,0.01635708925370633,0.008494330061703215,0.0033768647764044206,-0.0028702588868086947,-0.005493767395344295,-0.0023890586943397163,-0.010011558326570458,0.00408137398885006,-0.0013622998889855215,0.004432986331135863,-8.913970787249306e-05,0.006783296329116109,0.0005876537302527672,0.011827888056616198,0.004589094045048063,0.004138351870808467,-0.0053606468883588745,-0.002501592383706742,-0.00268159640839135,0.003063874659869164,0.001572355007917249,0.011292296136225396,0.005339759546846654,0.005966925023153811,0.0030171570377543686,0.004711289048800933,-0.0005077146309025271,0.005699801220474696,0.0025440748831150814,0.006838465485489783,0.005050488815942829,-0.007484019193033192,-0.008188669206136687,-0.05549991393180715,-0.059794840362336094,-0.0022245157843681002,-0.010417917492551741,0.01775947414928819,0.01453795027957132,0.005727625613922847,-0.0005836160371550001,0.03019459358228478,0.02100324342393673,0.006100441955677218,0.0007797857879157958,0.02250617528530865,0.01837135643473775,0.0018243101974307905,0.0012788666814371472,0.0014272880683269167,0.0014514637235971985,-0.00017661097339964724,-0.00019347146016608052,0.001223983615131986,0.001072602492450487,-0.003984758763239075,-0.004163301823234218,-0.0038123331100463156,0.026880968144036895,-0.12476553243824612,-0.035933157182478026,0.11212473701231443,-0.012413424897929504,0.000141545581318063,0.05333333333333386,0.07916666666666634,0.08999999999999979,-0.01083333333333316,-1.4891666666666665,-20.17069435119624,11.702836354573591,-43.77816200256349,-0.26749999999999974,-0.1290940292732125,-0.01674192173289605,-0.004290833866467303,0.009129580481430966,0.004349608533096775,0.005703161497037471,0.000906960517437981,-0.0034264189843933104,-0.0034426480156586154,0.011037244235697765,0.006526006405552824,-0.007122664875334334,-0.01180816751498696,-0.004947177400328663,-0.008656432691297145,0.007136949715794015,0.0038495083011548846
-10,0.003962277997797008,0.001279908974563663,0.0032324298508998976,0.00038900190916634435,0.004784435601694102,0.0009898606316791998,0.010674959263932677,0.0066484531246898265,0.017387821177006747,0.015035999638932873,0.006350462651413527,0.003289443678452751,-0.0031718886122496554,-0.0047411438729392475,-0.0029366146577886137,-0.00749602340701328,0.006289298275946226,0.003033157179975359,0.004105753338750737,0.001400837363396674,0.00541163949329426,0.00170570726170954,0.011841089213237397,0.0075111945143090855,0.002136977503119794,-0.0035448618069527124,-0.002102506784170569,-0.002210176441716025,-0.005636855994316167,-0.006529010547134416,0.0028882661844224864,-0.0006722518497057489,0.004531834699996932,0.0027674268797662997,0.0019115812489549568,-0.0012101730557431034,0.004276494422104976,0.0023888923273961303,0.006023916541520971,0.004954435811594556,-0.009822144297978522,-0.010243631682681107,-0.06282333203386624,-0.06539234824763274,-0.00809746886425716,-0.012998363483686904,0.02009779970860493,0.01817084072846725,0.004802414774058711,0.001027336808725408,0.02453631002205341,0.019038491150149384,0.005547711435680411,0.0023651535539677745,0.021284613981633598,0.018811366339346092,0.0022988690443419193,0.001972611247160303,0.0015470594448274346,0.001561520146628125,-0.0002555759422319085,-0.0002656610658249634,0.0010525550198788745,0.0009620061909483982,-0.0036562069073396326,-0.00459017734580617,-0.0027513131690914505,0.028235684679502975,-0.10435717790683939,-0.01313875402041164,0.1405295009202847,-0.009459559770661576,-0.0030437398273716904,0.0916666666666672,0.12708333333333371,0.08999999999999979,0.037083333333333315,-0.2960833333333357,2.4566957473755373,8.907369867960636,-37.97533855438234,-0.39924999999999966,-0.10831945590463592,-0.013421837768458265,-0.002566568240884936,0.007498853871287753,0.0046397070069007776,0.0027608335308659682,-0.00010802075112842412,-0.004738020340421507,-0.004747727758028928,0.009233520608739202,0.006535117430649877,-0.009226379484393917,-0.01202901940049392,-0.005950887797998609,-0.008169584005636242,0.003163356755315437,0.0011969691040663588
-9,2.4258250084450636e-05,0.0006715361908088534,-0.00230341905970278,-0.0016172762632485499,0.0029466730108112563,0.003862335490970292,0.008128267241447811,0.00909989664051598,0.014845928391360588,0.015413442476458683,0.0025438595846810383,0.003282508905551913,-0.004752075331905617,-0.0043734009941048795,-0.011224161592389311,-0.010123938364132078,0.005376690502388292,0.006162424413365078,0.00039468415008901,0.0010474028577667656,0.0033815562342215106,0.0042758284848132145,0.010760711295725598,0.011805550875962583,-0.002997649402499079,-0.00162657435044769,-0.0021651253815804954,-0.0021391437982819683,-0.008531755923636097,-0.008316471614596466,-0.009893014636754424,-0.009033832040668297,-0.0005232014641171467,-9.743519162259268e-05,4.642390989838003e-05,0.0007997291711397303,0.001438737378151055,0.0018942314530481156,0.0026643355705914594,0.0029224101600738425,-0.01441399385584245,-0.014312285446578636,-0.06311877494350182,-0.06249884997787203,-0.006793718181364721,-0.005611091574251599,0.01905473798324627,0.01951972920172539,-0.002060967280623124,-0.0011500095897497165,0.014862132495491839,0.016188801886265,0.0014191866847256046,0.0021871643544900876,0.016420096128953246,0.017016911342272265,0.0023838597288361484,0.0024625884470982017,0.0015838033753313107,0.0015803138877917855,-0.00036118590374393324,-0.0003587522795950103,0.0010444050599790632,0.0010662552450272317,0.0004813373853719098,0.00017146915838797856,0.0007817291709159148,0.026108254426677455,-0.06066505842359197,0.023523457015575747,0.17521448779009158,-0.015052491102358945,-0.018372324121363744,0.13000000000000056,0.17500000000000018,0.11999999999999979,0.05499999999999999,-0.6830000000000029,-55.3565116882324,-26.28009490966794,-133.7082359313965,-0.30100000000000005,-0.06068931667367593,-0.015076749352443079,0.0006193342494263307,0.0031618861726387393,0.0038518220757823855,-0.0017036861592095347,-0.0010114077755107322,-0.004865572331848003,-0.004863229851292846,0.005804682075375438,0.006455829190939899,-0.0114255460089127,-0.010749245702067332,-0.006809810440976555,-0.006274420604628973,-0.0010367908508051417,-0.0005622851662620944
-8,-0.0024329557923918077,-0.001042430412905222,-0.003717858155093958,-0.002243840716227246,0.004558020434721611,0.0065251072726877045,0.004987356659998346,0.00707467534314013,0.013673225626500527,0.014892397003887253,0.0007302535380418499,0.0023170689732503894,-0.005746943080431279,-0.00493344976613278,-0.015029217857921608,-0.01266564538659629,0.005939965244696958,0.007627930917547957,-0.001956109299756917,-0.0005538957040396916,0.005577163125405961,0.007498298054284699,-0.013547037801637402,-0.011302444154299983,0.0031950962217916472,0.006140530535410719,-0.0023396910840909222,-0.002283875724563277,-0.008754352846462827,-0.008291864822863858,-0.007328554200806434,-0.005482801193784659,-0.0003313815958835172,0.0005832777341880379,0.0006557492063078034,0.002274049504143643,0.0007272682091689344,0.0017057907749793548,0.0031223446566719477,0.003676757597230707,-0.01247638381844648,-0.012257887071546276,-0.0683113109975518,-0.066979547092357,0.00223154687400132,0.0047721437461988965,0.02358687902295081,0.024585803982157643,-0.0033247087793196596,-0.0013677290815713818,0.011072130841000066,0.013922169969467067,-0.0007454128573243018,0.0009044076811160254,0.019341481651125692,0.020623599654490718,0.0022113036004412774,0.0023804338518373246,0.0014800536738088796,0.0014725573253628295,-0.0003335346705126581,-0.0003283065977941261,0.0007097777873525517,0.0007567178032936999,0.00024309038222845232,0.0009682579886930269,-0.00046089469551202026,0.031416935170482635,-0.07519004370926854,0.007490934264785434,0.16812049139097285,-0.022081220138890717,-0.009815368404184198,0.1283333333333339,0.17291666666666686,0.10999999999999979,0.06291666666666687,-0.799916666666667,-36.29119434356684,-37.59823595682777,-62.35678272247323,-0.31274999999999975,-0.07275708791687624,-0.019648264346498592,0.0013304948894886977,0.002372450682254126,0.0038546167243512083,-0.0010072494771602375,0.0004799488369454565,-0.0033797001594141,-0.0033746678874054864,0.003990174457383575,0.005389011854744195,-0.014650360725754683,-0.013197487575511707,-0.0108159886275252,-0.009665828690779473,-0.0007375008157395046,0.0002818637501675788
-7,-0.006051877712222966,-0.002199912113920716,-0.012937817168977636,-0.008854565939209677,-0.0014935029888931348,0.0039556250460918855,0.0005709173731716808,0.0063531058026445476,0.010796361767871767,0.014173650865509379,-0.0017827533466943384,0.002612965392028093,-0.0069599067824860405,-0.004706407272621882,-0.018971449842433805,-0.012423996640248531,-0.0013711523496064753,0.0033047678449158605,-0.0059585673450378435,-0.002074223620100776,0.002519891397247412,0.007841725694489822,-0.008091368747468002,-0.0018735048815787993,-0.001872286843642726,0.006287011659998228,-0.0021121214069838488,-0.001957504419815486,-0.008845898928592857,-0.007564737158508667,-0.009564324497685345,-0.004451309524426895,-0.0009322899754750962,0.0016014546979969348,-0.002132754411906773,0.002350182157929544,-0.001984330603279386,0.0007263248915925467,0.0024358898297998357,0.003971697522194801,-0.012226441339331508,-0.011621172305902362,-0.067779772426234,-0.06409058499855456,-0.007786412730008839,-0.000748575164992449,0.022364616320544747,0.02513178953069565,-0.006238205460392195,-0.000817075732371273,0.007977075722720594,0.015872115136329606,-0.003866042775497108,0.0007042096278003173,0.020170201544041037,0.02372186231541763,0.0027238615721644063,0.0031923779470689243,0.0012231129898591484,0.0012023469709478412,-0.0004657846541249828,-0.00045130210202324163,0.0007016278274527404,0.0008316587706174184,0.002079798620460995,0.003444297384938775,0.0007557013500064447,0.03851983302822912,-0.07418314828447782,0.004779996791066621,0.13964058371282062,-0.03129172402580219,0.002251267977323149,0.13666666666666696,0.18083333333333323,0.1499999999999998,0.030833333333333345,-1.4068333333333332,-68.61293144226069,-39.506266530354765,-135.6962169647217,-0.29950000000000015,-0.06813127057225435,-0.02523984631357881,0.0036856720622529646,0.00015649114616851255,0.004262315239244578,-0.0029711409798535405,0.0011486232677457252,-0.003127632126021897,-0.003113691971498691,0.000987243569651511,0.004862234714538942,-0.014927016561068632,-0.010902338208560394,-0.011635209390745346,-0.008449092420679087,-0.0021318379087956834,0.0006919561031138037
-6,-0.009898156064854623,-0.00013588032739968994,-0.018931765741688512,-0.008583328458690498,-0.01203795133127458,0.0017721124007758216,-0.012304468806744087,0.002349690576017459,0.008527818678344708,0.017087092268630727,-0.0061345080465098276,0.005005835057961174,-0.009336258575904002,-0.0036250747586836166,-0.028917757651481402,-0.012324140209522242,-0.010262227713166708,0.0015882473495856982,-0.00994590532784647,-0.0001015716924158516,-0.004836533166722337,0.008650922137038275,-0.023645854809315803,-0.007887536099636364,-0.015337036971846199,0.0053415801611452155,-0.0030104884428968754,-0.0026186330060006162,-0.010449115878455687,-0.0072021880062648844,-0.012499146985967456,0.00045908453112723964,-0.0016593533923148752,0.004762073154600199,-0.00997530251546505,0.0013860821572203252,-0.005783234909231907,0.001086547723782871,-0.0029438557791329756,0.0009484370750586992,-0.011976498860216537,-0.010442527943580502,-0.07226497886356768,-0.06291524195728995,-0.022981699484278598,-0.005145270484136378,0.019220880049470986,0.026233899039749032,-0.01093814872501293,0.0028009571581704205,-0.007201524609546279,0.012807364293224764,-0.007790616800129414,0.0037920578142077543,0.013877632403437682,0.022878826960149704,-0.0012590583750762647,-7.166821734832293e-05,0.0015599373246699172,0.0015073087127553317,-0.00046478480743360754,-0.0004280807758447559,0.000693477867552929,0.0010230233656057688,0.007415809238716538,0.008242438224405825,0.00661268494480571,0.025555962444174896,-0.05174428030768309,0.04126963298285591,0.178124280640315,-0.05700048362391906,-0.01643778460480501,0.25500000000000045,0.3087499999999998,0.2499999999999998,0.05875000000000022,-0.23375000000000168,-76.47859859466547,-111.15758323669431,-59.13812923431401,-0.19624999999999976,-0.041846124242827965,-0.047102327559064024,0.009340827697268631,-0.0048828037984062,0.00552284129452001,-0.009107049522099444,0.0013339249705332935,-0.004224245723692994,-0.004188916323986451,-0.0025016151443398526,0.00731901566639746,-0.021845231852427417,-0.011645239451387202,-0.017159594295507893,-0.009084820105603332,-0.004844264756126163,0.0023122518498851895
-5,-0.007432703603761581,-0.00021407790174206211,-0.011054117711783992,-0.0034020602043137605,-0.010326338046693726,-0.0001146124528112317,-0.006437440377801852,0.004398444041651255,0.00843558533464435,0.014764662077723874,-0.0030394261891602157,0.005198198850942944,-0.008873599831177564,-0.004650517078682697,-0.0220369810802436,-0.00976698209871168,-0.005507946562380642,0.00325477907349938,-0.007295184585407897,-1.5881919603353677e-05,-0.002176047557806886,0.0077971281779512435,-0.011205709688562203,0.000446635268451177,-0.008270995635389272,0.007019619087336092,-0.004278777540633702,-0.003989023613954218,-0.013891821414430917,-0.011490910231306464,-0.006717682647887266,0.002864163388599059,-0.0009607554653641541,0.0037875097918182105,-0.006305581972266026,0.002095490238193638,-0.004303424375466228,0.0007763736978154256,-0.009934977204545387,-0.007056856775181246,-0.021980135249539665,-0.020845854454489502,-0.07454251761288777,-0.06762893998468891,-0.013075300205547957,0.00011368444059150617,0.022961029735284723,0.028146742625747505,-0.006943020825436665,0.003216235634673414,-0.0010766768838699516,0.013718713411062594,-0.004578841958086221,0.003985861080201556,0.019692338595803428,0.026348189764467424,-0.00018288363560373588,0.0006951211802215661,0.0016158430945721117,0.001576927347788741,-0.0005170799217161809,-0.000489939460524486,-0.0007825024137842824,-0.0005388230027324047,0.00571145194501618,0.006622921471087473,0.004826081951415675,0.024296530193158077,-0.03241779430908216,0.0666925269386307,0.24181413075150787,-0.05231202833966033,-0.013261256321241663,0.2733333333333342,0.31666666666666615,0.2699999999999998,0.04666666666666669,-0.8406666666666678,-53.80254821777338,57.307906087239616,-122.87690124511724,-0.15799999999999975,-0.024985090705320078,-0.04487932473589834,0.0069069897949038984,-0.0016639320543354137,0.0060304272460988805,-0.008373925015300947,-0.0006534417126752379,-0.006709992960965191,-0.006683868958773766,-0.000678848152759116,0.006582927675641616,-0.0204090305474698,-0.012866739253232262,-0.014800771941187639,-0.008829953858103558,-0.003953172284323242,0.0013386486085120483
-4,-0.011929379922916438,-0.000280119904541771,-0.01408151900891887,-0.0017327962381651243,-0.019393377985338772,-0.002913918931775702,-0.013462986815133117,0.004023726077592337,0.00733713511434089,0.01755086051026417,-0.009226869419637605,0.004066829407161085,-0.009429571404328525,-0.0026144529740762383,-0.0246072529268499,-0.004806197371210125,-0.007649119722901375,0.006491974941902436,-0.011837395666856924,-9.021649358556842e-05,-0.009837580908960836,0.006256911609509597,-0.023181213026777503,-0.004376914004863953,-0.016309333094399248,0.0083663259712845,-0.003830765769946163,-0.003363167230754686,-0.015326913754574347,-0.01145237588437897,-0.018934698780137576,-0.003471725557432023,-0.004059305124871133,0.0036033413261918673,-0.011216560886736202,0.002340905402921495,-0.007432460909372448,0.0007652059373711496,-0.010492758837909299,-0.005848111140428729,-0.024842375222973494,-0.02301189772478552,-0.07388548177534116,-0.06272850165576316,-0.021001311718737117,0.00028278277008590095,0.023025497291037162,0.031394087149455456,-0.0134582201863121,0.0029365653286184392,-0.009807798868796723,0.014068677864272744,-0.010100882581007328,0.003720647553913644,0.010892395575347373,0.021633462380581232,-0.002684120602076807,-0.001267215664884588,0.0013078536902834804,0.0012450523106577324,-0.0004361365683935974,-0.0003923378866927012,-0.0007906523736840937,-0.00039740787845094145,0.009196509900596622,0.009604589297725721,0.00879946254909044,0.017072281804680855,-0.055174166490001134,0.06121662258390209,0.2958874970233952,-0.0724909932376199,-0.013353501797255916,0.33166666666666716,0.36458333333333354,0.3499999999999996,0.014583333333333566,-0.597583333333336,-57.93852481842035,-59.84649289449057,-63.969188880920456,-0.08975000000000036,-0.04324478656708419,-0.06056161331470296,0.011146348818527265,-0.006115691084474727,0.006301297393052534,-0.013344712543708951,-0.0008855657237477222,-0.007229021459233788,-0.007186863116799803,-0.00460637140940438,0.007112523337627827,-0.025314458299732882,-0.013142873839228728,-0.017887107968626387,-0.008251532549776142,-0.0076718515336544205,0.0008679730944682882
-3,-0.010061084105339096,-0.002673168209950986,-0.011443617865878148,-0.003612105383377862,-0.014375618862123317,-0.003924409317724906,-0.008019100703315083,0.0030709053515312716,0.008566195111922331,0.015043700471460086,-0.006394850183744192,0.0020359624786991685,-0.009839960078484686,-0.005517838184012781,-0.017059412629682698,-0.004501659360013235,-0.00671990988364791,0.0022483179597948388,-0.010218559041042252,-0.0027685431942595317,-0.004890908962951385,0.005316156285644778,-0.013976131361746004,-0.0020505172517942096,-0.0027334587119432208,0.012915749353890464,-0.00356042188897839,-0.0032638726940163077,-0.017843196787767676,-0.015385979773695617,-0.012079968661400486,-0.002273410521072701,-0.0013375440918199123,0.0035220768134782547,-0.006630676754595979,0.0019674162182249113,-0.004430526633154668,0.0007684021491563592,-0.009037438936316412,-0.006091821231966971,-0.01921074577109202,-0.0180498639825765,-0.05355103827382824,-0.04647532439672827,-0.011699414429889076,0.0017988764267740454,0.026337380174082502,0.03164470767295126,-0.010910997646354434,-0.0005134877344644706,-0.0032730900264709957,0.011869279678031463,-0.0075421059516226335,0.0012234552961565524,0.016627689589172316,0.02343963284210389,-0.0010283989413011783,-0.00012980328018408617,0.0013637618648683501,0.0013239334714718997,-0.0004351367217022221,-0.0004073597662368361,-0.0007988023335839051,-0.0005494081873012791,0.006962075362425564,0.00798699405883227,0.005967895877956306,0.027282922333630034,-0.1109550559518264,-0.04020602541142422,0.28355534721734366,-0.05996257146784677,0.007308256100134728,0.23000000000000093,0.2624999999999997,0.3199999999999996,-0.05749999999999996,-1.2145000000000001,-25.008491897582942,-81.89392776489252,-30.695357131958055,-0.20650000000000057,-0.10089397184648681,-0.04990148736250717,0.007068971546866333,-0.0023270975805839405,0.005547708750571664,-0.008917545685079754,-0.0010160026953123706,-0.006590448104495384,-0.0065637114458835955,-0.0026299130590536437,0.004802164913402764,-0.016320450828423066,-0.008601278780929889,-0.012887412516563133,-0.006776567648661658,-0.005480935512107099,-6.501158093732214e-05
-2,-0.010990058643090054,-0.0037643717364946087,-0.011861692312917426,-0.004202149621186721,-0.015317999311217563,-0.005096284685285454,-0.0075327915807455485,0.00331369241815735,0.008505785143667071,0.01484105294131909,-0.006608711848260381,0.0016369711737951715,-0.012284682640568648,-0.008057468900751904,-0.018412128510392096,-0.006130127109489573,-0.005338855204666544,0.0034324420625615843,-0.010877101397532878,-0.0035906781734094603,-0.004815153961454634,0.005167777458702282,-0.015555213790942903,-0.0038914705990123516,-0.002070097383101894,0.013235474502261597,-0.0026780450616359164,-0.0023880076998764846,-0.010910588842637205,-0.008507329106514926,-0.016100061713173096,-0.006508842788013553,-0.00032207529946339116,0.004430834674559238,-0.008173662973584956,0.00023562710160186903,-0.004396262952180989,0.0006885041408116886,-0.007578550069728924,-0.0046976142849238945,-0.021230307812194652,-0.020094917472326543,-0.04521954790070293,-0.0382992074636261,-0.012590758020060036,0.0006111279902143068,0.027544508996447142,0.032735294511686865,-0.010386093793434569,-0.00021689962618113906,-0.002107741142824968,0.012702121889989525,-0.00789766937424934,0.0006754115911927012,0.015578536640478462,0.022240898511964428,-0.0016349020818472492,-0.0007560384084112166,0.0013430784095015587,0.0013041245956316532,-0.0005140803816420551,-0.00048691337185833303,-0.0008069522934837165,-0.000563034517091481,0.008878884763969306,0.010778832641011017,0.007034842321483471,0.028473263273634013,-0.14442159027574358,-0.05901630432907523,0.27416574098184804,-0.061317922986646185,0.004207794528373674,0.22833333333333428,0.29041666666666655,0.3699999999999996,-0.07958333333333328,-1.8914166666666665,-92.64687938690182,-50.108766810099226,-126.25027599334723,-0.24324999999999977,-0.13343153163265292,-0.05032786434355559,0.0069137461596136,-0.002917473641520754,0.0047844122224650855,-0.007742575428183457,-1.4540007706612644e-05,-0.004825101786662181,-0.004798952230171166,-0.0030309951158944072,0.004237884126206598,-0.01526139431833875,-0.007711725212312888,-0.01207635516763708,-0.006099696475867814,-0.004946441457805078,0.0003505558538453649
-1,-0.012436675741863513,-0.0034740456380439565,-0.012205341237767004,-0.0027045631390460612,-0.01934249758615201,-0.006663641111564236,-0.012247781173096915,0.001206029553248058,0.007408580566679212,0.015266748601494904,-0.004595755350668669,0.005632062133724667,-0.01562936727656481,-0.01038599683863747,-0.020981948279354692,-0.005747544005567907,-0.009745281482969478,0.0011344997686997607,-0.012187776448490605,-0.0031498099572925056,-0.0067549476989072835,0.005627725786293857,-0.022807023536390903,-0.008339497167403427,-0.0039333802326204665,0.01505141403112211,-0.005102116224366243,-0.004742358373889118,-0.0050865382335084355,-0.0021055720863859826,-0.026801584962152007,-0.014904785587618622,0.0025358607381323305,0.008431296641262371,-0.009867333605266333,0.0005634195333487637,-0.006043126490199309,0.00026393984241044016,-0.009397666918069036,-0.005824198799972755,-0.023810022003271782,-0.022401701414346272,-0.04574779138247016,-0.03716390830923459,-0.016103263241813295,0.00027215165125049276,0.02432922336973028,0.03076779331093446,-0.011257900294038805,0.0013558106172129397,-0.0035298729099772406,0.014840051772226984,-0.008993930943049346,0.0016399858785081768,0.01663205727470241,0.02489594773159664,-0.00074130184782472,0.00034882703798423155,0.0012968747029971275,0.0012485569957172396,-0.0004597855739767312,-0.0004260880358926914,-0.0008151022533835279,-0.0005125504221445749,0.008374568829957848,0.010412342266083865,0.006397976393573936,0.03166978862395759,-0.13914587208770807,-0.06156991550286144,0.2047953479783045,-0.07058651786268595,0.01361804543778232,0.216666666666667,0.3083333333333327,0.4199999999999996,-0.11166666666666641,-1.9483333333333355,-135.03232192993158,-181.7059605916341,-155.08456802368173,-0.30500000000000027,-0.12670919634584393,-0.058149842120821804,0.008575703633623966,-0.0030436020568055905,0.006509697856830786,-0.00849639679952716,0.001089338618890621,-0.005452794742721078,-0.005420359237939661,-0.003207950175284271,0.005808255032391922,-0.018025880179671033,-0.008661387574576166,-0.014565614172094427,-0.007152259316902507,-0.006152188620080656,0.00041812478803496
0,-0.00897804272821627,-0.004143874822084455,-0.007090696750528182,-0.001966268314220875,-0.013572037084546754,-0.006733450604247466,-0.00868864819533308,-0.0014320751497990483,0.009611788370618253,0.013850243296779705,-0.0019392594392917575,0.003577311752434348,-0.014409707808401073,-0.011581594542833352,-0.01280144629288189,-0.0045844756764115814,-0.006772203661333212,-0.0009039832011203028,-0.008762870830925033,-0.0038880687870668277,-0.004246022481856133,0.0024328119741991944,-0.019238710901679404,-0.011435370716495398,0.007073697238191661,0.017313513237647918,-0.003900001685626369,-0.003705959330356756,0.00029328562974063454,0.001901127380516841,-0.02150084109208382,-0.015084072235635177,0.004413801998363151,0.007593619385161586,-0.004198432090253209,0.001427596371859479,-0.0035445660484711298,-0.00014272782757288852,-0.005915834226045548,-0.003988415076757613,-0.02581805395231641,-0.025058449002244115,-0.03299300045172065,-0.02836311708244721,-0.009904931321710254,-0.0010725345577395897,0.02614853069686042,0.029621297932662088,-0.00612054104869514,0.0006829079119410602,0.005670396211210387,0.015578570408751524,-0.004513608320005553,0.001222000404194853,0.022713053774340852,0.027170342936534683,0.0004559492956554091,0.001043931396030057,0.0014166027932710423,0.001390541703264576,-0.00040548792580690906,-0.0003873125068467874,-0.0004972538403880393,-0.0003340666581017312,0.00855911110304129,0.010545399493730213,0.006632457093258601,0.03114626858279917,-0.14383545212397134,-0.06561941326823026,0.2080641386147325,-0.05834166535182622,0.03244130142705497,0.21500000000000036,0.30624999999999936,0.4199999999999996,-0.11374999999999974,-2.0552500000000014,-87.26012592315668,-121.42778816223142,-53.798666572570866,-0.3067500000000003,-0.13485740939575444,-0.04936362262360932,0.004625471630308134,0.0012602090846684966,0.006412966177753437,-0.0038638914413358623,0.00130636036863655,-0.0051241005260038745,-0.0051066058091163965,-0.00043517126562983436,0.004427893409043293,-0.013187015372501117,-0.008136095153282645,-0.011223198153026172,-0.007224661819091937,-0.002546733144873935,0.000997092478053897
1,-0.010335688882002429,-0.003628761904881506,-0.01147867017344866,-0.004369035591207507,-0.015071771412653898,-0.005583913100592395,-0.015202900703330946,-0.005135127621058194,0.007446178063569193,0.01332661255355155,-0.005596562843241446,0.0020571307945126123,-0.015507377971628334,-0.011583652208787095,-0.015670153963666188,-0.004269924809873138,-0.010693238081469547,-0.002551666072277995,-0.01009191501210326,-0.0033286122119242506,-0.006497223280200382,0.002768994993315411,-0.023300341069269304,-0.012473982983262993,0.0012350594481226876,0.01544178530065143,-0.007823301783589096,-0.007554087322583081,-0.004016196874908195,-0.0017854764236090357,-0.01781666213796903,-0.008914033808763606,0.003714738392380372,0.008126418629383512,-0.010038360715310085,-0.0022328060057329735,-0.00456722023460175,0.00015249181896657082,-0.00950546584047946,-0.006831363546229067,-0.02810225333337374,-0.02704837704473008,-0.04247120777869354,-0.03604770527045095,-0.009021302902673814,0.0032327687967743353,0.02961348632335686,0.03443160532777043,-0.008287349569199876,0.0011517589304609179,0.0058241155952483145,0.019570721445494113,-0.00580521610527716,0.0021523703148708384,0.033608265083708996,0.03979231030249983,-0.00020279346933916188,0.0006129731915715641,0.0012683078124460113,0.0012321506431023821,-0.00045778588059398065,-0.00043256929521441785,-0.0005054038002878507,-0.00027899782175158384,0.007760664373210933,0.009778820628757562,0.005802569894254466,0.03671244232704255,-0.1881199968148895,-0.09714816303836588,0.2711514244620707,-0.0737240963399034,0.02009359419856841,0.1533333333333341,0.2241666666666669,0.3499999999999996,-0.12583333333333327,-1.6321666666666663,-123.25242576599115,-131.64871546427406,-143.43293113708503,-0.46850000000000036,-0.17778430793288635,-0.06338840745790034,0.0064173816593898,0.0004469164479197833,0.007595854222779982,-0.006809592828271364,0.00036361712557145525,-0.007256509276190671,-0.007232237097208041,-0.002828691220558198,0.003918327147727582,-0.0178265446328338,-0.010818895387843308,-0.014204653980305819,-0.008657082665489667,-0.004755600842638214,0.000161104603707309
2,-0.010791333286068386,-0.004536342503087355,-0.013124645585239937,-0.0064940830438580555,-0.019997730483927743,-0.011149197244394803,-0.004492763994573112,0.004896607329966541,0.006414500519687533,0.011898690769594326,-0.007908927710213334,-0.0007709667150776838,-0.017760989674353495,-0.014101658274855738,-0.014242299749693186,-0.0036102579033903265,-0.012747001133453681,-0.005154036717680326,-0.010688534599666587,-0.004380966793733879,-0.010091163513558432,-0.0014493354316889324,-0.028783949229542603,-0.01868710901162641,0.0016597113163431144,0.014909138299377267,-0.007654706102579722,-0.0074036322534112185,-0.0035593981489164908,-0.0014789914425543498,-0.014356083896273639,-0.006053345796776697,0.004988997133967393,0.009103402928759557,-0.008516209643000962,-0.0012366205061266075,-0.00449371426419007,-9.20329138338296e-05,-0.009937532469592171,-0.007443620539382845,-0.02785231085425877,-0.026869448435396102,-0.03194164810250552,-0.025950983656541853,-0.009232573908675074,0.0021957755866313417,0.0295594810926346,0.034052938389354664,-0.008666944091487012,0.00013612426848503873,0.008909369413906642,0.021729680889471754,-0.007430476337649966,-9.099918524635084e-06,0.04011587806294114,0.045883220689009095,0.0005463247364936671,0.0013071221870199884,0.0015284209755663802,0.0014947002027363516,-0.0004567860339026054,-0.00043326863022943645,-0.0005135537601876621,-0.0003024038082369302,0.008056806063240175,0.01025447886331641,0.005924167389399831,0.03635382160458523,-0.24926407362123426,-0.15679677739606598,0.2840511081594599,-0.08608144277198727,0.020685302039718457,0.13166666666666793,0.20208333333333317,0.32999999999999957,-0.1279166666666666,-2.3490833333333354,-106.80334987640374,-154.16486981709795,-117.7313344955445,-0.6052500000000002,-0.23847274033516508,-0.07529010948591815,0.005984956041311468,0.00143722933251717,0.008104446679954417,-0.006750777425792849,-6.092344367371772e-05,-0.008188006758309567,-0.008165370123627676,-0.004095253492198061,0.002197127183809765,-0.017444011081016883,-0.010908561748214458,-0.014613584492500269,-0.009439827932979676,-0.0037804833561863923,0.0008049172832470804
3,-0.008712022629623244,-0.0041623811305055445,-0.012054167735529515,-0.007231349677532415,-0.01744431810960229,-0.011008232841109649,0.0008025911124238229,0.0076320613564059385,0.008457031308081474,0.012446021926248508,-0.004176504576732923,0.0010153757456031372,-0.013862651872796457,-0.01120099391488577,-0.010199483785129084,-0.0024661424449773134,-0.010587847658612915,-0.00506501521874436,-0.008567785505449213,-0.0039799014870664385,-0.008058492722655282,-0.0017727568944761333,-0.025392074312784504,-0.01804801820475947,0.009745030940832542,0.019382158305681102,-0.006573079213768549,-0.0063904576811152514,-0.0029981034851802556,-0.0014848950705393877,-0.01030631985755015,-0.004267225137130081,0.004544276903868714,0.007536938603567585,-0.009291090706655838,-0.003996195480948452,-0.0034408554079853907,-0.00023924043647154407,-0.013642924443674083,-0.011828948115571876,-0.0276023683751438,-0.02688747177434503,-0.035180502746750206,-0.03082312213400759,-0.0069682999082492335,0.0013442452151964848,0.02903611035132184,0.03230447964249571,-0.005086225397631947,0.0013167904531781879,0.01087288651951937,0.020197891646552953,-0.004791136410509173,0.0006068894713026698,0.041412652120012286,0.045607596966707006,8.643624930959614e-05,0.0006398112699020119,0.0016800639113768465,0.0016555367085762849,-0.0004824340227423096,-0.00046532836113301156,-0.0005217037200874735,-0.00036812130609806016,0.006972744675302418,0.008639311283979958,0.005355641952512996,0.04156752608938001,-0.27098594825381855,-0.1576030290753142,0.2581444096619564,-0.07924005571067784,0.017678811260610404,0.10000000000000107,0.18000000000000033,0.29999999999999977,-0.11999999999999972,-2.896000000000001,-105.2389022827148,-87.70763549804684,-115.83195343017586,-0.5819999999999999,-0.2622739256241946,-0.07052803308105386,0.0043532285371280345,0.0031478369476887567,0.007997316312242111,-0.004242907390575352,0.0006230369978481081,-0.007390744338263664,-0.007374279314393555,-0.0014771652994249249,0.0030996721804486763,-0.015510247738378266,-0.01075661139717038,-0.013440815293775315,-0.009677622290586088,-0.0026945475085345706,0.000640697860013343
4,-0.008094415948184603,-0.003990448341859424,-0.011133955900826394,-0.006783571571630664,-0.015458807081007235,-0.009653188010018281,0.009411409388568857,0.015571878220036061,0.008554328667958914,0.012152565645986145,-0.0007485387487534113,0.003934755234501399,-0.014997636596592319,-0.012596709393756355,-0.009410689601019881,-0.0024348911002384527,-0.011941927612349648,-0.006960100927153053,-0.00812835334270414,-0.00398988937874758,-0.01083581577375033,-0.005165818208938369,-0.025544583879101104,-0.01891993699819538,0.008756785841103669,0.01744987924880147,-0.005618727974114676,-0.005453995686005396,0.004694844481061614,0.006059821988961768,-0.01766991828296006,-0.012222401350265534,0.004354410720044135,0.007053917192067478,-0.004696039322730815,8.017842748159545e-05,-0.004307374116594111,-0.0014193830224460097,-0.010801665727817595,-0.009165382937049169,-0.03240152498160723,-0.031756658239443236,-0.04372506236256209,-0.0397945221460213,-0.005348643111263193,0.0021496215144997987,0.03209581094616848,0.03504401723870532,-0.005177456014397147,0.0005983330537321606,0.012529635544314298,0.020941181591971798,-0.00437959535829808,0.0004896505726960106,0.04225148548005453,0.04603550181727462,0.0017525101198379248,0.0022516776166838235,0.0013467147264172154,0.0013245901599460343,-0.0004547863405198548,-0.0004393563157271468,-0.0005298536799872848,-0.0003913158958484672,0.00586688337745806,0.006618920437326206,0.005136540396788261,0.04321388755617289,-0.3031792529103871,-0.17786527519456882,0.3555264918688631,-0.07078539155965641,0.01646232067407515,0.09833333333333442,0.1579166666666666,0.29999999999999977,-0.14208333333333303,-3.312916666666667,-98.04710483551018,-123.42294756571448,-127.53804111480719,-0.7637500000000005,-0.2950848369622019,-0.06269097561147118,0.0039267948700504015,0.004601505892481243,0.008975939839316164,-0.004007465553912855,0.0003818205355828413,-0.008608971446393561,-0.008594119303732781,-9.620867632638831e-05,0.004032290846209355,-0.01822815485500525,-0.01394017533830034,-0.01543280946355156,-0.012038251412234073,-0.0017301836184573493,0.0012783477030371352
5,-0.010653309025221061,-0.005191281868829593,-0.011886100359607372,-0.006096113784132397,-0.01981745429456148,-0.012090675706803476,-0.00034896175672170966,0.00785009127715619,0.006457109683170354,0.01124605296304074,-0.0081692940702613,-0.0019362334392569727,-0.01844653250269478,-0.01525110533553162,-0.01660358518260848,-0.007319398633460556,-0.014606107955120082,-0.007975726028849238,-0.010556589530395167,-0.005048650695293372,-0.01222458143836718,-0.004678303385893068,-0.024056963975578605,-0.015240129966157319,0.0036205964447230954,0.015190354498542098,-0.005998442059034802,-0.005779197582104568,0.005361781758080884,0.007178449171469686,-0.02169004567319277,-0.014439870166100273,0.008404304038820856,0.011997114478240712,-0.009768349593540991,-0.0034116154379663557,-0.006034014797570332,-0.0021903475718978486,-0.011233732356930306,-0.009055980996286406,-0.032151582502492254,-0.03129332045078289,-0.011673031039679871,-0.006441820791103295,-0.008241728196351954,0.0017378157329433403,0.03218831223119132,0.03611212069587356,-0.008858416252880483,-0.001171338827832315,0.004594130134929325,0.015789172919558506,-0.006606577250432186,-0.00012603060448699037,0.039878214329092374,0.044914413923424025,0.0015879918562667539,0.002252340770512111,0.0013388279447653227,0.0013093820537444657,-0.0005070814548024282,-0.00048654542174220833,-0.0005380036398870962,-0.00035362178999474484,0.008462749786650002,0.010967523884398055,0.006032621234379427,0.04531223644531947,-0.2512548777577487,-0.13059953936592714,0.2745020371157878,-0.08414111790071298,0.013420894726907395,0.11666666666666727,0.20583333333333306,0.32999999999999957,-0.12416666666666636,-2.579833333333333,-139.59760169982903,-115.41046117146806,-194.671725845337,-0.7255000000000005,-0.24060156873252692,-0.07348780887549129,0.005226225515215368,0.0013635843113502296,0.0071855788550273985,-0.006522359130720157,-0.0006805976652917731,-0.007885943442069958,-0.007866176520318735,-0.004121831137437352,0.0013728458849847107,-0.013747334095071635,-0.00804040294624989,-0.011721757429446906,-0.007203893245609999,-0.002872273640949928,0.0011318222377627982
6,-0.01076495617787282,-0.004951007380372279,-0.01118937455418855,-0.005026335718206907,-0.017481578208610828,-0.009256958705157574,-0.0018947165057850753,0.006832606365756704,0.005272111291227595,0.010369609019835595,-0.00895492920100759,-0.002320268785969127,-0.0186389202637488,-0.015237609833739413,-0.017524389724815577,-0.007642017543632555,-0.016459343155841515,-0.009401761799420873,-0.010771975370177794,-0.0049091567773455365,-0.008255591052150128,-0.0002231018402561206,-0.020449693874337305,-0.011064786033508757,0.008320129365317421,0.0206353337753982,-0.006179225683505729,-0.005945855155218335,0.0029801213707602537,0.004913837740363242,-0.023865695131452182,-0.016148386527117732,0.004229410687425776,0.008053708029021668,-0.009624300587539568,-0.0028579982895754947,-0.006859859271685552,-0.002768542292687883,-0.011665798986043018,-0.009347733816840238,-0.029941129662895985,-0.029027569279433403,-0.017501776849128858,-0.011933516629368705,-0.004294579911846514,0.006327951936871341,0.03125214381641536,0.03542876558186502,-0.008867316754246974,-0.0006849563829047971,0.005060030457672253,0.016976376472081754,-0.003627845866913992,0.003270246233424669,0.028082307915827418,0.03344299282951822,0.0016157217599142828,0.0023228750677439292,0.0014712969651297532,0.0014399538579297614,-0.000612663009757353,-0.0005908038279376169,-0.0008721519726822076,-0.0006758902911180358,0.007560815478347645,0.009823010969400303,0.005366158142358392,0.04607999440950255,-0.25391173019093927,-0.11903583675367115,0.24465521896771839,-0.08484670930717216,0.024966683113734144,0.10500000000000091,0.19375000000000003,0.3399999999999996,-0.14624999999999969,-2.856750000000001,-94.84942302703847,-49.99029045104979,-130.57414836883555,-0.7772500000000003,-0.24314677401306573,-0.07408175312929871,0.005562954317079435,-0.0013263922566792838,0.004870716839832248,-0.00526899742272126,0.0009491521900043449,-0.003942605166041555,-0.003921564649827473,-0.004815924695884215,0.0010327776178314537,-0.012334547959450118,-0.006259915860397893,-0.011827162882520652,-0.007018210036478304,-0.004531263008847807,-0.0002691808637823505
7,-0.013847094353919879,-0.003131752835382297,-0.014992244610221427,-0.003633516107496346,-0.02548215468040757,-0.010323850073835511,-0.01311936169005334,0.002965445446761749,0.004620292196117236,0.014015185573142932,-0.015310577354623678,-0.003082631309205693,-0.022977473854783964,-0.01670872190365172,-0.028300599966238273,-0.010086990486189999,-0.02116793882617695,-0.008160532472439818,-0.013706832607325522,-0.0029014220900472763,-0.011208919869147377,0.003595280881023577,-0.032835756277471206,-0.015538993588795388,0.0004490056996315477,0.023146422846020403,-0.006308373538858755,-0.005878262267146834,-0.0011186524235030759,0.0024452646356204117,-0.03534086564303069,-0.021117555431743183,0.0033404664403524974,0.010388800285544317,-0.012079419279106345,0.0003911480522606498,-0.010376109356493272,-0.002835647577848343,-0.019510425468303928,-0.015238138109854405,-0.035839892972496915,-0.03415616443487784,-0.019129490248485242,-0.00886696266233453,-0.013362864205516273,0.006214889317096104,0.03143300612468753,0.03913068805642222,-0.013588803730631809,0.0014916155954503676,-0.0006160460978682199,0.021346258979939796,-0.007031139886978398,0.0056823213518326,0.019343774784626462,0.02922373273130869,0.0002540319504607117,0.0015573439443014152,0.001520828099797607,0.0014630614923509726,-0.0009180214314743777,-0.0008777340800248815,-0.000880301932582019,-0.0005185837582034152,0.010672119136280887,0.013746435812847051,0.007688871080688758,0.03815707397275243,-0.22662736060576705,-0.09986267149637786,0.24792400960414637,-0.09823577885941283,0.01557856347254969,0.13333333333333447,0.2316666666666667,0.36999999999999955,-0.1383333333333333,-2.5636666666666685,-52.087252044677655,-142.23480784098302,-31.622231292724777,-0.5590000000000006,-0.21278026625184643,-0.08438868450549232,0.010252748594063202,-0.006033308218970297,0.00538821314449691,-0.009747383276124963,0.0017129166051470534,-0.0037140750571542512,-0.0036752965393494256,-0.008179126504142079,0.0026002671428516713,-0.0174789045344713,-0.006283113204351782,-0.0155882717771599,-0.006725178226346386,-0.007814425374671986,4.0763474612565695e-05
8,-0.012795324376529037,-0.002279027865448531,-0.014739907071061105,-0.003592174941677597,-0.025443405975850816,-0.010566677541931024,-0.012461373544405406,0.003324646983419741,0.005156058169784076,0.014376434792579084,-0.012426601864969467,-0.00042579852028428247,-0.024033162657930728,-0.01788085718465465,-0.02569857452615617,-0.007823295656336663,-0.024064614544106484,-0.011298829914716424,-0.012772973196911348,-0.002168280782109593,-0.008791048844988426,0.0057381534607917435,-0.03329651302445061,-0.016321049871808675,0.0031473652308035747,0.025423161884990338,-0.006766428717824582,-0.006344307065588359,-0.001445114915624406,0.0020525998767414234,-0.0335246956066988,-0.019565593389358312,0.0034370738398751014,0.010354479925055813,-0.008876679019259422,0.003362238750292704,-0.011082523495282793,-0.003682131099248173,-0.02456316844223654,-0.020370241827226708,-0.04003810906482414,-0.03838565696937411,-0.017456775231693627,-0.007384881315629858,-0.013228296655415334,0.005985786321637708,0.03240721221771107,0.039961904291879985,-0.011066265586042543,0.0037340243412684465,0.005158632218366908,0.026712972027832876,-0.005301674781511405,0.007175624970266584,0.009703677620825708,0.01940010839762998,-0.0007376206684382592,0.0005414813881751404,0.0019149317481211758,0.0018582381960494069,-0.0009303393806877462,-0.0008908003951354841,-0.0013772502728860304,-0.001022251268082376,0.010661475137794928,0.0126712094591101,0.008712021730229023,0.041680331846068806,-0.2583281009213364,-0.13372260701008767,0.28756044441144923,-0.0903910442808681,0.023303435483793836,0.11166666666666741,0.19958333333333317,0.38999999999999957,-0.19041666666666643,-3.220583333333334,-105.50540943145744,-51.54542630513505,-132.28510608673108,-0.5907499999999999,-0.24553277654480665,-0.07759571990433843,0.01006229657563427,-0.00592862430806131,0.0052807342604982875,-0.008542995668590566,0.0027044210795230932,-0.002614371360528848,-0.002576313180974771,-0.006688622690571442,0.003890536135615453,-0.017200251608829684,-0.006212429979436572,-0.015707100565248846,-0.007008645212747765,-0.007003297708291865,0.000705975481619847
9,-0.020645375577873097,-0.0018467136016076663,-0.021211271701528783,-0.0012838716057413987,-0.03865619264851666,-0.01206293438052394,-0.02500085222677567,0.0032178332715168826,0.0036313030366691167,0.020113411851607255,-0.021026653476821255,0.00042567484833291695,-0.02609340951049369,-0.015095706008601696,-0.03446374244043526,-0.0025103523043586567,-0.03740835168374792,-0.01458856243029222,-0.020555212545039774,-0.0015985363179978123,-0.020243633996079674,0.0057283954767822194,-0.05419295782863621,-0.02384805519482136,-0.013182257374949399,0.026637385511009512,-0.007070409327066508,-0.006315835485896249,0.007871789915744463,0.014124215187491853,-0.05095857076440601,-0.026005637590695102,-0.00033516255895807727,0.012030215177477849,-0.014232885163302598,0.007645090401830982,-0.016058833500840412,-0.002830081820227511,-0.028726118642885552,-0.021230950544134593,-0.03923322761475207,-0.0362793466223698,-0.02613179689972821,-0.008127537606602477,-0.034523717940389,-0.0001771159128635992,0.012539338135401808,0.02604391196397687,-0.020568442577780677,0.005888176175892979,-0.006717346000622864,0.031812639129862985,-0.013376636549904512,0.008927464533882374,-0.008736854484715749,0.008596236528583543,0.00013176539186776995,0.00241825542855376,0.0019963692575859157,0.001895025317681973,-0.0010225591394787351,-0.0009518802627945088,-0.0013854002327858418,-0.0007508131149556259,0.01687331712482487,0.01896869933979515,0.014841010891719289,0.014355457473159985,-0.28023928149400346,-0.1640357121697808,0.28104122868171444,-0.12494205369924857,0.016058766328130483,0.19000000000000078,0.3075000000000001,0.49999999999999967,-0.19249999999999975,2.892500000000001,-169.7171688079833,-179.08398056030268,-230.39459037780773,-0.5325000000000003,-0.2595939059161296,-0.10429667812137475,0.017987103333476334,-0.013687052952205323,0.006350508985980808,-0.014163360996500968,0.005942232767538969,-0.0004763080442953447,-0.0004082762184415092,-0.012680242006008407,0.0062307910327774945,-0.026675713840202068,-0.007034165653649812,-0.023782587041564093,-0.00823345130589781,-0.010182322476887143,0.003598576590302188
10,-0.019585935437438355,-0.0002516135562284803,-0.021518200484360275,-0.0010229775693437126,-0.03967160192913131,-0.012320580038707306,-0.023039685558922836,0.005983079421768891,0.004790817156850457,0.021742576676303665,-0.022934420624944742,-0.000870817297027213,-0.027648730859131852,-0.01633765245748005,-0.03114112134748276,0.0017227670966411856,-0.03914957747485785,-0.015679547999103805,-0.0197825458303713,-0.00028570714928551283,-0.020233346240031223,0.006478745204060993,-0.059655030071950006,-0.028445462299685406,-0.010553562862095472,0.030400723869800174,-0.007857462284613535,-0.007081387181675542,0.0003823674296622335,0.0068129529093523475,-0.029847655588475724,-0.004183699160620932,0.0009016038686688438,0.01361932780247053,-0.015307910482499375,0.00719346872308439,-0.014320236228719634,-0.0007145368761544693,-0.04039079118424156,-0.03268205144744591,-0.0478255643551641,-0.044787513775946634,-0.025681077250031197,-0.0071637942196986736,-0.04461663338841966,-0.009291339494395583,0.012750710278786302,0.02664009121450883,-0.019056724016505613,0.008153764874555321,-0.007525228724994436,0.03210265200032497,-0.012635643846885317,0.010304003143386666,-0.006354163749791704,0.011472826345064552,-0.0028228598561416012,-0.00047121725502022706,0.0017204614425548846,0.00161622975003939,-0.001008242738312464,-0.0009355498969953264,-0.002370430765324453,-0.001717761356550069,0.016648892267417816,0.019106193721149956,0.014264385345761854,0.016805677019021463,-0.28318303310224313,-0.1609015745637245,0.30057054018992274,-0.12618456759297683,0.015633585703274173,0.19833333333333383,0.3054166666666668,0.5099999999999997,-0.20458333333333278,0.3055833333333342,-61.8106725692748,-58.518118921915615,-62.027878379821885,-0.4292499999999999,-0.263597097664804,-0.10659863215553766,0.0184996382188847,-0.012804447230948337,0.007804076541472525,-0.01609564586482027,0.004582848271495884,-0.0032911986338717415,-0.003221228269976418,-0.01257651296851087,0.006873381941015989,-0.02863434051064755,-0.008433114733857543,-0.02510663362851964,-0.009114431860778774,-0.007823039983401822,0.0063505399614850674
11,-0.018917618948851113,-0.0010555998916040874,-0.018830896553995852,0.00010362127082290851,-0.04288993538122175,-0.017621685620844707,-0.0222866672157065,0.004526022899012808,0.003953600149126897,0.019614488255298955,-0.023837570157087932,-0.003454103618351462,-0.027518822192340513,-0.017069079025259403,-0.035650175063519154,-0.005288861887354695,-0.04394837915861659,-0.022265585402219543,-0.01897821852902493,-0.0009660582775668162,-0.019959306382456073,0.004718667293827999,-0.056076277347622806,-0.02724330881933902,-0.010983415378344637,0.02685221467765517,-0.007691450996092162,-0.006974473779942395,0.0045811172467280035,0.010522015566989808,-0.027281150893142033,-0.0035714970653443812,-0.00014169735100683523,0.011607575711998424,-0.01714173682139235,0.0036461690929643614,-0.013355415808483255,-0.0007857863890580301,-0.03774952574895557,-0.030627804235680293,-0.04095125318588773,-0.038144549248906055,-0.020517316250950983,-0.003410118780649068,-0.03842058156028162,-0.005785298222460957,0.03648229564679714,0.04931400438173595,-0.018468048715944547,0.006670369590905558,-0.0066145800652956084,0.02999564940449915,-0.009865146053634925,0.011327653684791533,-0.010568868330593659,0.005900601804644952,-0.0015418107879839721,0.0006307549329729514,0.001712574660902992,0.0016162801805731561,-0.0010738238907602319,-0.0010066665875504389,-0.0023785807252242643,-0.0017756118965662469,0.01623092372728936,0.018862022578702606,0.013678585571884819,0.013702448968566643,-0.3224253954507051,-0.1981269345679922,0.32931841612733564,-0.1428354941504667,0.01309979392735772,0.16666666666666788,0.27333333333333326,0.5099999999999997,-0.2366666666666663,1.2586666666666666,-80.5338226318358,-136.55993855794264,-99.8546630859376,-0.4810000000000006,-0.3035077765018533,-0.12391787520161487,0.01709089630596427,-0.01461486664618925,0.004424324209656518,-0.014298133925327472,0.0048056990721470055,0.00031673272086196183,0.0003813748624906998,-0.012933862985603934,0.005034928248447907,-0.026029836590225734,-0.007366928109558958,-0.024496072278281385,-0.009721671888250651,-0.007286886444297101,0.005807379630326741
12,-0.01972253706821857,-0.0006829736049648259,-0.01981058511813263,0.0003721810415239418,-0.047398549107530295,-0.020464502996833014,-0.026009948200442667,0.002570354699448845,0.0031177139774891376,0.019811038065473564,-0.02611644929457522,-0.004389213223358269,-0.027388785012479575,-0.016250147909546857,-0.04247300377651155,-0.01011013666766862,-0.040377336205635724,-0.01726511543918946,-0.019756237928437358,-0.0005566352900786616,-0.018221610332798722,0.008083246047000288,-0.05922333396048931,-0.02848956683322109,-0.01502330626180241,0.025306618217318957,-0.007233765795096735,-0.006469522225271856,0.006034401539944074,0.01236695052194004,-0.02697327554558074,-0.0017005750015188692,-0.002731395226340914,0.009792442611544818,-0.01882057474567053,0.003337763158686396,-0.014293533066578776,-0.0008952573020240258,-0.04039534312841128,-0.03280412579261909,-0.03500803697968656,-0.032016302531332266,-0.015378926319263568,0.002856054332718092,-0.035698683966821784,-0.0009119363846886407,0.03273388369802848,0.04641151622198062,-0.021494156024956284,0.005301499560513689,-0.01071035951129768,0.028313380479150586,-0.01189108403503343,0.010698840110192925,-0.019130680566900413,-0.0015754690960664555,-0.002311815718540843,3.975278528235444e-06,0.0018705641391055243,0.0017679214947591622,-0.0007398747092223566,-0.0006682900953897421,-0.0023867306851240756,-0.0017440114470130687,0.0160127564181547,0.018959568631866205,0.013154094688050785,-0.003153212413443879,-0.31047250163186746,-0.18299274240554134,0.3604959948808401,-0.18954646682748139,0.006039455859435567,0.18500000000000072,0.2812499999999996,0.5199999999999997,-0.23874999999999963,3.6117499999999976,-133.50904788970936,-191.2653400421142,-111.64063053131113,-0.38775,-0.2907499645636481,-0.16982392975926208,0.018217604841781435,-0.017982418100104064,0.0023119216062351417,-0.014522404766527575,0.005840838581331434,0.0034600133335765653,0.0035289169750963995,-0.014240424128434797,0.004912950412383566,-0.025014829941522918,-0.005121578832131412,-0.023388085317858832,-0.007639690192091568,-0.00776781596587658,0.006189682855141685
13,-0.01607030861426063,-0.002309151643590281,-0.01649585543370211,-0.0019084299519466627,-0.04151161502512994,-0.02204459115665109,-0.019584305515105434,0.0010725774661548876,0.007241456839581678,0.019306830795259987,-0.019933700662398905,-0.004229984204199635,-0.029372974330655836,-0.021322341557030507,-0.03318356727385485,-0.009792773931073846,-0.042781996839747156,-0.02607725996268112,-0.016082072670731785,-0.0022052447596889674,-0.00896983944930487,0.010042427214895868,-0.04221620560635801,-0.020002871012073688,0.004147663030876415,0.03329677784349229,-0.007965453922879461,-0.007413084340011496,0.0013611401988713441,0.005938093905498655,-0.02244999581117775,-0.004183736717013224,0.0008432492764526072,0.009895058615200653,-0.013811705884768705,0.002203596498582294,-0.011344075497445098,-0.0016602517959085343,-0.040090037228107896,-0.03460336031149029,-0.03628874254170939,-0.034126417368770284,0.003295940370198744,0.016475571909196924,-0.02347012971297984,0.0016725630226346686,0.03428139000001292,0.04416712338421131,-0.017248376182495518,0.0021186236626078965,0.002087796148712847,0.03029284468502064,-0.007490385389812337,0.00883685303232696,-0.004211565511354268,0.008476751695587318,-0.0028086643563603143,-0.001134888406431746,0.0019902786700027064,0.001916092014228741,-0.000818792813477288,-0.0007670538589820002,-0.002394880645023887,-0.0019303447673612944,0.017897080961825445,0.022653439444721753,0.01328087867551885,0.013690525124795603,-0.34581622922015653,-0.20971405223142214,0.32954682820692677,-0.15712090857994906,0.013369579661947413,0.08333333333333447,0.18916666666666648,0.4699999999999997,-0.28083333333333294,0.8348333333333331,-134.70959968566885,-111.21431757609041,-185.73563423156747,-0.3795000000000003,-0.3297459206058952,-0.1410505999656878,0.013167072887003903,-0.011303734547229077,0.00336433254653798,-0.008982258959703978,0.005735609371819124,0.002321475587525269,0.0023712768252813357,-0.009587517479025861,0.004255898315823445,-0.014666106353196201,-0.0002879326255452175,-0.017608392759195277,-0.0062259817191478465,-0.0057968848839873586,0.0042911264595854775
14,-0.017089181231448487,-0.003616911689563484,-0.01739886539145489,-0.0031176731609445117,-0.04281075751811419,-0.023752404118510442,-0.0204635614115595,-0.00024032756488101743,0.005778191583347619,0.017590277616591904,-0.023162829389377193,-0.007788780435127796,-0.0312111325076897,-0.023329506352259666,-0.03425393736982045,-0.011354186034658965,-0.04616720073873629,-0.029813145748028846,-0.017133070971090212,-0.0035475587643491514,-0.007931259765354318,0.010681883130132172,-0.035655681413452114,-0.013908670481441858,0.0018737248412742423,0.03041091342940674,-0.009214393640178887,-0.00867361993030867,0.008733344154065414,0.0132142140509669,-0.02350249843157736,-0.0056197021984562,-0.0006739385352552718,0.008187846524916529,-0.011837040701989281,0.003842053066300719,-0.011933710407234017,-0.002453178837013882,-0.03818349733874211,-0.03281200201553237,-0.02990210019045762,-0.027785168625101043,0.00034994000398725885,0.013252892054788747,-0.020575003678768102,0.004039869493955555,0.03434452839148116,0.04402273096231078,-0.017503257933155155,0.0014571712434744782,0.004476523891990975,0.032089464950142234,-0.007511030720033355,0.008473450626011972,-0.001926203548746723,0.010495748312509278,-0.0012376483276299853,0.00040099010940136204,0.002148282803530636,0.0020756535453128793,-0.0005247292499725127,-0.0004740764493205422,-0.0024030306049236984,-0.0019482467107289575,0.012989482747567787,0.0185178599245788,0.007626329041240015,0.01817991205323948,-0.3968001676636823,-0.24661889145439675,0.3006585072088235,-0.15748639884673074,0.034252222189192355,0.11166666666666801,0.21708333333333335,0.5099999999999997,-0.29291666666666594,-0.9220833333333351,-135.83901500701896,-129.76491101582837,-183.92237377166754,-0.6112500000000007,-0.3797109864322331,-0.1403972176152815,0.01289065704209617,-0.011880705599041391,0.002479435337281154,-0.00706677409168778,0.007342122606959031,0.004813931507353772,0.00486268726967806,-0.011491273012492625,0.0020615284973002678,-0.013413295027363685,0.0006630382629125229,-0.017649013468020024,-0.006505552936694029,-0.005119389261931937,0.004756844855001198
15,-0.015300918490088945,-0.0037854382969156547,-0.017146148662492967,-0.004939238330565888,-0.039859343332326734,-0.0235691339948934,-0.022544386200412665,-0.005258490302968068,0.005408959809931959,0.015505391026141993,-0.02004681017728968,-0.006905775871887521,-0.03154686431039786,-0.02481001053823438,-0.02915558181919075,-0.009581921114971397,-0.049335623922200325,-0.03535692525245797,-0.015357256555177938,-0.0037449817083556945,-0.008836714065869066,0.007072949683011738,-0.036659792471201214,-0.018071441572363123,0.006729648479806969,0.031121932863207982,-0.009048187242773313,-0.008585958594093232,0.013404124762981383,0.017234167532355477,-0.020436047838761972,-0.005150651033061804,0.0018604217585293493,0.00943507055985441,-0.006792826411340457,0.006608946257645787,-0.010887520178734338,-0.0027839951432376935,-0.03688887384965482,-0.03229756517595009,-0.019782685368555448,-0.01797322903045459,-0.00012932019802409077,0.010899533427011075,-0.012287703068056861,0.008751965385482112,0.0344959068285202,0.04276839199988752,-0.01709042856140149,-0.0008839203736953397,0.009547615160764203,0.03314989500246576,-0.0063810606954588615,0.0072817433158672415,0.0016731467418113224,0.012290863391119927,-0.0006476079833923562,0.0007530252511744993,0.002306296098916061,0.0022442159288414334,-0.00041713948125753737,-0.00037384378257639974,-0.0014342999921847098,-0.0010455715073891926,0.01157032721216893,0.017424140194407148,0.00589084846795248,0.03404966572338966,-0.45097961508834516,-0.29650084641196506,0.30392729784525147,-0.13773708165412102,0.0405234490506383,0.10000000000000075,0.18499999999999983,0.4699999999999997,-0.2849999999999996,-2.3990000000000022,-96.83934097290027,-107.26562347412101,-51.75634536743172,-0.7930000000000004,-0.43567869659825553,-0.12243616316403143,0.011018344413593038,-0.008907658369662404,0.0033667337072839686,-0.0035823752621494827,0.008733691011828254,0.005325283107513076,0.005366957304544458,-0.009979589619148889,0.00160472561911294,-0.011287841811102869,0.0007439644627197608,-0.01833710777730477,-0.008812187077571034,-0.002600592526906216,0.005841160958139712
16,-0.013860774305865404,-0.0036426773583887783,-0.016446689416712245,-0.005615061806885836,-0.04129834315721348,-0.02684345847048873,-0.02153670167966223,-0.006198308738932923,0.004977874008059899,0.013936798105026644,-0.01862308251067617,-0.006962573329103495,-0.032061235802779524,-0.026083384787435056,-0.026266832235547547,-0.008898423855035892,-0.04439474343449436,-0.031990944738225745,-0.013935149156768765,-0.0036311628552755547,-0.007680116934849815,0.006437096056771028,-0.04268706893114031,-0.02619296113955709,0.007221620114355996,0.028865765423013636,-0.008647489413093939,-0.008237337420742447,0.015392383518994152,0.018790917290399285,-0.017523212973055882,-0.003959934341055246,0.0026229193686639705,0.009344175842268184,-0.004957949753276134,0.00693392189276485,-0.010736993502353659,-0.0035464462529131665,-0.04163208837667203,-0.03755805617334998,-0.01953274288944048,-0.017927147640715936,0.01838281808794642,0.028169113897559866,-0.006985322056028621,0.011683927371231596,0.033648298013726735,0.04098876962755534,-0.012563870270430225,0.001816743396052169,0.01440119519524773,0.03534434125240934,-0.0046250297589590685,0.007498464322066421,-0.0031983836605819324,0.006223095623259806,-0.000900692708716862,0.00034213919569180975,0.0024962310411228298,0.0024411450885010334,-0.0004694360157545012,-0.0004310181956452827,-0.0014424499520845212,-0.0010975172808233573,0.011253552889977272,0.016879157696050896,0.005795713253108245,0.02782574181270414,-0.5025053663106648,-0.3595519483007148,0.32018328400849067,-0.1340103758719016,0.044545101597341846,0.0583333333333341,0.162916666666667,0.4899999999999997,-0.3270833333333329,-2.1859166666666683,4.871743583679233,12.272024663289486,28.45626811981198,-0.85475,-0.48864459200479865,-0.12014960156603564,0.009776970610876104,-0.008472318441317617,0.0024191881315415984,-0.0016298600970308856,0.009298625479598156,0.006842458344286779,0.006879437348056621,-0.009168660936160653,0.0011105158058446972,-0.008823829994370553,0.001852421529387944,-0.015764604711879317,-0.007312802312479228,-0.0013559125406187944,0.006134756894776057
17,-0.023276021744559262,-0.006496306301992457,-0.026633830527547524,-0.008846601652446568,-0.04962771414899082,-0.02589052971581166,-0.0327639945110704,-0.007575951158705057,0.004111509147592439,0.018823465570728608,-0.02724826738432766,-0.008099885157386117,-0.039835343966569486,-0.030018776408917765,-0.041565111284601046,-0.013043464659663823,-0.05941471680819809,-0.039045736791653324,-0.02323188611506089,-0.006311126902078498,-0.014323229790148464,0.008859444836950617,-0.04762880337329141,-0.02054289523947415,-0.006695055787504677,0.028848020496042515,-0.009249565170447865,-0.008576031365157492,0.01637735629565842,0.021958280992229667,-0.02946403783557869,-0.007191010178562719,-0.0010473734846698085,0.00998998226007482,-0.01064138476496461,0.008886930862278822,-0.01552714871939478,-0.0037191440251606992,-0.04206415500578475,-0.035373956094285924,-0.02156903180736191,-0.018932392956896863,0.010458051248971034,0.02652868159884745,-0.012270861720444882,0.018386969627797605,0.04181896881665037,0.053873172796844594,-0.02379485773071196,-0.0001796379443453869,-0.00031965009696644127,0.0340722756322243,-0.014021489232974974,0.005887186706871895,-0.013151756990504387,0.002319787490187084,-0.001494157297212933,0.0005467673295661178,0.0023223938970626987,0.0022319341358539614,-0.0005483754152785362,-0.0004852873380494782,-0.0014505999119843326,-0.0008841664459135197,0.012536807115664916,0.018983661168947043,0.00628171165252881,0.015079546008301822,-0.5093089805857245,-0.353006145950629,0.3707049594954641,-0.15224037036579957,0.050876415260354094,0.11666666666666795,0.27083333333333304,0.6499999999999996,-0.37916666666666604,-0.15283333333333404,-52.462765121459924,-114.28403142293281,-10.5720546722413,-0.8465000000000004,-0.4860329588411645,-0.12896434862123965,0.01605531691313157,-0.016116915215147732,0.0017686442948895644,-0.00851057629821179,0.009435708527292447,0.007606338916935982,0.00766706423240295,-0.015470926660431516,0.001409091370449983,-0.014834605779964035,0.0026974712283851345,-0.021820431145213964,-0.007941247969744172,-0.0049855826354024725,0.007315269690264468
18,-0.02713348102126932,-0.006335353217838787,-0.033507584083417204,-0.011460663163962716,-0.05043024423774247,-0.021008470237781116,-0.035559035537516964,-0.0043389503963885325,-0.00013629452547112095,0.018098886576031557,-0.03350707937298515,-0.009773035601623833,-0.042613615272485646,-0.030446172543563008,-0.049837276665326245,-0.01448525572670503,-0.07203706127911792,-0.04679011051528443,-0.02715496409607042,-0.006182015308754811,-0.017713137053794212,0.011021332929923055,-0.05902684540976611,-0.025454394138629655,-0.00889662383793255,0.035158321289266506,-0.010807942939455192,-0.009973111013353277,0.01892486981682859,0.025842316390812616,-0.036501963361790804,-0.00889498293560192,-0.00012878976228668747,0.013551795953057933,-0.013399325781571486,0.010805637979065993,-0.0172395857635087,-0.0026037958077869674,-0.05459092651824226,-0.046298556336639256,-0.019626086666527737,-0.01635802458459569,0.014952183824099848,0.034871414578783635,-0.024731021460608342,0.013268758496281573,0.04059423773569981,0.05553518687198325,-0.030782856349191094,-0.0015122551340478675,-0.008733454708474213,0.03389466191067042,-0.02030832011962578,0.004368092779702752,-0.012346086154717042,0.006830589428802786,-0.003484542386770304,-0.0009548563876121297,0.002180510931781568,0.002068387834037347,-0.0006273084250303044,-0.0005491119921066523,-0.0025983511348177443,-0.0018962679761489465,0.02113484301335436,0.029145644435097193,0.013364041476259674,0.0253438426752495,-0.5262732638352909,-0.3607823561036945,0.3202483507757291,-0.16511810223126985,0.05409067902749624,0.08500000000000109,0.22875000000000062,0.6499999999999996,-0.42124999999999935,-2.1897500000000036,-59.24226589202871,-70.20185813903801,-54.285924339294525,-0.6182500000000009,-0.4991397828140209,-0.13798462120999977,0.019900250050534238,-0.019498333326232346,0.002670466484398715,-0.011090747391220792,0.011153320255525125,0.008407585935011485,0.008482853771126377,-0.02025895163990848,0.0006634992521896842,-0.016853075347229417,0.004877589843565598,-0.02566630496441571,-0.008463329951003512,-0.007008241092291851,0.008238423825001378
19,-0.026285560777921678,-0.005072945077876364,-0.03162146923043488,-0.009135173095811758,-0.05151791832614491,-0.021509794952087113,-0.03835999547984393,-0.0065177222482977505,0.0006456223343594195,0.019244214120255756,-0.036574895077872344,-0.012367853257170635,-0.04407925039634051,-0.03166932152676342,-0.049670200159883944,-0.013613645383485567,-0.07057882838326715,-0.04482872870060106,-0.026157076292653146,-0.0047661555844596346,-0.01696686331181096,0.012340258697918332,-0.05665011419998211,-0.022408594306751684,-0.007110636439161524,0.03782228394205248,-0.010123645286651418,-0.009272175914508818,0.01956642827230486,0.02662173330679526,-0.030903490328667516,-0.0027463277246939045,-0.0019589626689291663,0.011994264759708325,-0.016301810568231462,0.008385536251670073,-0.01825299917856342,-0.0033255311520375345,-0.05974769755697107,-0.0512900679295656,-0.023603288709304265,-0.020270097102678988,0.011144066253121863,0.031460269280297,-0.027598265277088602,0.011158815962638794,0.04126231762126375,0.05650102637511743,-0.029945941404045127,-9.200355182663604e-05,-0.006678069962546986,0.03679958650754541,-0.018103203080033187,0.0070649884339528376,-0.018469180311463197,0.0010896690908638266,-0.003826427200953175,-0.001246326845329993,0.0022810815167613506,0.002166723906979067,-0.0007062350460312109,-0.0006264802288476083,-0.0026065010947175556,-0.0018904260530083386,0.021319385286437804,0.02927870166274354,0.013598522175944339,0.02482032263409108,-0.5170711243223304,-0.36483185386906336,0.3235171414121571,-0.17838780650840821,0.04885129061833858,0.08333333333333444,0.2266666666666673,0.6499999999999996,-0.4233333333333327,-1.8066666666666678,-87.40370941162097,-130.23057047526032,-86.45673370361337,-0.49000000000000016,-0.490785563544408,-0.15210224573048578,0.020296844054740405,-0.021230712461420158,0.001379891500566631,-0.010694573834459195,0.011992797983613905,0.010536138626960989,0.010612906483047335,-0.020738277840478044,0.0006011385950697288,-0.017218413615631402,0.004945324099387983,-0.025777675168432258,-0.008231860405393665,-0.00651264304096993,0.009037874133203694
20,-0.029934715713921936,-0.0066258574485103285,-0.030607379276007658,-0.005898974762042717,-0.05396160615597516,-0.020988063221550328,-0.04343963149458999,-0.008450686986391773,-0.00064786611532884,0.019788648928536316,-0.03901661829880293,-0.012417423046214534,-0.04459032039078927,-0.030954035399108865,-0.05351431006035644,-0.013894626344485217,-0.06920353272864899,-0.04090879377185913,-0.029939879050509974,-0.006435095576170431,-0.020116148868316912,0.012087119354302414,-0.05545152932812581,-0.017826243259238275,-0.007577428697737903,0.04179578804396286,-0.010310208325512445,-0.009374596273078548,0.01629255178863063,0.02404506601853913,-0.03601351066149513,-0.005073841477238567,-0.0008201923509288452,0.014511900827870891,-0.018892641259779238,0.008234323001064633,-0.01984574479694284,-0.003443136018666991,-0.06307621805754018,-0.053782800732956354,-0.026161548019480195,-0.02249896855125732,0.014227562115793877,0.03655142370589188,-0.031303939392638966,0.011283138324321668,0.04064464917943869,0.0573892556680531,-0.036706102303588964,-0.003901981590636012,-0.011633230844611559,0.0361409119911291,-0.022148146439213295,0.005507179857721517,-0.02227594238642325,-0.0007842765305996718,-0.004980473812866546,-0.0021454064949011165,0.0019925323700902197,0.0018668738772537703,-0.0009183412203913356,-0.0008307049875003378,-0.003752955104677467,-0.002966117126249225,0.022753190511684847,0.03172655948740089,0.014048619407892303,0.02058487509651966,-0.5723608575464607,-0.38658537358325196,0.35242836266192257,-0.17223894964630138,0.051276103647575726,0.1316666666666676,0.2845833333333336,0.6999999999999994,-0.4154166666666663,-1.3035833333333344,-86.26009922027578,-202.49036191304515,-49.22162876129158,-0.41175000000000106,-0.542426141832538,-0.1423042339323787,0.022302589553163672,-0.02358604088364857,0.0012589556268090408,-0.013744587895802298,0.011184762713280292,0.009841452987846291,0.009925807086471308,-0.023199733376017707,0.00024845614460399683,-0.017564883520563186,0.006789087170097135,-0.025686466503593505,-0.006406764497680134,-0.008398644487403009,0.008688583504281568
