rel_day,EUR__cm,EUR__mm,GBP__cm,GBP__mm,AUD__cm,AUD__mm,NZD__cm,NZD__mm,JPY__cm,JPY__mm,CHF__cm,CHF__mm,CAD__cm,CAD__mm,SEK__cm,SEK__mm,NOK__cm,NOK__mm,DKK__cm,DKK__mm,MXN__cm,MXN__mm,BRL__cm,BRL__mm,ZAR__cm,ZAR__mm,INR__cm,INR__mm,KRW__cm,KRW__mm,TWD__cm,TWD__mm,THB__cm,THB__mm,SGD__cm,SGD__mm,MYR__cm,MYR__mm,CNY__cm,CNY__mm,HKD__cm,HKD__mm,r_DTWEXBGS__cm,r_DTWEXAFEGS__cm,r_DTWEXEMEGS__cm,r_SP500__cm,r_DCOILBRENTEU__cm,r_DCOILWTICO__cm,r_DHHNGSP__cm,d_DGS10__cm,d_DGS5__cm,d_DFII5__cm,d_T5YIE__cm,d_VIXCLS__cm,d_GPRD__cm,d_GPRD_ACT__cm,d_GPRD_THREAT__cm,USD_EW__cm,SAFE__cm,SAFE__mm,RISKY__cm,RISKY__mm,CARRY_HML__cm,CARRY_HML__mm,OIL_EXP__cm,OIL_EXP__mm,OIL_IMP__cm,OIL_IMP__mm
-20,-0.006995920042263719,-0.0015602494759905002,-0.004506209474487587,0.0008699291603013011,-0.0004649966464434426,0.00664658595122161,-0.00793970824547977,-0.0006409871749484706,-0.0073586867384345615,-0.002089498492856754,-0.006871563103591958,-8.806093471399809e-05,-0.0031298534994330376,0.00018581745540392205,-0.010234520068573675,-0.0016318083183121876,-0.005059023759840026,0.002159887430973737,-0.007025871142559318,-0.0015687165973951658,-0.009819299029686318,-0.003530502169810209,-0.0033308802868332295,0.004433060428367925,-0.017768179118290078,-0.007317059407799548,-0.00148847446192958,-0.0008295049675853682,-0.006083888576141336,0.00033875776060417456,8.268851314616497e-05,0.0025001356889763084,-0.011324402913867035,-0.005203919748524655,-0.0029103399727128665,0.0008207457304470352,0.001230952045389006,0.004258320919134546,0.001344012082802594,0.002495266544180749,-0.00013056410696122753,-0.00024819978167361613,0.0047556826034392515,0.005609349877878598,0.003927401450480797,-0.0006392122854115876,0.008610820629548302,0.03292278865404482,0.023599972901525008,0.057916666666666276,0.057333333333333326,0.008666666666666666,0.04866666666666687,-0.7809166666666659,-90.44453582763671,-87.32640075683594,-90.18581504821772,0.005227844216485297,-0.006964451429471667,-0.0010723423360332269,-0.0037256559093730413,0.000618099067307522,0.0032387955200985203,0.001690441403340668,-0.005334764143948159,0.0008120657862338409,-0.00523455283544529,-0.0010568059518772984
-19,-0.010738616792059136,0.0005441152783534258,-0.008133864499077074,0.0030252981194376027,-0.009498063125922586,0.005263332007902802,-0.014749264820074642,0.00040057056664555366,-0.009332740714433524,0.001604426738704107,-0.011786562261259317,0.002293841717855836,-0.004343205018705375,0.0025390786960568274,-0.02175020415267125,-0.0038936967404243038,-0.008267217135135752,0.00671695819576502,-0.010845236095089635,0.0004820899172620903,-0.020821633052284436,-0.00776808075360609,-0.01444939694796886,0.0016660872102701122,-0.03522850888607926,-0.013535291445545833,-0.00264772617582506,-0.0012799140252151811,-0.01697647808106147,-0.0036450966227845605,-0.0007783653406692702,0.004239490036458098,-0.01972011276034987,-0.007015926431527815,-0.005969237340635933,0.001775315940738197,-0.0020816099041628885,0.0042022499185261335,0.0005774430104480883,0.0029670829774453003,-0.0003377568654146551,-0.0005819313023162041,0.009248763616180104,0.008821080420205296,0.009663065282162394,-0.015785352907058476,0.1226639284350063,0.12626819574480044,0.06211462202261171,0.11583333333333255,0.14466666666666647,0.04733333333333334,0.09733333333333336,2.1981666666666664,-147.81027526855468,-173.11123657226562,-208.42869796752927,0.010851350331353895,-0.011123471716136035,0.0011066823044904393,-0.009327656843184283,-0.00031139601871537064,0.0017958148729516406,-0.00141807832320587,-0.011970363038523616,0.0007885108371214625,-0.00989108461446788,-0.0012194040608731506
-18,-0.017462481238346556,0.0011761693204118137,-0.01637166140085016,0.0020628570541510204,-0.02202593222164093,0.002359339354613664,-0.025903397161585212,-0.0008764368443874562,-0.010987746004653284,0.007080044756437033,-0.018705976373607776,0.004554323335280185,-0.013082142662895313,-0.0017128678804094427,-0.03138578191532983,-0.0018875008447788322,-0.015343701052842678,0.009409595060269293,-0.017686543046290054,0.0010257750333891786,-0.027155860432938255,-0.005591881218757883,-0.029311158795359386,-0.0026889828954012214,-0.04677679618019644,-0.01094041392402536,-0.0053194817453079395,-0.0030599073314036764,-0.021224245475609207,0.0007986970985512072,-0.009770506137128206,-0.0014811970987683287,-0.028662883522431105,-0.007676043797927108,-0.0096433630948152,0.0031503486980714746,-0.005691379914811582,0.004689321023967274,-0.003646076326070118,0.0003015193474018383,-0.0002893912273842827,-0.0006927582466831068,0.015340009119369355,0.015913770438529894,0.014783458082303892,-0.021664158953067662,0.1269334848009461,0.15251887218334886,0.04160256396859692,0.12374999999999983,0.1320000000000001,0.05600000000000001,0.07600000000000003,2.017250000000002,-140.80720977783207,-131.5685577392578,-195.34017524719235,0.017926024091909194,-0.017951666886081505,0.0022520892296936743,-0.016895854265695523,-0.0020013292689893183,0.001055812620385861,-0.0042534184986830256,-0.021223215736008973,-0.00014603423357487013,-0.015192972577025971,-0.0008676812746222602
-17,-0.013643283586903374,0.000922301168779777,-0.011663774611859948,0.0027422866070060978,-0.015235757986912572,0.0038206505666232137,-0.018539228777248083,0.0010186416022664752,-0.009066704752822246,0.005052769017501025,-0.017371007506994735,0.0008062669573948786,-0.00932746657518465,-0.00044269592438595483,-0.0244845849046351,-0.0014325022591897326,-0.009445031886270303,0.009898977562344672,-0.01388351601385547,0.0007396378515833039,-0.017427495231839375,-0.0005758478486901147,-0.024644564513306016,-0.0038400777169519404,-0.036802616962683415,-0.008797485290528085,-0.004309294870180319,-0.002543500585141259,-0.016820052062104844,0.00039026236608975026,-0.007501998647936241,-0.0010241351897608494,-0.02891794609053804,-0.012517317096634926,-0.006990532701818266,0.003007395682085489,-0.0036783445783084767,0.004433883228662946,-0.00383052872808075,-0.0007455929822305827,-0.0005986976589789103,-0.0009139177168217507,0.011585082256351607,0.012240618358888893,0.01094828617109989,-0.011385526593409849,0.10149188328356201,0.09612427508848248,-0.01185850926633987,0.07166666666666671,0.059333333333333224,0.014666666666666675,0.044666666666666896,-1.7436666666666647,-205.13327636718748,-321.541015625,-166.56152801513667,0.014008687078498191,-0.014965935702584574,0.0008227353259192679,-0.011575003666029163,6.465155210148106e-05,0.003390932036555281,-0.0007580837738178445,-0.01521113955165013,0.0012600890180791257,-0.013323199284716362,-0.0021283842975893252
-16,-0.010271844191418392,0.0006400222488725858,-0.008400354181978835,0.0023920045586880738,-0.009342555890863814,0.004933629271332805,-0.016676895352494656,-0.002025038045185576,-0.0069547678197937075,0.0036228927803991394,-0.013618786866816193,-1.2085456615675179e-06,-0.011118234450933986,-0.004462172760289875,-0.016985419915324474,0.0002841405737938124,-0.00041763619191082825,0.01407400633831132,-0.010467639281001789,0.0004873552895549322,-0.014810585764342193,-0.0021861063062101143,-0.011581507804093645,0.004004257209016216,-0.03143098589030349,-0.010450828788812025,-0.003190549186653199,-0.0018676972914103836,-0.01343540954960298,-0.0005422332311858053,-0.003352049476005376,0.0015008680044597629,-0.027010082278999474,-0.014723485062337234,-0.005427390228823832,0.0020625980575843233,-0.001786494548429871,0.004290813561589432,-0.002766896306242656,-0.00045580427662385357,-0.0013418652109171377,-0.0015780135858829835,0.009407630150045258,0.01020318783708919,0.008634716306756586,-0.008695657480421635,0.1677126679868638,0.12046696633609391,0.024928788182010837,0.039583333333333186,0.046666666666666856,-0.03666666666666666,0.08333333333333356,-2.964583333333332,-88.99904632568357,-69.44438171386719,-126.6299724578857,0.010494664304140588,-0.01145275677974554,0.00037538966425523096,-0.009615481323198203,-0.0008955867716443403,0.0018372754565472013,-0.0012709764358996515,-0.009481991052820188,0.0028574961202068637,-0.010788571662210953,-0.0024019309600149465
-15,-0.01124478970656341,0.0020914780389301117,-0.010014234624768222,0.003175973169519364,-0.012910954661305157,0.004537117009027621,-0.019771552705155626,-0.0018643419554400125,-0.00936484298027227,0.003562964985215239,-0.01812228041549135,-0.001479145024319584,-0.010572633149776724,-0.0024377259528567917,-0.02379406495650495,-0.002687549055661865,0.001086828185775746,0.01879822759783363,-0.011318195464245106,0.0020707826306404064,-0.013350961380222811,0.002078428185934926,-0.012515540653837875,0.006533073657064169,-0.03984992074398827,-0.014208386916660157,-0.008227905760574479,-0.0066111422894371535,-0.020657107707798116,-0.004899322143509014,-0.000445038317199011,0.005486101623013004,-0.036805623898456014,-0.0217891873374827,-0.007698514888748998,0.0014556009304587136,-0.001423287950783465,0.00600427804542528,-0.0010469192651523618,0.0017776517887663028,-0.001306261104525748,-0.0015948769864594843,0.010223279289158008,0.01136467495336359,0.009115051512301183,-0.022197995656344824,0.24942530869027368,0.11828663615453483,0.019666107132706445,0.09749999999999946,0.1240000000000002,0.0020000000000000087,0.12200000000000025,-0.32549999999999946,-130.1449066162109,-178.40399169921875,-139.2246315002441,0.012826371530933085,-0.013561755195433407,0.0008943718817501882,-0.011265613737969644,-0.0006083307618327534,0.0022961414574635217,-0.0015027026435831168,-0.008838076749515447,0.0062430008719939565,-0.015100103732859943,-0.004850117032440136
-14,-0.01100227644940253,0.003978775258405991,-0.007130046560463109,0.007686931380740395,-0.0193275063557084,0.00027246485686201194,-0.021159560626188696,-0.0010438239520532133,-0.0008275789927560308,0.013694636914691635,-0.02222758067341761,-0.003531819862867426,-0.012434569445921362,-0.003296370687392217,-0.024737557815409723,-0.0010279403934694768,0.005244081850471221,0.025139857450758526,-0.011105041923899222,0.003935220987886879,-0.02386491001992483,-0.00653258831480324,-0.020989338419472203,0.00040857300519562406,-0.04382177144326705,-0.015017824832002579,-0.005063016297562159,-0.0032468547130297277,-0.01729975606108305,0.000401463263862179,-0.001930087578435446,0.004732549662076583,-0.04224977732387495,-0.02538133880118671,-0.008638228259993965,0.0016448798062158854,-0.00781477191174956,0.0005288480856791705,-0.005268315130002468,-0.0020953850555119145,-0.0009260427039667757,-0.0012502540600566466,0.012352194620464059,0.010984869523173188,0.013676995420302481,-0.024751870318955912,0.1839602423353987,0.11485720578116405,0.049231159502706054,0.08541666666666643,0.13133333333333322,0.060666666666666674,0.07066666666666672,-1.4364166666666673,-94.74657745361324,-172.8936004638672,-90.31526222228999,0.014408269149620383,-0.014778299682239874,0.0014607254611417213,-0.015172500529778987,-0.0032008372145906497,-0.00039420084753935807,-0.004661562675732546,-0.013011184008711804,0.003929867863439666,-0.013474043250742335,-0.001959908734717266
-13,-0.008504805413235948,0.008589231559234425,-0.011444451029828197,0.005462370579711632,-0.020218972551582545,0.0021454541323197964,-0.019805964279665165,0.003146973414083107,-0.007153239926715993,0.00941724527591613,-0.017986346276886868,0.003346336685380115,-0.013274374956288299,-0.0028472894293983574,-0.025509357923896196,0.001544355307900791,0.0005277821156206945,0.02322973457801133,-0.00860798802403264,0.008553611528803816,-0.025303175374409848,-0.005526236223223916,-0.029602007393111834,-0.005186052080958045,-0.05280864913149623,-0.019942082889729748,-0.016506899275649238,-0.014434579262375671,-0.022332800902276486,-0.002134933389363134,-0.0018459185244082811,0.005756442748005418,-0.04341371112085929,-0.02416608302380247,-0.009733234379767832,0.002000242875642642,-0.007455996671273054,0.0020644396440191062,-0.003494148650514774,0.00012630370905717227,-0.0007755463640817033,-0.0011454857392329374,0.01317137873649421,0.01104288135764564,0.015234927112258878,-0.0398070521931337,0.24421874801647092,0.13822470703547318,-0.004055145171621637,0.22333333333333272,0.25866666666666643,0.16933333333333314,0.0893333333333334,1.2026666666666685,-144.51667480468745,-249.70596313476562,-143.35001525878903,0.01644046695496948,-0.01169971323805184,0.006829726591139422,-0.01882585553948223,-0.005165662695669348,-0.007126142301430638,-0.01199538928680894,-0.016912943902047364,0.0024175392111077166,-0.018250513949981825,-0.005112381530323971
-12,-0.004631406355046067,0.010116592026882879,-0.005263310323658084,0.009323166711732386,-0.026101718406462488,-0.0068066549244923625,-0.019309603334755437,0.0004932020828927919,-0.0032151969449306537,0.011081103533988858,-0.016523035549808825,0.0018818839151716932,-0.012438424803593836,-0.0034423847969842097,-0.02365117495471887,-0.000310397137853576,-0.01618399499843373,0.003402271178547609,-0.004772295918637157,0.01003399254582306,-0.021415571865570967,-0.004352881111425129,-0.021451476411873463,-0.00038644244612236287,-0.040868454916806504,-0.012512598044976947,-0.01848842558026502,-0.01670051718555299,-0.01378901655160682,0.0036368330518887406,-0.0005077326028900162,0.006051257056776863,-0.030808163165534724,-0.014202139176671137,-0.006375297025925199,0.0037478414612490112,-0.007986844670507549,0.00022697747105619118,-0.0030392041820317796,8.43660797389547e-05,-0.0010463045424170308,-0.00136547229166952,0.010377069490492762,0.008159436289254338,0.012526440921351675,-0.028220232144575187,0.10835217680791764,0.03505043797912931,-0.03637596218969513,0.1712499999999996,0.19600000000000017,0.2079999999999998,-0.011999999999999927,0.49174999999999935,-173.8839096069336,-203.5331268310547,-169.0830715179443,0.014184126338355876,-0.008642245941164008,0.007344156162625879,-0.01961103516397277,-0.007825609504613423,-0.010968789222809017,-0.015169765667239488,-0.01787236701986802,-0.0011948592939960423,-0.013361706969045414,-0.002026692543913953
-11,-0.0053396290371185845,0.011886599145252898,-0.005376705046113271,0.011660860003829,-0.030864715938581533,-0.008327341189406434,-0.02361461262130031,-0.00048417580259940566,-0.0040590592703872155,0.012639568423753031,-0.021141073546317984,0.0003565788246241066,-0.015897334771488775,-0.005389614748852639,-0.022271763375300443,0.004991161003646184,-0.011665747696339959,0.01121176297783845,-0.005410929581963575,0.011883383654152107,-0.022105705123628284,-0.0021758274056926587,-0.024565979635903692,3.878857508745129e-05,-0.05463954818112198,-0.0215188189722465,-0.0169542514281232,-0.014865905797829024,-0.016574056401950057,0.0037800047911486306,-0.003241986533303651,0.004419165142823587,-0.03750914870524956,-0.018112675297399614,-0.008020002434295966,0.003804211875049622,-0.013691823471413242,-0.004097763939011411,-0.004922574204399385,-0.0012741242466841858,-5.3036835742858394e-05,-0.0004258370174823816,0.012004817991858914,0.009859896296282138,0.014083235149004872,-0.031771131522432876,0.14799655258079086,0.07392077831373753,-0.04894768949839073,0.21916666666666607,0.27333333333333354,0.26666666666666644,0.006666666666666748,1.2108333333333334,-74.21846008300776,-156.76065063476562,2.3337440490722656,0.016567603992382975,-0.010630544055133376,0.0080421872080097,-0.021455501815455108,-0.007689672285444919,-0.010824957760321998,-0.0157318594934548,-0.01855869180684018,0.0009212773495951526,-0.015667700467802706,-0.0024279685475007066
-10,-0.005962021812306303,0.010932422927107227,-0.006088163534068158,0.010621251793715276,-0.03176053042754678,-0.009657233742957346,-0.02414759251093708,-0.0014626563487689565,-0.005529675453148777,0.010847330576029166,-0.02170513884901494,-0.0006215391101193431,-0.018548233715462614,-0.008242896216141483,-0.023762806955780817,0.002975023547722674,-0.012254149591727184,0.010182731875788685,-0.006172930553838392,0.010788287896330838,-0.018146297854682802,0.001399723143314881,-0.01663963927070252,0.007491232122958689,-0.04671995536649456,-0.014237143492386781,-0.01765619872912388,-0.015608075397987116,-0.01834252302037019,0.001619511524217361,-0.002531642645865286,0.00498195245239601,-0.0346976491972758,-0.01567475894764063,-0.008647313428742132,0.0029491621967607518,-0.016522132995039737,-0.007112858551393512,-0.006542556185524591,-0.002964376705804645,0.0011585283710152142,0.0007929084568608764,0.012018855904755382,0.011123257973051536,0.01288609733703027,-0.026167891118763366,0.15061686942456276,0.05251053951207925,-0.03412172809076232,0.15708333333333313,0.20066666666666666,0.23533333333333312,-0.03466666666666658,-0.4900833333333343,-162.20175323486322,-275.63255310058594,-108.65611763000483,0.01624850589174467,-0.011280030405053243,0.007033057237772868,-0.021527815181703696,-0.008027120553442513,-0.010247784776650778,-0.015060177791215622,-0.01639708010814384,0.0027076977314801384,-0.015751537809156696,-0.0027668079585970113
-9,-0.00831619505307702,0.011843375488006083,-0.007548796287277446,0.012389984903609975,-0.03928861950010942,-0.012913501786774194,-0.03037492693317865,-0.003305758467741972,-0.007936737518806539,0.011605390878389719,-0.0239086037254392,0.0012497440481723146,-0.02227639691641645,-0.009979385592773202,-0.03083649499872189,0.0010688554561172495,-0.01055073627844951,0.016222436894332018,-0.00854187528108441,0.011697374074723455,-0.01953626792063102,0.003787339051035837,-0.01869903693951665,0.010095517222031052,-0.05394362063041233,-0.015182977860004273,-0.01718687400142256,-0.01474291757623359,-0.020691000097549726,0.0031290217943991307,-0.0005688526023428209,0.008396866764992418,-0.04289454659128513,-0.02019517388043541,-0.011691574857132299,0.0021461080028959017,-0.02459639116713243,-0.013368621636206652,-0.008204133993652397,-0.0039344132219607695,0.00042701734344408667,-9.264556571467663e-06,0.014212376252430034,0.013945552376596934,0.014470996522358366,-0.04352865706248216,0.18482004056810447,0.09895833109401447,-0.01613080498929121,0.2449999999999996,0.3180000000000001,0.30399999999999977,0.01400000000000029,1.5390000000000021,-192.9489929199218,-230.29513549804688,-165.21235504150386,0.019388793521437866,-0.013588891353200211,0.008263497870300607,-0.024572039584644538,-0.008462116476186042,-0.010983148231444558,-0.01672561434648678,-0.017765609513753396,0.005031476893656442,-0.017855602162281287,-0.0023613624037775484
-8,-0.010155284398066438,0.013568120160082369,-0.012016256668019133,0.01144732712330586,-0.043086228084113665,-0.01204848417448417,-0.03385894153153922,-0.002004451712445252,-0.0107105502400754,0.012286259982106397,-0.028368502131181257,0.0012373697315991113,-0.024623585244284686,-0.010152692925799204,-0.03574818203212976,0.0017974360586512587,-0.016518001119450336,0.014988166990078659,-0.010380852254174027,0.013436316838917484,-0.03420066310206304,-0.006753879807919259,-0.01913115710671058,0.01475373424322304,-0.055324340188374406,-0.009711542658667076,-0.025827781774384044,-0.022951779684999746,-0.023720540978585863,0.004310414084423305,-0.000797623254220856,0.009753067162158239,-0.041318058589531664,-0.014605862467185161,-0.014105670089739066,0.0021782556003849592,-0.030124750816838325,-0.01691212218841625,-0.008605820227547903,-0.0035812928939547286,-0.000520951102759741,-0.0010343594610565815,0.018349576980879384,0.01654871853844203,0.020095809970156364,-0.060193166263426745,0.24965558421441417,0.1471029734459659,-0.015003687939824803,0.2629166666666667,0.29533333333333306,0.28266666666666646,0.012666666666666965,5.068083333333336,-191.83462982177727,-220.99131774902338,-227.00186882019045,0.022816368615894762,-0.016301546261140578,0.009413935576866306,-0.03193456455121098,-0.01297670914830031,-0.015633018290070636,-0.022390644725166737,-0.023618351643127155,0.0032088321248958207,-0.020474910967359476,-0.0022415801846993877
-7,-0.015832114018106056,0.011318052874705994,-0.019683021251075218,0.007169794679138087,-0.04820645571539551,-0.01268541888203141,-0.041545698596555186,-0.00508993978023839,-0.0061028753229777615,0.020215743238037192,-0.032309302779035216,0.0015730331273258616,-0.027684382681846923,-0.011123220873398187,-0.04611575421219274,-0.0031468036654912794,-0.020151009933125262,0.015906113327999682,-0.015902192281182545,0.011355283103801506,-0.03971002013617786,-0.008298645546990403,-0.02030820501196431,0.01847123969381233,-0.059442338942692984,-0.007240933265689511,-0.020919641895471824,-0.017628211421423838,-0.0290780681112874,0.00300185980378922,-0.0032138445350407907,0.00886085599695729,-0.040959504640977,-0.010388825756435537,-0.01713429455780593,0.0015017869149586954,-0.03413905593398352,-0.019017909579330708,-0.008920686461322687,-0.0031703838295829073,-0.0009959017703166685,-0.0015834701599108966,0.021677901391669235,0.02061549792131413,0.02270708062760906,-0.06394802467521843,0.24902664853762138,0.17708972089517122,-0.0513596641450989,0.17083333333333267,0.202666666666667,0.18133333333333312,0.02133333333333334,4.5471666666666675,-229.67578735351555,-317.03228759765625,-233.3335121154785,0.02611211279945396,-0.021347869692774645,0.008082123035277734,-0.03413012510722262,-0.01243387418096066,-0.012782255414448315,-0.020515997216238605,-0.026963404440778615,0.0037388716503558394,-0.02005478690115086,0.0008122843721848644
-6,-0.010191287229251274,0.01562822518153205,-0.020177789515118904,0.005358945375382975,-0.04910899338828985,-0.015328875019818767,-0.042438177962664955,-0.007769149189526394,-0.0031132876429542235,0.021915431379421403,-0.03561238764247868,-0.00339065597156849,-0.03009169129527696,-0.01434220715625167,-0.04409672848712711,-0.003233725460334878,-0.01836914284698579,0.01592078786368818,-0.010154856054783362,0.01576670556094061,-0.03519917197924298,-0.005327297554043516,-0.01561061447631624,0.021268214218072696,-0.05576512960044436,-0.006122162503451772,-0.014287951725303404,-0.011157837265623544,-0.031753434476163134,-0.0012457731343228154,-0.003440464727272526,0.008042443700997761,-0.03754648762135634,-0.008474105636313702,-0.016051920683177897,0.0016707894119046246,-0.03992186071120761,-0.025541815553084025,-0.007179099057565693,-0.0017106240109068687,-0.001368543110634996,-0.001927314236691262,0.019638548525552087,0.01877149459798603,0.020478423808492057,-0.035034386534645516,0.2837342809519539,0.15612957057038304,-0.05023254709563249,0.11874999999999955,0.15000000000000013,0.15999999999999978,-0.00999999999999979,-0.8937499999999989,-50.58414459228504,-109.77095031738287,14.650884628296012,0.024832334296838857,-0.018652843642171214,0.009334758256967933,-0.03217195209702796,-0.011539054248934142,-0.013519108454856994,-0.020873812505902197,-0.024817655149455574,0.004379874342866349,-0.018028325238609852,0.0018160318088318024
-5,-0.0018222376878338914,0.015426271752593644,-0.00905357511507189,0.008006027166672116,-0.03667432569096189,-0.014107799983296282,-0.03200232689783033,-0.008841972024738737,0.00013506996102201482,0.016855296488574666,-0.023891562394895635,-0.002366103893963554,-0.024597073127495997,-0.0140757618985362,-0.028154064246742487,-0.0008558766489984008,-0.014133132297028915,0.008773969284318197,-0.0018911826650043796,0.015425499893753298,-0.0222272184340832,-0.0022715624236648666,-0.004059979081172069,0.0205766141575683,-0.03800806124006383,-0.004844492037041367,-0.007189004768709484,-0.0050979579685825225,-0.02323969209987547,-0.0028593039543452457,-0.00023080270528726132,0.007440258284457279,-0.031663633855287074,-0.012242072086549162,-0.010376209470861864,0.0014632988638238838,-0.0346790063088701,-0.02507253734394576,-0.003674231110970199,-2.1062067094535734e-05,-0.0009374511810159236,-0.0013107335610036495,0.012073226295465839,0.010976345027250327,0.013136272043906754,-0.027692697850415303,0.22181088967160792,0.14342728211199757,-0.011622336791425582,0.14666666666666642,0.19733333333333367,0.19866666666666644,-0.0013333333333334155,-1.6846666666666663,-205.88698730468738,-259.6307678222657,-150.96818847656243,0.016589033353239954,-0.009201660915911382,0.009495222584127709,-0.022671905505312298,-0.0088882705685197,-0.013470244589401274,-0.018383493152647676,-0.016254350734945133,0.0032508147799212746,-0.012437612693627342,0.0008192441527110528
-4,-0.00762563632291021,0.013117230116162615,-0.015791611453368777,0.00472407732867283,-0.041902954586197035,-0.014764700677086583,-0.039499779793373,-0.011647393506122867,-0.003915183885983546,0.01619237537239318,-0.030483829323996195,-0.004597551308684302,-0.027730789042504634,-0.015077976673993056,-0.03154060954183106,0.0012878885567689587,-0.01744782583004094,0.010100000853142842,-0.007906983071529598,0.012917867604682167,-0.02488176817808632,-0.000883317253510187,-0.005873762984790799,0.02375393121278325,-0.04545629281756901,-0.00557415175505452,-0.005431435096341263,-0.002916765371244772,-0.021587589037552903,0.002921640049126829,0.0014191451645590037,0.01064427815972109,-0.03529541934682081,-0.011939264242606315,-0.012560614862851632,0.0016774467469861597,-0.0386334956397299,-0.027080862446772404,-0.005922782668242605,-0.001529522032117169,-0.0008763254768884783,-0.0013252307332462536,0.01528315669616489,0.016002798498675325,0.014583939374936851,-0.02637375359118289,0.28297271891963394,0.2455311018689719,-0.05494698231279298,0.12458333333333269,0.1646666666666668,0.14733333333333332,0.01733333333333326,-2.435583333333331,-167.63593597412097,-253.459457397461,-124.78083457946771,0.019949787799811852,-0.01533881623947875,0.007145848804053402,-0.02498673672578194,-0.008410689993958366,-0.009647920486303554,-0.015556538798012026,-0.018983536508855692,0.0044731595346057,-0.012962096440427732,0.0029804527934780994
-3,-0.009550843253734528,0.013262270404442339,-0.018705317108786264,0.0038579453667840816,-0.044830828247224175,-0.014984033797118632,-0.04512022209320247,-0.014488021095870805,-0.005380596429446108,0.016733803048429464,-0.03229434110569605,-0.0038244763314584256,-0.029636802778785873,-0.01572117315709011,-0.03812980117537924,-0.0020248462237394344,-0.023320911370647367,0.006976333371546517,-0.009792721650230915,0.013110558703350522,-0.026685764220262538,-0.00029214161411869177,-0.005437773014055328,0.027146920964679837,-0.05141071661634898,-0.0075481280168895335,-0.004962110368639943,-0.0021964633728447534,-0.02152460032986894,0.005430778786659351,0.0008773364760037687,0.011023186286519989,-0.03677332540128975,-0.011086103118125414,-0.014352117290417498,0.001306977788433762,-0.03713141949575069,-0.02442577272044675,-0.005729398526215611,-0.0008976673613687605,-0.0008662395487022637,-0.0013599479117736458,0.01658103290065204,0.018061200291572124,0.015143627928217749,-0.02617503963588308,0.2789741478375126,0.24220571352867712,-0.05381986526332657,0.16249999999999937,0.21200000000000033,0.1559999999999997,0.05599999999999994,-2.5164999999999975,-275.5150268554686,-354.9954223632813,-274.0607048034667,0.02194088159755615,-0.017212635336553917,0.007516117592111383,-0.02652887640372778,-0.008298452985292793,-0.009316241067174233,-0.01581457057740443,-0.02127031284593775,0.004527484891254421,-0.013552659210648023,0.003981040326127816
-2,-0.007574626803113546,0.012434397968978102,-0.01617277726067775,0.003617106951426445,-0.04167604247166732,-0.015497886413358544,-0.04093205984642344,-0.014065036003774425,-0.00540340323228037,0.013992790273034624,-0.02984965714714591,-0.004879184546986841,-0.02766585168410911,-0.015460670839802803,-0.03300053011099231,-0.0013334394697428094,-0.015330312508375393,0.011242926447780646,-0.007788969645706232,0.012299138923056067,-0.02263017691310556,0.000519256192106742,-0.004729790936143558,0.023849733927523903,-0.042672054078753754,-0.004200864437348756,-0.004170464929042822,-0.0017447592547149289,-0.019307942298909274,0.004334198645337406,0.0019011101262370335,0.010799876126983117,-0.03211766210227908,-0.009587801659233591,-0.012409929171881065,0.00132441792496818,-0.036544879583083285,-0.025400955746918093,-0.005332265454195317,-0.001094429706822198,-0.0007157914279374913,-0.001148815302490596,0.014728559049409394,0.01613472901938042,0.013363573750221347,-0.021559333266104767,0.2749755767553913,0.24574534070806245,0.008343142372508834,0.15041666666666634,0.19933333333333345,0.15466666666666637,0.04466666666666691,-2.2974166666666633,-209.89802398681627,-382.5977935791016,-209.40212898254384,0.019244003689504047,-0.015071084531988684,0.006618117448348979,-0.02403563399948082,-0.00804601507894209,-0.008964549467492613,-0.014664132527291443,-0.017589033010433307,0.005037811431902223,-0.011819672487254814,0.0035588608262813416
-1,-0.005256290039331965,0.014723710293377695,-0.015759024995256936,0.004002152655621349,-0.03853431227673566,-0.012394129398644364,-0.04357554745486271,-0.016747496041593816,-0.006176768719120432,0.013191289299880329,-0.03216179775274547,-0.0072275465065293355,-0.02720194562008825,-0.015014469213434288,-0.043399773736828885,-0.01177861834545737,-0.008206063161718718,0.01832862951984118,-0.00539443443417215,0.014664534978829491,-0.021448024747959576,0.0016678285438663772,-0.0062717924246867875,0.022266275911417745,-0.045376815450113434,-0.006961430862898648,-0.002625986888439502,-0.0002037998637262205,-0.015046218352332809,0.008561628072590078,0.0013595955082341986,0.01024545324896736,-0.03513425224989462,-0.01263707288831922,-0.012334549948226432,0.0013798745522292254,-0.03782079156810658,-0.026693032744756574,-0.0025311704070637227,0.0017005180738553101,-0.0006419035408849271,-0.0010742992851147863,0.013837946890575846,0.01524289028598492,0.012474085229196944,-0.020601662220459054,0.3507725355433207,0.24740705750257058,-0.00044717723537075933,0.1383333333333333,0.16666666666666696,0.11333333333333323,0.05333333333333329,-0.7683333333333306,-230.55212402343736,-393.48605346679693,-208.15413665771473,0.01921608896477784,-0.014270840742083351,0.007386899588559117,-0.022452567383305363,-0.006486142482984328,-0.008181726641222492,-0.013873042071543825,-0.015781956488613264,0.006812066190422824,-0.011524726140310545,0.0038314995738784807
0,0.004702097874752717,0.011075140993827464,-0.0008046105035690223,0.005498634499213409,-0.022148988775033605,-0.013811025319155006,-0.02071480569357308,-0.012157432039399112,0.0037270887313092067,0.009904939924122143,-0.019890255167265527,-0.0119369490767832,-0.023422151236912186,-0.019534698215945282,-0.02005208572367976,-0.009965850316853651,-0.00039987081989244395,0.008063929870547503,0.004608673660559934,0.011006905635760502,-0.0017198260117636949,0.005653463643383866,0.006534593361054384,0.015637413031349676,-0.011166092976499307,0.0010873053384824385,0.005510348022226118,0.006282955734633881,0.0020576628510299566,0.009587884107744209,0.008034679580753365,0.010869011592197154,-0.016203286673156653,-0.009027336135550512,-0.0038110361421131982,0.0005634692252170779,-0.024854808840650576,-0.021305375125988756,0.0012893254237610718,0.002639111845497905,6.42254328384528e-06,-0.00013149921230141016,0.0033321543844645977,0.0058626195215813175,0.0008750568796463409,0.004369096212180356,0.22292197469019462,0.0689258589062347,-0.07880921124414304,0.09624999999999997,0.1340000000000001,0.1319999999999999,0.0020000000000001614,-5.58925,-215.15605316162095,-253.59410095214855,-206.09373588562,0.006129377453113238,-0.003526494543984418,0.0033816991842681287,-0.010445154500370403,-0.005352326039270236,-0.006918659956386571,-0.00873402522353891,-0.004751813676878424,0.0024550270823339975,0.0006252985024324653,0.005523491044629416
1,0.006480896287576499,0.011415499270110357,-0.00047097616075740924,0.004409582625558722,-0.019221276484391547,-0.012765249344940728,-0.01492300830136195,-0.008297093370682154,0.0011167607585569447,0.005900227989535131,-0.018682229679926884,-0.012524040064414496,-0.020351690087756624,-0.017341662238689035,-0.017470982268986534,-0.009661280311675962,0.00743974243750533,0.013993204472872934,0.006389307748776517,0.011343414287498951,0.001675782560609687,0.007384869482441085,0.010953884235871354,0.01800213422496423,-0.011552631023055584,-0.0020649098917943833,0.0012213637828224376,0.0018195885634715797,0.005371791164583521,0.011202389134539949,0.00685920975201633,0.009053813324570264,-0.014899173397493188,-0.009342884782498269,-0.0030269339285323646,0.0003602151663999046,-0.02689433200660607,-0.024146030156544318,0.000622551638750366,0.0016676818815617926,-0.0003026784057499823,-0.00040947026228556403,0.002013927551410049,0.004356412378153016,-0.0002582943906139618,0.010718862780646368,0.19337668794293084,0.10084595948668704,-0.07768209419467663,0.09416666666666665,0.12133333333333372,0.12066666666666656,0.0006666666666668352,-7.2201666666666675,-84.50329895019522,-166.81729125976568,-51.295450592040936,0.004745934351311836,-0.0019373418811913855,0.003411624497731508,-0.009168955057178544,-0.005225613384428842,-0.007231613175987751,-0.00863723788216091,-7.057021344248227e-05,0.005509636485397379,-6.600958790272554e-05,0.0037266268459237757
2,0.00800090118427818,0.013294391723680767,0.0008288610193319037,0.006064376795131268,-0.02081589765084339,-0.013890331661893079,-0.019721643963072622,-0.012613834454468613,-0.0006682914850928172,0.004463071386925546,-0.01924789587523034,-0.012641828764067685,-0.02198276332290986,-0.01875381988029152,-0.01603844596715861,-0.0076607540691673555,0.004695030017971804,0.011725117222016574,0.0078747321230669,0.013189144688118635,0.004084421447076269,0.010208723182455885,0.019742325204624125,0.027303185676817446,-0.017273325143685063,-0.0070955738176741905,0.0013670813667691576,0.002008814294020047,-0.0015748934651690152,0.004679756666213162,0.007885740143737996,0.01023995451319637,-0.017968501665164123,-0.012008111068033832,-0.0040503314250798315,-0.00041683917594994343,-0.022993263001385263,-0.02004508056518566,0.0008782070191611601,0.0019993482887522146,6.484771526209015e-05,-4.971098059596338e-05,0.0016636110467390006,0.004242682043135237,-0.0008390181277501646,0.009778409875838081,0.18971411014410483,0.08458848548504835,-0.12822698768953084,0.11208333333333281,0.14866666666666686,0.12933333333333322,0.01933333333333351,-7.5610833333333325,-196.691761779785,-358.83256530761724,-228.4718051910399,0.005091100272548133,-0.001124087522628553,0.004613902549243773,-0.009336789539976527,-0.005106653516426775,-0.008212702017348531,-0.00972055606567107,0.0016347533366905592,0.007620801550249565,-0.0021917730209837167,0.001876697158464281
3,0.006960166380253062,0.01343218132298339,0.0007906014899518545,0.00719173436846607,-0.023402385793773232,-0.014934935774979036,-0.019567690143576694,-0.010877422538988222,-0.0035133076290529788,0.002760484103844404,-0.0171505255078348,-0.009073706490614212,-0.0208638784691139,-0.01691605423965651,-0.012190309263904683,-0.0019474370521203183,0.006152294889390478,0.014747536364670402,0.006851596658592082,0.013349191634313032,0.0004453430908317505,0.00793313815726809,0.020312813601460294,0.029556997867341093,-0.02239311297031514,-0.009949422332725034,-0.005363667995660022,-0.004579061871686755,-0.0031412060771319507,0.004505957700820918,0.00828333969711836,0.01116168820159016,-0.021960218144821256,-0.014672826824860546,-0.005072840462100398,-0.0006304000807263665,-0.026195685541190658,-0.022591129976398366,0.00024066199881625418,0.0016114102783671342,6.214083029860682e-05,-7.792281691000755e-05,0.0028354275794734525,0.004600016250549335,0.0011225079855667324,0.020098985345497995,0.22046217461076084,0.10517662489705168,-0.07183719196501503,0.09999999999999978,0.1260000000000002,0.07799999999999987,0.04799999999999999,-7.751999999999999,-152.4853271484374,-246.32803344726568,-53.15282897949203,0.00622456520770293,-0.0011129208229967243,0.005902555488893897,-0.012296147291928367,-0.0071242284322631105,-0.01118322646893221,-0.013026783921157534,0.001511643278142158,0.008830404537405764,-0.005139012029909507,-0.00016475173805832592
4,0.013922329041203243,0.014319388269608735,0.008524108654574068,0.0089168192561648,-0.014285795820835475,-0.013766316307766523,-0.008691171178033166,-0.00815802176780337,0.002111765320495259,0.002496663520929584,-0.008794088164541157,-0.008298573930515692,-0.017057548961971335,-0.01681534926739405,-0.008076647574309457,-0.007448245604744255,0.009947852055308851,0.010475171596183365,0.013766401277540363,0.014165029845363598,0.005859822027809132,0.006319199541279999,0.027220577186588865,0.02778770947913273,-0.013133530663717318,-0.012370108105704223,-0.004680164642166702,-0.004632028921692663,0.007770273759190314,0.008239428570486748,0.013726676855652525,0.013903264030802883,-0.01505075063462489,-0.014603667925422758,-0.0026388714308768647,-0.0023663269504215004,-0.020667439012475454,-0.020446298909437104,0.002109022122232048,0.00219311776462978,9.773874513295156e-05,8.914581631859878e-05,-0.002477840496231896,-0.001596837574975367,-0.00333309555947127,0.03201173907165591,0.17852046458519236,0.0228587450182844,-0.07071007491554862,0.05791666666666646,0.07333333333333372,0.046666666666666544,0.02666666666666666,-8.592916666666667,-168.74269866943342,-378.1404266357423,-15.79778099060043,0.00038187814465822766,0.006298214051400608,0.006728614728152007,-0.007540921849290608,-0.007223623738892842,-0.01383913590069169,-0.013952238467045311,0.006492675576933899,0.006941682837300522,0.0007755601317094027,0.0010807318550208557
5,0.014669394240488824,0.014811608624560631,0.00900242827343508,0.009143085113342747,-0.010552633488642818,-0.010366571929802587,-0.008539100621253036,-0.008348142926355578,0.0018353727565530973,0.0019732314350301853,-0.009492847768377116,-0.00931536983423179,-0.01593231138710677,-0.015845562917552215,-0.005212180803844931,-0.004987106576480645,0.015843900537632127,0.01603277015291761,0.014519578052681345,0.01466235452578856,0.004472888622910615,0.004637423496957123,0.024950952128587636,0.02515408144507588,-0.014826463955804996,-0.014553029513013302,-0.004210839914465382,-0.004193599182228633,0.0062816957683229785,0.006449732569257643,0.01380817082713709,0.01387141891344864,-0.015934674844946227,-0.0157745435910432,-0.002483199412001531,-0.00238558237492678,-0.02248891998052905,-0.022409714407915945,0.0015001609942808423,0.001530281462793169,-8.368676322907597e-05,-8.676448562231546e-05,-0.002417495968638916,-0.0023323039691691685,-0.0025017191942667727,0.04015455330846342,0.14233008881532527,0.019210966690779423,-0.07317362599681092,0.08583333333333333,0.10066666666666685,0.05533333333333321,0.04533333333333334,-8.863833333333332,-252.37537536621076,-451.6647338867188,-195.17243881225568,0.0001367769875319248,0.00656537484159744,0.006719531105372225,-0.0065557240418256495,-0.006442077633156157,-0.01312109888342367,-0.01316160873852895,0.0073338574755058405,0.00749467804434953,0.0003559449185204121,0.0004652480288930234
6,0.013381238529950205,0.013631898787826523,0.006898954029371494,0.00714686903454792,-0.00976161154835996,-0.009433668361570835,-0.010589516190605606,-0.01025294330904465,0.0019365800044718357,0.002179563104409939,-0.011852221862029475,-0.011539407760765556,-0.013565978866326009,-0.013413080171226777,-0.007654983959155505,-0.007258278912470785,0.018975385049454,0.01930827758196011,0.013142449104178527,0.013394100073251073,0.005285959752410797,0.0055759610362283284,0.024064629458445307,0.02442265545690883,-0.015651140194883072,-0.01516919775010318,-0.001919142382475562,-0.001888754694080712,0.0042014865021036425,0.0044976601144277525,0.017054324292748356,0.01716580233857691,-0.015255952458959263,-0.014973712784967336,-0.0033501677363346975,-0.0031781126249900947,-0.022488532592053544,-0.022348928645617168,0.0008181057950841364,0.0008711946893892523,0.0012675274433032965,0.001262102797309881,-0.002398550404978451,-0.00203204202042247,-0.0027556600122758757,0.04295988140168603,0.15301480105549467,0.05198448478090154,-0.0720465089473445,0.1137500000000002,0.10800000000000037,0.07399999999999987,0.03400000000000031,-9.17475,-172.71319122314435,-378.9912261962891,-111.67371406555158,0.00024107656331716365,0.004890488590699573,0.005162197033437168,-0.004990193261187291,-0.004789885547662125,-0.009880681851887351,-0.009952082581099767,0.008689998848495983,0.008973453475967574,0.0012034591915778214,0.001396111615673326
7,0.014976509118398087,0.011940666713591728,0.008115977725670406,0.005113384127949872,-0.007162965637013503,-0.011134811199037083,-0.008235045446889078,-0.012311408548114383,0.008468776384165074,0.005525914980075283,-0.007047905568658633,-0.010836516980312846,-0.010827714795148047,-0.012679529463155072,-0.0022198494839030785,-0.007024496272068466,0.017936655569149976,0.013904866585177537,0.01487377579292411,0.011825934505303597,0.006517773897185879,0.003005457256644044,0.02798562278735898,0.02364943276917502,-0.00449002267130995,-0.010327012240118179,0.0017742582169784577,0.001406221282066206,0.01592732404587901,0.012340251970329272,0.016184898019357522,0.014834744701880762,-0.009559581892943097,-0.012977894703608711,-0.0010688916699975641,-0.003152717033495544,-0.022513179618697438,-0.024203976492763485,0.0011039185571454304,0.000460938621190527,0.0005748494536161689,0.0006405494192884315,-0.0047599098737835,-0.004675266695943871,-0.004844097953196378,0.05512711055123344,-0.018614825763682508,-0.06716908155025395,-0.096421684708814,0.051666666666666375,0.03533333333333351,0.04266666666666654,-0.007333333333333018,-9.715666666666667,-206.7368896484373,-370.61752319335943,-208.40524444580058,-0.0029197706087271394,0.007600793114221006,0.004310028079527314,-0.0024246620794989323,-0.004850665530870112,-0.010025455193720412,-0.009160693610397902,0.010403084364636625,0.0069700567869603,0.006559134954687431,0.004225847646148608
8,0.013688583538920869,0.012147617914177032,0.007118728479942419,0.005594639643236679,-0.009994497807090946,-0.012010570007736053,-0.01130258405176695,-0.01337170839202171,0.005348556410585712,0.00385478708484332,-0.005437537203271492,-0.007360601437972354,-0.009621066796333583,-0.01056103085450651,-0.0010160332399820524,-0.0034548276674783627,0.02465964756882455,0.02261314863966861,0.013559430573867994,0.012012374426795768,0.002137903268652361,0.00035508371328880515,0.02755830755504525,0.025357297466445133,-0.014127289360618328,-0.017090091468949624,-0.00022913776909332237,-0.0004159499252309308,0.010507084601351272,0.008686319876163483,0.018483638829761888,0.01779831344954069,-0.01608586133481693,-0.017820965412524536,-0.0019370994121503306,-0.0029948299610206806,-0.023550228590522533,-0.024408461500516523,0.0008031186827501503,0.00047674799330400325,0.0005593577234426291,0.0005927064204920943,-0.003398708889655948,-0.004034020891793373,-0.002784337207077881,0.05294861758733585,0.024616090262622396,-0.01227607663387792,-0.059058719205302694,0.04958333333333305,0.05266666666666684,0.0513333333333332,0.0013333333333333565,-8.406583333333334,-295.2216323852537,-430.74800109863287,-237.8450267791746,-0.001482048650833342,0.007270158969838938,0.0055997969676666315,-0.004426699775965973,-0.0056581167685457855,-0.011696858745805392,-0.01125791373621289,0.011183697899046966,0.009441124741223822,0.0036048561475577404,0.002420501014558425
9,0.01095329769844245,0.011125358577849145,0.004936978357610732,0.005107154811469719,-0.011993771900753888,-0.011768661651556689,-0.00911583879007982,-0.008884804854040392,0.0011736588383314504,0.0013404498813572815,-0.00780665591844645,-0.0075919307369984885,-0.00921933826459342,-0.009114383916577505,-0.005173510419034626,-0.004901199922843693,0.021213545843675526,0.02144205347538468,0.010846329765448576,0.01101907069936852,0.00044819682284204286,0.0006472625875766241,0.03326946701026242,0.033515227022910654,-0.018371185209752405,-0.01804036515245733,-0.003724882802467103,-0.003704023762295945,0.005419007394981836,0.005622310035078409,0.021739744379105853,0.021816266324636062,-0.021327276711322965,-0.02113353875333174,-0.004298691560188897,-0.004180587661249412,-0.023068418275370928,-0.02297258985009124,3.720136786444393e-06,4.016198009362945e-05,0.0006204945088970414,0.0006167708657156099,-0.0017200728559329966,-0.0020452134312601744,-0.0014070180459788836,0.04677893037193536,0.0467715345059211,0.012337547741901603,-0.07588540577243229,0.08749999999999972,0.10000000000000037,0.06999999999999987,0.03000000000000023,-7.857500000000002,-351.8362426757811,-599.4302215576172,-282.31946182250954,0.0001654823378868552,0.00466432384848137,0.004850832846739572,-0.006122449036242614,-0.005984951685712919,-0.010786772884724571,-0.010835784532453064,0.011427967853046408,0.011622539792323371,0.0006560502197258495,0.000788292745088846
10,0.007783378170496632,0.009388483790153897,0.004454823532313945,0.0060423498971930644,-0.012737981169421831,-0.010637993494856918,-0.008286662808653492,-0.006131414792095931,0.0009620473194800888,0.0025179921768608764,-0.012342557612875208,-0.010339449197920545,-0.010575975162610858,-0.009596886746994816,-0.0093794557361928,-0.006839150762541044,0.0247639882150138,0.026895669077367127,0.007654912991410159,0.009266362640719332,0.0006980307204165249,0.0025550570169146454,0.03040147942302469,0.032694102701186174,-0.02037195593301988,-0.01728583237669103,-0.006352362300971583,-0.006157774416062323,0.004486677139391701,0.006383228006941674,0.02086588794428972,0.021579738793019478,-0.0231357522767458,-0.021328427531080732,-0.006263042338070464,-0.005161285607866177,-0.024105723616400822,-0.02321176826484315,-0.0012495490862268616,-0.0009095937885163687,0.0003113296572604139,0.00027659287911116644,-0.000283598181173645,8.188405403522416e-05,-0.0006400173148653864,0.05738338084139547,0.1092880488078683,0.020901896069481025,-0.07838805677354438,0.08541666666666639,0.0973333333333337,0.058666666666666534,0.038666666666666606,-8.518416666666667,-293.93077239990214,-498.98829650878906,-283.8823825836179,0.0015437363299090525,0.0010319111830104023,0.0027717990776507705,-0.007242071978146455,-0.005959399410249395,-0.00827398316115745,-0.008731198487900738,0.01132188079896079,0.013136985512118025,-0.0006347004349111411,0.0005989514059358207
11,0.006998145896769314,0.009873604484903153,0.003750120193326058,0.006594086511726522,-0.014041083745633174,-0.010279071127988579,-0.013563020593797163,-0.009702012107581679,0.001691179434454227,0.004478569216176882,-0.013421855617411165,-0.009833396874132679,-0.012369691590452996,-0.010615708451432743,-0.011151283192420173,-0.006600466309400494,0.023859487049406273,0.027678276272836477,0.006804930268349042,0.009691753837280749,-0.001007645362064993,0.0023191152867427,0.032996847030699064,0.03710395575539012,-0.022023530748239456,-0.01649490984291686,-0.009289107923119762,-0.008940514411293045,0.005926448829855965,0.00932401557757798,0.018408608476972482,0.01968743307797595,-0.026487078859612833,-0.023249355810223048,-0.00712735907489163,-0.005153622385478858,-0.027165017968993815,-0.025563546039941827,-0.0013012870911184673,-0.0006922758407610224,0.0004362982113456106,0.0003740691805391008,0.0007112765940366066,0.0010061495547381226,0.0004244249277517109,0.053440662682533384,0.1036131793050733,0.06407253904023184,-0.11430221140442706,0.12333333333333307,0.14466666666666683,0.13733333333333297,0.007333333333333476,-8.209333333333337,-279.0180847167967,-395.0643005371094,-227.10034790039043,0.0027655188750750495,0.0001270735159022349,0.003243987149350247,-0.009176882155317197,-0.0068790446759924104,-0.00930395567122003,-0.010123031825343229,0.01086974928189663,0.014121409715883926,-0.0019499900082899319,0.0002600295300429847
12,0.008262414977582696,0.011566960200867553,0.005489041837143471,0.008757395396967314,-0.014785605201723416,-0.010462211056220194,-0.013240090323351134,-0.008802927777231444,0.0026713981604982655,0.005874732622220614,-0.014117923231934525,-0.009993981316028985,-0.011969200669482132,-0.009953481636806651,-0.011998946462047747,-0.00676903974216464,0.02076728294047595,0.02515592610824554,0.008180113037435724,0.011497719166262153,-0.003280837412432111,0.0005423548451076417,0.023607305151239433,0.028327291929591072,-0.02187344692201783,-0.015519824623498326,-0.010306298652841642,-0.00990568671945168,0.00824723313634463,0.012151797442472507,0.020708554831069648,0.022178210399786354,-0.025196497956574467,-0.021475629820502988,-0.006737437803213896,-0.004469172777267553,-0.02845315491013701,-0.026612705377943222,-0.003022035201367173,-0.002322145025031321,0.00030593283906998306,0.0002344177606230502,0.0008532160146761582,0.0001492608701683211,0.001535413547487608,0.0615814199137403,0.0872649332532502,0.052147775536139064,-0.15557065332264616,0.09124999999999955,0.10200000000000016,0.06599999999999984,0.03599999999999995,-8.890250000000002,-264.45615081787093,-472.5464630126953,-205.37509117126444,0.003178199896964747,0.0007748682610277674,0.004356899350366709,-0.010085485484119238,-0.0074447561418421624,-0.01086035374514771,-0.011801655492209547,0.007281137502450172,0.011018022811534283,-0.0007751220963007224,0.0017646847849049397
13,0.009440016054608978,0.010673106988660076,0.008110873628483084,0.009330459644584337,-0.009813911799773459,-0.008200637426166836,-0.006985557610406704,-0.005329830562104293,0.0034635824021469037,0.004658906544074307,-0.013794346735859183,-0.012255497954724472,-0.007756685302246169,-0.007004519815972195,-0.010850472441201221,-0.008898932932291052,0.025599296102574724,0.02723691814654924,0.009384282395308606,0.010622247005803994,-0.00346402659392972,-0.00203740253725532,0.029620262375340805,0.03138152527597103,-0.024672393050667207,-0.022301539113040846,-0.009200166431746322,-0.00905067810286674,0.010808928869500594,0.012265916903248787,0.023966477326158114,0.024514879250027335,-0.0263796341283287,-0.02499119231398774,-0.005405601703448462,-0.004559198688651979,-0.025546357342145703,-0.024859593663823024,-0.001375305163382379,-0.0011141411686547544,-5.410963037204449e-05,-8.079547938372972e-05,-0.0006694947467380901,-0.0019875549091306803,0.0006083772544551052,0.063011740992855,0.1012513430639467,0.06364793230207029,-0.08597573699571905,0.12916666666666624,0.11933333333333349,0.0746666666666665,0.04466666666666683,-9.66116666666667,-399.91407623291,-555.6428680419922,-382.0519187927244,0.001185945179970544,0.0016766505713525998,0.0030132853465796665,-0.007558697531923379,-0.006573309470564757,-0.00923534810327669,-0.009586594817145114,0.010999711645434812,0.012394130267323087,0.0005318376075460869,0.001479566456099153
14,0.00814398916682456,0.011794331888538734,0.005191171086176397,0.008801534940489776,-0.011948590203255902,-0.007172783159994588,-0.011745319712184076,-0.006843839202502904,0.002373614080638642,0.00591215504390643,-0.01931933743318824,-0.014763853897534377,-0.011899175530873607,-0.009672525628157659,-0.016643476726637494,-0.010866296921183922,0.0222645986426709,0.027112482561095157,0.007984089749913088,0.01164886010939924,-0.003238674662228038,0.0009845878710507167,0.026018576835468876,0.031232477151172867,-0.023312525422925185,-0.016294041078847472,-0.012439848234409401,-0.011997315069791901,0.011988484043708458,0.016301633640181758,0.02118644471733548,0.022809889441556548,-0.030950553888209734,-0.02684032297859453,-0.007133355801976328,-0.0046277327377074635,-0.026532866944586,-0.024499827267238927,-0.003784364677531285,-0.0030112358992701697,7.081982363664236e-05,-8.178806571867986e-06,0.0012591441477785615,0.000534520919483918,0.0019607803193403025,0.058304316218961316,0.1294787907273759,0.09534136760926971,-0.09222872724387514,0.1370833333333335,0.14666666666666703,0.09333333333333317,0.053333333333333205,-9.932083333333338,-323.3242263793944,-463.50038146972656,-346.3543415069578,0.003510776242458441,-0.0010637528388170677,0.0028931127001343283,-0.00988157215769112,-0.006964508996722772,-0.00881781931887487,-0.009857621696857886,0.008286331321259454,0.01241425548879019,-0.0015683718561873038,0.0012372080154516552
15,0.006504128919247941,0.01402798579593551,0.00374605591450081,0.01118751086365803,-0.019541001551675145,-0.0096974083870035,-0.020801556941280046,-0.010698933530238486,-0.00158909294139342,0.005704325181116686,-0.0211513717040437,-0.011761895498842032,-0.012010436640664144,-0.007421005877664994,-0.020276458731476467,-0.008368898997821984,0.024326557613655073,0.03431871110106546,0.006257406846343871,0.013811001062766507,-0.010236236691331555,-0.0015315135254626677,0.023488705906150046,0.03423526937574435,-0.03810726083711877,-0.02364120224432016,-0.015244194522640682,-0.014332072991157156,0.0021174974122414227,0.011007490140477333,0.020315813282720845,0.02366195546263019,-0.03855735619162247,-0.03008560670078013,-0.010578494742572095,-0.005414062041405469,-0.026658692662058593,-0.02246831912096725,-0.004070451899099633,-0.0024769274773287996,0.0001064244185790094,-5.6402590404981645e-05,0.004023326088561313,0.0022126884724726166,0.005779466907684499,0.05810372370124193,0.17959218704835328,0.15767156596160675,-0.12884193817725584,0.19499999999999978,0.22399999999999998,0.13199999999999965,0.09199999999999989,-9.033000000000005,-280.4827514648436,-419.67193603515625,-276.1435653686521,0.007236191225882538,-0.002796611979484235,0.005359030453286387,-0.01425796735157726,-0.008245500195321505,-0.01146135537209385,-0.013604530648608665,0.006392147546952296,0.014900365268420479,-0.006591466592138894,-0.0008087817815426749
16,0.009475948098513523,0.012478867468209549,0.010209183032023823,0.013179214170545768,-0.012460901624424888,-0.00853212984340003,-0.011440230349805217,-0.007408074499025999,0.021358921824153415,0.024269868551388338,-0.011290172029351658,-0.00754264726512283,-0.007723186150536082,-0.00589145400039496,-0.01514552433344184,-0.010392982870193544,0.024292939611021646,0.02828100474092754,0.009387884623367454,0.012402672750664433,-0.011808145009750673,-0.008333918661343897,0.027211115348796916,0.0315002803514571,-0.03454101761791684,-0.028767328901685242,-0.015407247556316561,-0.01504320190003946,0.009179866004692887,0.012728037082055202,0.01913038258624831,0.02046589379153727,-0.0314581153263717,-0.028076873357231122,-0.005725225704160361,-0.003663998962875973,-0.031585374230969986,-0.02991291367263666,-0.0028490266746074395,-0.002213019712932482,0.0005376922042633818,0.00047270474009421216,0.00046065870922456413,-0.004138707863967585,0.004920136198657096,0.06848868170626345,0.17623773837175438,0.137641850547514,-0.11244734899700103,0.17291666666666694,0.1913333333333331,0.10066666666666652,0.09066666666666656,-11.03391666666667,-337.2871658325194,-503.4844970703125,-315.41362419128393,0.0028881063464080347,0.0025245535641761976,0.0057796309845834755,-0.011849870085256502,-0.009450176101294068,-0.01437442364943343,-0.015229807085878243,0.007993180949882838,0.011388978107661327,0.0005607615064812154,0.0028687448335419784
17,0.011759034227218005,0.011987957490448547,0.013259817802301337,0.01348623387826663,-0.008065790113743032,-0.007766285816133018,-0.007054380759425688,-0.006746995125122782,0.021136384116665553,0.021358295977041725,-0.007763780524140616,-0.00747809333362795,-0.005186023730389219,-0.005046384249753726,-0.008878417457877414,-0.008516114256737725,0.028217667302731522,0.028521691743989296,0.011709373895607337,0.011939201956598327,-0.005237684242999092,-0.0049728315663321995,0.031956966910078786,0.03228394526948861,-0.02768649717156752,-0.02724634827009006,-0.014832554302097041,-0.01480480180216618,0.01014063040203425,0.010411120149353775,0.020477499539658876,0.020579310326282373,-0.028942095625568737,-0.02868433148006452,-0.004155626679982927,-0.003998492007425717,-0.03272103047403258,-0.03259353283540074,-0.0031644288312392063,-0.0031159437501633493,0.00040735192792865424,0.0004023977015458829,-0.0018632195387911846,-0.006492845875257187,0.0026263293623705933,0.07161139662844686,0.1229095788418855,0.10384966317797331,-0.11511530291608622,0.16083333333333302,0.18866666666666643,0.07933333333333319,0.10933333333333324,-11.014833333333339,-280.7120330810546,-489.0255126953125,-213.10864028930638,0.00022017065661123197,0.00523487586622803,0.005483022037806097,-0.008330513097306542,-0.008147575858595749,-0.013565388963535409,-0.013630597896402665,0.01243773155985538,0.01269660529934787,0.0015959728261385247,0.0017719186340893756
18,0.006967050932059186,0.01160012842478323,0.00696205883898445,0.011544394468584955,-0.015760068905427776,-0.009698532822772929,-0.014704563984315858,-0.008483520985984604,0.01868544992952359,0.023176626715877342,-0.012812634268801075,-0.007030736554933349,-0.007725274113741257,-0.004899171926929326,-0.01860304886889679,-0.011270553328451303,0.025669548607812696,0.0318225658947054,0.00693466999577852,0.011586059293428961,-0.011513069072885511,-0.006152831944353609,0.029432015427826256,0.03604958699399726,-0.042420405593715696,-0.03351242507611851,-0.01636333550986652,-0.015801664839171118,0.011440319536315316,0.016914642864725507,0.01929307060297794,0.02135357444765206,-0.03809089219108837,-0.03287411673492123,-0.008473293041884794,-0.005293113341151668,-0.029339362281138176,-0.02675899350784434,-0.0037873433919963125,-0.0028060751071770865,0.0006344234803241267,0.0005341570660507827,0.0018190240539901668,-0.0022084378939173886,0.0057234736891844905,0.06773966430414277,0.1189110077597642,0.14124757403411392,-0.09889355964413482,0.2187500000000002,0.24600000000000025,0.10799999999999985,0.13800000000000012,-9.795750000000005,-327.71038665771476,-475.9092559814453,-313.7789371490476,0.004455937327245329,0.00036302888634536304,0.005385150387759432,-0.012840436900479684,-0.009138050383306201,-0.013203465786825888,-0.014523200771066438,0.00896580521225292,0.014205037254354801,-0.0010070775264276659,0.002553812490832437
19,0.007804929084800567,0.009765507768192206,0.010022701140268164,0.011961807397318594,-0.01218690647536692,-0.009621847192217516,-0.00962665005340093,-0.006994092253505413,0.016115861973332427,0.018016392556836958,-0.011210794376130134,-0.008764069618091409,-0.00791001870815168,-0.006714097484461497,-0.014923690554993962,-0.01182079955538557,0.02917974465075297,0.031783516020898836,0.0077921870801686026,0.009760514767208356,-0.004442181950109029,-0.00217389123651141,0.04076666251848833,0.04356701925088245,-0.031055779697220176,-0.027286190964397036,-0.0183098514613537,-0.018072169370825092,0.01029588213238938,0.01261245068547959,0.020323181246389405,0.0211951243384829,-0.030989492423795603,-0.028781910363822664,-0.00643726202189406,-0.005091505871602201,-0.03141180196286967,-0.03031986770963212,-0.003707352603437618,-0.003292109455675437,0.0003126480137884991,0.00027021829082505877,0.00011128680760781845,-0.00282117875298119,0.0029542274840021875,0.07602557604403629,0.0826890017102074,0.09985241345241314,-0.03956820335168031,0.19666666666666646,0.24333333333333357,0.15666666666666632,0.0866666666666666,-10.786666666666672,-254.52993774414054,-464.0981140136719,-169.54496765136693,0.0018856183070639263,0.0014621072629461957,0.003587317639102901,-0.010712239648744825,-0.0091455013210034,-0.012174346911691869,-0.012732818960107122,0.014398551627744963,0.016615636637701905,-0.0005128837066077566,0.0009939775692301904
20,0.011795314414021948,0.008447608198260802,0.011604390817514977,0.008293348968116072,-0.007246859126649863,-0.011626721551319358,-0.0007054372774454015,-0.005200554043080595,0.024426558615333566,0.021181385084916612,-0.007555172486222392,-0.011732977615967727,-0.008902660704966316,-0.010944707243584387,-0.013583334437240736,-0.01888154948681412,0.025495280532924543,0.02104931686204592,0.011791171896319485,0.008430234185235811,0.002022021111833353,-0.0018511062384690118,0.037366987847988704,0.03258535285481065,-0.018317723631009655,-0.02475433121969596,-0.01036405321946408,-0.010769897584996625,0.032243956933222045,0.028288394725945003,0.02515959595098067,0.023670745065311666,-0.023218491442414238,-0.02698795820576264,-0.0016407265783733261,-0.003938617638495035,-0.021713744957224564,-0.023578232783054723,-0.001544545840677424,-0.0022535773519304705,0.0005013958745549716,0.000573845018525064,-0.00427837938999443,-0.005690977479286891,-0.0029085799506454154,0.0907072480119183,-0.020469609561680396,0.028892037157180153,-0.06711688627888031,0.12458333333333374,0.15066666666666712,0.155333333333333,-0.004666666666666527,-10.857583333333338,-253.37489471435538,-527.1203918457031,-147.7354824066159,-0.0032197106806194768,0.005343771274706128,0.0017149549225094125,-0.006122887984811266,-0.008798108154591894,-0.011466659259518348,-0.010513063077102258,0.013995407196944904,0.010209714058700619,0.009649513367531453,0.007076533817082672
