event,series,window,CAR,t,sig
ukraine,r_DTWEXBGS,"(0,5)",0.009434531258130908,1.734240356345489,*
ukraine,r_DTWEXBGS,"(0,20)",0.005299999618009428,0.5207517961877045,
ukraine,r_DTWEXBGS,"(0,50)",0.031155522098149167,1.9643303694588603,**
ukraine,r_SP500,"(0,5)",0.027553468772290438,1.4593200362052157,
ukraine,r_SP500,"(0,20)",0.05137583907562568,1.4544512525798465,
ukraine,r_SP500,"(0,50)",-0.05772337008973807,-1.0486160005470038,
ukraine,r_DCOILBRENTEU,"(0,5)",0.15215718359728347,2.813695366841154,***
ukraine,r_DCOILBRENTEU,"(0,20)",0.22958070009978696,2.269268936638178,**
ukraine,r_DCOILBRENTEU,"(0,50)",0.13966282552225345,0.8858414048593666,
ukraine,r_DCOILWTICO,"(0,5)",0.15776897474204363,2.8351865682916597,***
ukraine,r_DCOILWTICO,"(0,20)",0.22101705489572765,2.1230088511595566,**
ukraine,r_DCOILWTICO,"(0,50)",0.175876845861142,1.0840747899478866,
ukraine,r_Gold,"(0,5)",0.014361907331627774,0.7715438578914657,
ukraine,r_Gold,"(0,20)",0.02443995124087455,0.7018023385837789,
ukraine,r_Gold,"(0,50)",-0.018490072264174467,-0.34070432271655116,
ukraine,d_DGS10,"(0,5)",-0.13099999999999992,-1.170566980649554,
ukraine,d_DGS10,"(0,20)",0.3464999999999995,1.654985490062007,*
ukraine,d_DGS10,"(0,50)",1.0514999999999992,3.222736426217217,***
ukraine,d_VIXCLS,"(0,5)",-0.7129999999999999,-0.14699807595377715,
ukraine,d_VIXCLS,"(0,20)",-9.955499999999999,-1.097112529734604,
ukraine,d_VIXCLS,"(0,50)",-1.2904999999999989,-0.09125794114654107,
ukraine,USD_EW,"(0,5)",0.008869602513841758,1.3863477224087832,
ukraine,USD_EW,"(0,20)",5.930274485467762e-05,0.0049546021734492365,
ukraine,USD_EW,"(0,50)",0.026633392685756235,1.4278580857153031,
ukraine,SAFE,"(0,5)",-0.010238282650222436,-1.7714049967760976,*
ukraine,SAFE,"(0,20)",-0.018763383751761432,-1.7352733184102607,*
ukraine,SAFE,"(0,50)",-0.05842740193219295,-3.467351440190991,***
ukraine,RISKY,"(0,5)",-0.020681058089397884,-2.0025686778683185,**
ukraine,RISKY,"(0,20)",0.004443884803781214,0.23000826123126936,
ukraine,RISKY,"(0,50)",0.005490853458134395,0.18236649658560988,
ukraine,CARRY_HML,"(0,5)",-0.010442775439175395,-1.2845723712970882,
ukraine,CARRY_HML,"(0,20)",0.02320726855554258,1.525923086187263,
ukraine,CARRY_HML,"(0,50)",0.06391825539032803,2.6968580491040717,***
ukraine,OIL_EXP,"(0,5)",0.004639555621595841,0.552757749896591,
ukraine,OIL_EXP,"(0,20)",0.024689296858230195,1.5722918165659374,
ukraine,OIL_EXP,"(0,50)",0.0014345592700922925,0.05862292556064966,
ukraine,OIL_IMP,"(0,5)",-0.006312978767170178,-0.7474455441055269,
ukraine,OIL_IMP,"(0,20)",-0.021063943217485667,-1.333063636188618,
ukraine,OIL_IMP,"(0,50)",-0.020778068744030355,-0.8438027656365358,
liberation_day,r_DTWEXBGS,"(0,5)",-0.0003545523603583178,-0.047465955190413016,
liberation_day,r_DTWEXBGS,"(0,20)",-0.03746901147772656,-2.6812669642806464,***
liberation_day,r_DTWEXBGS,"(0,50)",-0.06340688970230056,-2.911580696389474,***
liberation_day,r_SP500,"(0,5)",-0.03895399469752614,-1.9407911390241344,*
liberation_day,r_SP500,"(0,20)",-0.03655925677130753,-0.9736214557598923,
liberation_day,r_SP500,"(0,50)",0.00577239268419614,0.09864457468017011,
liberation_day,r_DCOILBRENTEU,"(0,5)",-0.14723750370274952,-3.2648285051993184,***
liberation_day,r_DCOILBRENTEU,"(0,20)",-0.21369070608258064,-2.5327570901910588,**
liberation_day,r_DCOILBRENTEU,"(0,50)",-0.10849226241761957,-0.8251468209239432,
liberation_day,r_DCOILWTICO,"(0,5)",-0.13543702828816423,-2.611471106995293,***
liberation_day,r_DCOILWTICO,"(0,20)",-0.1894818685407681,-1.9529064768538995,*
liberation_day,r_DCOILWTICO,"(0,50)",-0.05073033800614495,-0.33551048919668275,
liberation_day,r_Gold,"(0,5)",-0.015967440600348257,-0.7153317617216317,
liberation_day,r_Gold,"(0,20)",0.03138591063697725,0.7515760135751858,
liberation_day,r_Gold,"(0,50)",0.017078985203423883,0.2624368394869126,
liberation_day,d_DGS10,"(0,5)",0.1364999999999998,1.1196875438811738,
liberation_day,d_DGS10,"(0,20)",-0.11724999999999972,-0.5140945794003626,
liberation_day,d_DGS10,"(0,50)",-0.044749999999999554,-0.12590639008915225,
liberation_day,d_VIXCLS,"(0,5)",12.482499999999998,2.792269809178646,***
liberation_day,d_VIXCLS,"(0,20)",5.143750000000004,0.6150375565737064,
liberation_day,d_VIXCLS,"(0,50)",0.866250000000008,0.06646447684276542,
liberation_day,USD_EW,"(0,5)",0.002516443614741754,0.3243593444089077,
liberation_day,USD_EW,"(0,20)",-0.02599875580391442,-1.791256391049079,*
liberation_day,USD_EW,"(0,50)",-0.04947661161983986,-2.187407500316274,**
liberation_day,SAFE,"(0,5)",0.009686357577679983,1.0362169013810014,
liberation_day,SAFE,"(0,20)",0.0402928082841992,2.3040064451976123,**
liberation_day,SAFE,"(0,50)",0.064101798537947,2.3520737034117998,**
liberation_day,RISKY,"(0,5)",-0.008056649413511025,-0.912254162135035,
liberation_day,RISKY,"(0,20)",0.018996713467166658,1.1497564056834526,
liberation_day,RISKY,"(0,50)",0.047619253753755225,1.8494155727851935,*
liberation_day,CARRY_HML,"(0,5)",-0.017743006991190892,-2.6275266031056685,***
liberation_day,CARRY_HML,"(0,20)",-0.02129609481703211,-1.685721584777848,*
liberation_day,CARRY_HML,"(0,50)",-0.016482544784190773,-0.8372105641607128,
liberation_day,OIL_EXP,"(0,5)",-0.008026729594238221,-0.9039587054381065,
liberation_day,OIL_EXP,"(0,20)",0.01519205617238719,0.9145184976785208,
liberation_day,OIL_EXP,"(0,50)",0.04069045807025861,1.5717847650906842,
liberation_day,OIL_IMP,"(0,5)",0.00733880011856043,1.0109519563172347,
liberation_day,OIL_IMP,"(0,20)",0.026688075905403306,1.9651182986433966,**
liberation_day,OIL_IMP,"(0,50)",0.04897561484643454,2.314066801060388,**
tariff_pause,r_DTWEXBGS,"(0,5)",-0.030837455308476425,-4.0694485803711755,***
tariff_pause,r_DTWEXBGS,"(0,20)",-0.04549509201071919,-3.209131827173118,***
tariff_pause,r_DTWEXBGS,"(0,50)",-0.06739529963721502,-3.0505431879127904,***
tariff_pause,r_SP500,"(0,5)",0.05161416161383875,2.6447064010788806,***
tariff_pause,r_SP500,"(0,20)",0.1030614367442463,2.822739232025729,***
tariff_pause,r_SP500,"(0,50)",0.13573446397236358,2.3855540360508525,**
tariff_pause,r_DCOILBRENTEU,"(0,5)",0.0491979855790675,1.109274924401583,
tariff_pause,r_DCOILBRENTEU,"(0,20)",-0.06291874037597098,-0.7582944409540099,
tariff_pause,r_DCOILBRENTEU,"(0,50)",0.213172743561626,1.648595411117373,
tariff_pause,r_DCOILWTICO,"(0,5)",0.049895078420888896,0.9831062540326021,
tariff_pause,r_DCOILWTICO,"(0,20)",0.002492642997396894,0.02625238769930054,
tariff_pause,r_DCOILWTICO,"(0,50)",0.26553638170475,1.7945572574923774,*
tariff_pause,r_Gold,"(0,5)",0.10826922982077165,4.942599537877629,***
tariff_pause,r_Gold,"(0,20)",0.10050536390888613,2.4524806813444213,**
tariff_pause,r_Gold,"(0,50)",0.07339053062635287,1.1491611670395632,
tariff_pause,d_DGS10,"(0,5)",-0.0049999999999997755,-0.040823685541796294,
tariff_pause,d_DGS10,"(0,20)",-0.1224999999999998,-0.5346188559698184,
tariff_pause,d_DGS10,"(0,50)",-0.1774999999999992,-0.4970855060611938,
tariff_pause,d_VIXCLS,"(0,5)",-19.604499999999994,-4.513377477931908,***
tariff_pause,d_VIXCLS,"(0,20)",-28.480749999999997,-3.5048003738881373,***
tariff_pause,d_VIXCLS,"(0,50)",-31.463249999999995,-2.4845057447883363,**
tariff_pause,USD_EW,"(0,5)",-0.031009746123558793,-3.9995488162297943,***
tariff_pause,USD_EW,"(0,20)",-0.04483769260375323,-3.091163838794209,***
tariff_pause,USD_EW,"(0,50)",-0.06553086420871318,-2.899006731256441,***
tariff_pause,SAFE,"(0,5)",0.034984786960308885,3.759726797098006,***
tariff_pause,SAFE,"(0,20)",0.048150677625974594,2.765957070846508,***
tariff_pause,SAFE,"(0,50)",0.06463252293962021,2.3824220520156527,**
tariff_pause,RISKY,"(0,5)",0.027786918215312914,3.1775284910678097,***
tariff_pause,RISKY,"(0,20)",0.0438352076475976,2.6794034761049854,***
tariff_pause,RISKY,"(0,50)",0.06894013644234874,2.7040314982672413,***
tariff_pause,CARRY_HML,"(0,5)",-0.007197868744995985,-1.0719301493448772,
tariff_pause,CARRY_HML,"(0,20)",-0.004315469978376751,-0.3435236493456254,
tariff_pause,CARRY_HML,"(0,50)",0.0043076135027295785,0.2200340183142832,
tariff_pause,OIL_EXP,"(0,5)",0.025975631252717693,2.969603941670065,***
tariff_pause,OIL_EXP,"(0,20)",0.04054487886291217,2.4776183310596274,**
tariff_pause,OIL_EXP,"(0,50)",0.07620804031481321,2.988296950215391,***
tariff_pause,OIL_IMP,"(0,5)",0.027996594381970448,3.857357004639608,***
tariff_pause,OIL_IMP,"(0,20)",0.042500854628027225,3.130028349759104,***
tariff_pause,OIL_IMP,"(0,50)",0.05083883392596307,2.402540669530781,**
iran_12day,r_DTWEXBGS,"(0,5)",0.006952220872823392,0.8113393717813737,
iran_12day,r_DTWEXBGS,"(0,20)",-0.002961208990964281,-0.18472004570746609,
iran_12day,r_DTWEXBGS,"(0,50)",-0.0012415539009614472,-0.04969756451452726,
iran_12day,r_SP500,"(0,5)",-0.008928032198285064,-0.3597431823484699,
iran_12day,r_SP500,"(0,20)",0.04873068513747688,1.049555284449736,
iran_12day,r_SP500,"(0,50)",0.10109588651249267,1.397207301281289,
iran_12day,r_DCOILBRENTEU,"(0,5)",0.10684618932476524,2.768739760738872,***
iran_12day,r_DCOILBRENTEU,"(0,20)",0.021435330055893504,0.296906190486118,
iran_12day,r_DCOILBRENTEU,"(0,50)",-0.02607180707594189,-0.2317313388361941,
iran_12day,r_DCOILWTICO,"(0,5)",0.09961879807916739,2.344484843481647,**
iran_12day,r_DCOILWTICO,"(0,20)",0.02267762287140098,0.28527889158002234,
iran_12day,r_DCOILWTICO,"(0,50)",-0.04657429896515033,-0.37596117277609215,
iran_12day,r_Gold,"(0,5)",-0.012557078645189717,-0.559985487956632,
iran_12day,r_Gold,"(0,20)",-0.034351685110152914,-0.8188459060657213,
iran_12day,r_Gold,"(0,50)",-0.0657904250957854,-1.00633224315472,
iran_12day,d_DGS10,"(0,5)",0.021499999999999714,0.1587266181042114,
iran_12day,d_DGS10,"(0,20)",0.07524999999999943,0.2969503115536361,
iran_12day,d_DGS10,"(0,50)",-0.08725000000000038,-0.22093640139152307,
iran_12day,d_VIXCLS,"(0,5)",2.0545000000000018,0.4288984693601983,
iran_12day,d_VIXCLS,"(0,20)",-3.529250000000001,-0.39381907879142386,
iran_12day,d_VIXCLS,"(0,50)",-8.436749999999998,-0.604107278170804,
iran_12day,USD_EW,"(0,5)",0.006539538089503831,0.8345208650961694,
iran_12day,USD_EW,"(0,20)",-0.0026873326747661273,-0.1833063612274362,
iran_12day,USD_EW,"(0,50)",-0.0032043714343052447,-0.1402566670947777,
iran_12day,SAFE,"(0,5)",-0.007770772034918574,-0.8478962899725639,
iran_12day,SAFE,"(0,20)",0.0058567931006273406,0.34158943225231836,
iran_12day,SAFE,"(0,50)",-0.0016743272005373244,-0.06266274797115642,
iran_12day,RISKY,"(0,5)",-0.006982555668769243,-0.7752358900231779,
iran_12day,RISKY,"(0,20)",0.004596678120578898,0.27279068418901503,
iran_12day,RISKY,"(0,50)",0.013810137201253278,0.5259058405700753,
iran_12day,CARRY_HML,"(0,5)",0.000788216366149586,0.12513433786088682,
iran_12day,CARRY_HML,"(0,20)",-0.0012601149800481183,-0.10693188042136009,
iran_12day,CARRY_HML,"(0,50)",0.015484464401791092,0.8431751079965495,
iran_12day,OIL_EXP,"(0,5)",-0.0032797609372951994,-0.39919573100111716,
iran_12day,OIL_EXP,"(0,20)",0.0018724342088073773,0.12181934051446107,
iran_12day,OIL_EXP,"(0,50)",0.002551349923221477,0.10651340382384258,
iran_12day,OIL_IMP,"(0,5)",-0.009249276580614382,-1.3902069329274036,
iran_12day,OIL_IMP,"(0,20)",-0.003950870715190751,-0.3174172172572462,
iran_12day,OIL_IMP,"(0,50)",-0.0075632437292671405,-0.3899153357859357,
hormuz,r_DTWEXBGS,"(0,5)",0.01387795153370701,2.455059128824574,**
hormuz,r_DTWEXBGS,"(0,20)",0.027611164570657293,2.6108822889866823,***
hormuz,r_DTWEXBGS,"(0,50)",-0.0013080980248521266,-0.0793720170366163,
hormuz,r_SP500,"(0,5)",-0.016358957774526832,-0.9660404859726788,
hormuz,r_SP500,"(0,20)",-0.09581594829649431,-3.024429575595284,***
hormuz,r_SP500,"(0,50)",0.03875312560601345,0.7849409189342893,
hormuz,r_DCOILBRENTEU,"(0,5)",0.28715983641225945,6.914689937237673,***
hormuz,r_DCOILBRENTEU,"(0,20)",0.5614989126968081,7.227097450422227,***
hormuz,r_DCOILBRENTEU,"(0,50)",0.45956503842799745,3.7956532662025158,***
hormuz,r_DCOILWTICO,"(0,5)",0.3551845174270359,9.450193913729262,***
hormuz,r_DCOILWTICO,"(0,20)",0.4787374069852755,6.8084779390983545,***
hormuz,r_DCOILWTICO,"(0,50)",0.49385389125510715,4.506877053947815,***
hormuz,r_Gold,"(0,5)",-0.03637080489659274,-1.3067063529697625,
hormuz,r_Gold,"(0,20)",-0.19911772360579155,-3.823851224784052,***
hormuz,r_Gold,"(0,50)",-0.2163613575667993,-2.666215969034536,***
hormuz,d_DGS10,"(0,5)",0.1594999999999997,1.6650368253575765,*
hormuz,d_DGS10,"(0,20)",0.4132499999999991,2.3059081051976555,**
hormuz,d_DGS10,"(0,50)",0.5307499999999994,1.9003941977064425,*
hormuz,d_VIXCLS,"(0,5)",5.768500000000001,1.734483195531095,*
hormuz,d_VIXCLS,"(0,20)",11.199750000000002,1.8000373055741095,*
hormuz,d_VIXCLS,"(0,50)",-0.3877499999999967,-0.03998982864643282,
hormuz,USD_EW,"(0,5)",0.012211187550709674,2.0225667060479036,**
hormuz,USD_EW,"(0,20)",0.03002375088640591,2.6581279262408666,***
hormuz,USD_EW,"(0,50)",0.0009008008372313068,0.05117575642378639,
hormuz,SAFE,"(0,5)",-0.00854851870883616,-1.1344454188405861,
hormuz,SAFE,"(0,20)",-0.029990773049360462,-2.127386394253731,**
hormuz,SAFE,"(0,50)",0.004213102553005038,0.19177204829395747,
hormuz,RISKY,"(0,5)",-0.017067536098625782,-2.5597383301962053,**
hormuz,RISKY,"(0,20)",-0.03802119328207625,-3.048010525610309,***
hormuz,RISKY,"(0,50)",-0.002670660634900227,-0.13738331257369588,
hormuz,CARRY_HML,"(0,5)",-0.008519017389789722,-1.7949689599568894,*
hormuz,CARRY_HML,"(0,20)",-0.00803042023271587,-0.9044231879335367,
hormuz,CARRY_HML,"(0,50)",-0.006883763187905268,-0.497489474486335,
hormuz,OIL_EXP,"(0,5)",-0.005303789592613724,-0.8241344277345201,
hormuz,OIL_EXP,"(0,20)",-0.01555442609816867,-1.2919084528997198,
hormuz,OIL_EXP,"(0,50)",0.008475716938775314,0.45172981063360046,
hormuz,OIL_IMP,"(0,5)",-0.009383599391583636,-1.715952277766925,*
hormuz,OIL_IMP,"(0,20)",-0.023250497829431428,-2.272657451451269,**
hormuz,OIL_IMP,"(0,50)",-0.0003102277774124965,-0.01945839278077432,
hormuz_closure,r_DTWEXBGS,"(0,5)",0.01387795153370701,2.455059128824574,**
hormuz_closure,r_DTWEXBGS,"(0,20)",0.027611164570657293,2.6108822889866823,***
hormuz_closure,r_DTWEXBGS,"(0,50)",-0.0013080980248521266,-0.0793720170366163,
hormuz_closure,r_SP500,"(0,5)",-0.016358957774526832,-0.9660404859726788,
hormuz_closure,r_SP500,"(0,20)",-0.09581594829649431,-3.024429575595284,***
hormuz_closure,r_SP500,"(0,50)",0.03875312560601345,0.7849409189342893,
hormuz_closure,r_DCOILBRENTEU,"(0,5)",0.28715983641225945,6.914689937237673,***
hormuz_closure,r_DCOILBRENTEU,"(0,20)",0.5614989126968081,7.227097450422227,***
hormuz_closure,r_DCOILBRENTEU,"(0,50)",0.45956503842799745,3.7956532662025158,***
hormuz_closure,r_DCOILWTICO,"(0,5)",0.3551845174270359,9.450193913729262,***
hormuz_closure,r_DCOILWTICO,"(0,20)",0.4787374069852755,6.8084779390983545,***
hormuz_closure,r_DCOILWTICO,"(0,50)",0.49385389125510715,4.506877053947815,***
hormuz_closure,r_Gold,"(0,5)",-0.03637080489659274,-1.3067063529697625,
hormuz_closure,r_Gold,"(0,20)",-0.19911772360579155,-3.823851224784052,***
hormuz_closure,r_Gold,"(0,50)",-0.2163613575667993,-2.666215969034536,***
hormuz_closure,d_DGS10,"(0,5)",0.1594999999999997,1.6650368253575765,*
hormuz_closure,d_DGS10,"(0,20)",0.4132499999999991,2.3059081051976555,**
hormuz_closure,d_DGS10,"(0,50)",0.5307499999999994,1.9003941977064425,*
hormuz_closure,d_VIXCLS,"(0,5)",5.768500000000001,1.734483195531095,*
hormuz_closure,d_VIXCLS,"(0,20)",11.199750000000002,1.8000373055741095,*
hormuz_closure,d_VIXCLS,"(0,50)",-0.3877499999999967,-0.03998982864643282,
hormuz_closure,USD_EW,"(0,5)",0.012211187550709674,2.0225667060479036,**
hormuz_closure,USD_EW,"(0,20)",0.03002375088640591,2.6581279262408666,***
hormuz_closure,USD_EW,"(0,50)",0.0009008008372313068,0.05117575642378639,
hormuz_closure,SAFE,"(0,5)",-0.00854851870883616,-1.1344454188405861,
hormuz_closure,SAFE,"(0,20)",-0.029990773049360462,-2.127386394253731,**
hormuz_closure,SAFE,"(0,50)",0.004213102553005038,0.19177204829395747,
hormuz_closure,RISKY,"(0,5)",-0.017067536098625782,-2.5597383301962053,**
hormuz_closure,RISKY,"(0,20)",-0.03802119328207625,-3.048010525610309,***
hormuz_closure,RISKY,"(0,50)",-0.002670660634900227,-0.13738331257369588,
hormuz_closure,CARRY_HML,"(0,5)",-0.008519017389789722,-1.7949689599568894,*
hormuz_closure,CARRY_HML,"(0,20)",-0.00803042023271587,-0.9044231879335367,
hormuz_closure,CARRY_HML,"(0,50)",-0.006883763187905268,-0.497489474486335,
hormuz_closure,OIL_EXP,"(0,5)",-0.005303789592613724,-0.8241344277345201,
hormuz_closure,OIL_EXP,"(0,20)",-0.01555442609816867,-1.2919084528997198,
hormuz_closure,OIL_EXP,"(0,50)",0.008475716938775314,0.45172981063360046,
hormuz_closure,OIL_IMP,"(0,5)",-0.009383599391583636,-1.715952277766925,*
hormuz_closure,OIL_IMP,"(0,20)",-0.023250497829431428,-2.272657451451269,**
hormuz_closure,OIL_IMP,"(0,50)",-0.0003102277774124965,-0.01945839278077432,
hormuz_ceasefire,r_DTWEXBGS,"(0,5)",-0.016251097040084688,-2.9835811357199535,***
hormuz_ceasefire,r_DTWEXBGS,"(0,20)",-0.011273713472353468,-1.1063387896488281,
hormuz_ceasefire,r_DTWEXBGS,"(0,50)",0.001695037629487292,0.10673947195503149,
hormuz_ceasefire,r_SP500,"(0,5)",0.04804709718959344,2.8267821665043305,***
hormuz_ceasefire,r_SP500,"(0,20)",0.07825099629155575,2.4608267655566656,**
hormuz_ceasefire,r_SP500,"(0,50)",0.09643576797160945,1.9460494370565582,*
hormuz_ceasefire,r_DCOILBRENTEU,"(0,5)",-0.0727154261766791,-1.7087811928179377,*
hormuz_ceasefire,r_DCOILBRENTEU,"(0,20)",-0.10919767406786436,-1.3716372388988955,
hormuz_ceasefire,r_DCOILBRENTEU,"(0,50)",-0.27155062432418786,-2.1887756289723637,**
hormuz_ceasefire,r_DCOILWTICO,"(0,5)",-0.19929093002152196,-5.141937918520098,***
hormuz_ceasefire,r_DCOILWTICO,"(0,20)",-0.063308097416753,-0.8731010988086937,
hormuz_ceasefire,r_DCOILWTICO,"(0,50)",-0.1532625872331883,-1.3563319267958212,
hormuz_ceasefire,r_Gold,"(0,5)",0.019716813655896646,0.6514237290233132,
hormuz_ceasefire,r_Gold,"(0,20)",-0.09186261480596204,-1.622301700258888,
hormuz_ceasefire,r_Gold,"(0,50)",-0.24331422959007767,-2.7573055040814887,***
hormuz_ceasefire,d_DGS10,"(0,5)",-0.07749999999999992,-0.9241551457321019,
hormuz_ceasefire,d_DGS10,"(0,20)",0.09874999999999995,0.6294283001768199,
hormuz_ceasefire,d_DGS10,"(0,50)",0.1612500000000005,0.6595283126752919,
hormuz_ceasefire,d_VIXCLS,"(0,5)",-5.8050000000000015,-1.7668518978104308,*
hormuz_ceasefire,d_VIXCLS,"(0,20)",-6.772500000000002,-1.1018257424629927,
hormuz_ceasefire,d_VIXCLS,"(0,50)",-7.927500000000001,-0.8276080590873479,
hormuz_ceasefire,USD_EW,"(0,5)",-0.01890817357341295,-3.5942888958626766,***
hormuz_ceasefire,USD_EW,"(0,20)",-0.010640068450914999,-1.081119748478944,
hormuz_ceasefire,USD_EW,"(0,50)",-0.0010603278419435392,-0.06913438488944933,
hormuz_ceasefire,SAFE,"(0,5)",0.019142733113924042,2.858118174750083,***
hormuz_ceasefire,SAFE,"(0,20)",0.01467466496541505,1.1711443017989798,
hormuz_ceasefire,SAFE,"(0,50)",0.0028038025664148688,0.14358669630113607,
hormuz_ceasefire,RISKY,"(0,5)",0.021563241372207966,3.7797226113911835,***
hormuz_ceasefire,RISKY,"(0,20)",0.009721701385220806,0.910865261486395,
hormuz_ceasefire,RISKY,"(0,50)",0.004505728818485254,0.27089530075348756,
hormuz_ceasefire,CARRY_HML,"(0,5)",0.0024205082582837148,0.4982622947369643,
hormuz_ceasefire,CARRY_HML,"(0,20)",-0.004952963580194248,-0.5449825134187452,
hormuz_ceasefire,CARRY_HML,"(0,50)",0.0017019262520703736,0.12016631117525604,
hormuz_ceasefire,OIL_EXP,"(0,5)",0.01613952025656959,2.671400447062156,***
hormuz_ceasefire,OIL_EXP,"(0,20)",0.013015523015149615,1.1515319051353694,
hormuz_ceasefire,OIL_EXP,"(0,50)",0.0013836605032096663,0.0785540271166549,
hormuz_ceasefire,OIL_IMP,"(0,5)",0.011196743974077994,2.216790711726404,**
hormuz_ceasefire,OIL_IMP,"(0,20)",0.008047725405443578,0.8516714182260023,
hormuz_ceasefire,OIL_IMP,"(0,50)",0.007306882804787465,0.49619870247558734,
