rel_day,AUD__cm,AUD__mm,BRL__cm,BRL__mm,CAD__cm,CAD__mm,CHF__cm,CHF__mm,CLP__cm,CLP__mm,CNY__cm,CNY__mm,COP__cm,COP__mm,CZK__cm,CZK__mm,DKK__cm,DKK__mm,EUR__cm,EUR__mm,GBP__cm,GBP__mm,HKD__cm,HKD__mm,HUF__cm,HUF__mm,IDR__cm,IDR__mm,ILS__cm,ILS__mm,INR__cm,INR__mm,JPY__cm,JPY__mm,KRW__cm,KRW__mm,KWD__cm,KWD__mm,MXN__cm,MXN__mm,MYR__cm,MYR__mm,NOK__cm,NOK__mm,NZD__cm,NZD__mm,PEN__cm,PEN__mm,PLN__cm,PLN__mm,SAR__cm,SAR__mm,SEK__cm,SEK__mm,SGD__cm,SGD__mm,THB__cm,THB__mm,TRY__cm,TRY__mm,TWD__cm,TWD__mm,ZAR__cm,ZAR__mm,r_DTWEXBGS__cm,r_DTWEXAFEGS__cm,r_DTWEXEMEGS__cm,r_SP500__cm,r_DCOILBRENTEU__cm,r_DCOILWTICO__cm,r_DHHNGSP__cm,r_Gold__cm,r_EuroStoxx50_EUR__cm,d_DGS10__cm,d_DGS5__cm,d_DFII5__cm,d_T5YIE__cm,d_VIXCLS__cm,d_GPRD__cm,d_GPRD_ACT__cm,d_GPRD_THREAT__cm,USD_EW__cm,SAFE__cm,SAFE__mm,RISKY__cm,RISKY__mm,CARRY_HML__cm,CARRY_HML__mm,HAVEN_SAFE__cm,HAVEN_SAFE__mm,HAVEN_RISKY__cm,HAVEN_RISKY__mm,OIL_EXP__cm,OIL_EXP__mm,OIL_IMP__cm,OIL_IMP__mm
-20,-0.01140894030068935,-0.0050366429312455364,0.004815178341950303,0.010984327930490386,-0.005731588250176976,-0.0016249424695153527,-0.007127519006910826,-0.0036052452237359278,-0.0024857875696459343,0.0026245164822053225,-0.0076180400704939834,-0.0065290071653073415,-0.008208882450134732,-0.005339176211318603,-0.004752990937999627,0.00028927271281504845,-0.008602171701300636,-0.004701282375545716,-0.008148843825181055,-0.004250820755163289,-0.005522482972727938,-0.0015583474210628615,-0.0003460275191676742,-0.0002365639308371106,0.0009235979521887586,0.007482948179663014,-0.0023545527741968744,-0.0013499694626255656,-0.004363610594464842,-0.0014580723715854238,-0.004013289713196483,-0.0016891801223630387,-0.005854051149474582,-0.004485946754474103,-0.005025812075820213,-0.001377503012937359,-0.0017809113606029208,-0.0015289363794399448,-0.0007668916505851073,0.004775322187586155,-0.0014706726106531276,-0.0004147267227399727,-0.00048663567314755784,0.007591773571227877,-0.010221505780489675,-0.004025266168769397,-0.0011847645419583164,0.0005289315963688473,-0.002798654748376319,0.0027321780161684733,-0.00015704368253356628,-0.00015811732357426432,-0.008484254540120901,-0.001693419726444388,-0.0038486785152640804,-0.0010947643656569798,-0.006046468156821602,-0.003019859794624977,-0.001285085880898225,0.018431971372770372,-0.0023794722065183785,-0.0009302545552102586,-0.008374181144102525,0.0006668031948830772,0.007580083030974627,0.010744722015558627,0.004594810787234882,-0.005565499657117667,-0.008008639486823019,-0.010414678462440003,-0.00020425859178624755,-0.012189302448915081,0.004833646967690584,-0.04491666666666666,-0.008166666666666662,-0.015916666666666666,0.0077499999999997,-1.4964166666666692,4.0876475652058915,7.756078592936197,-15.062892405192056,0.004222219847172357,-0.005781612249344581,-0.0025672979433619706,-0.001731734952152004,0.005254300162071651,0.004049877297192479,0.007821598105433505,-0.007043471327188824,-0.004114004244457792,-0.0026957359263277874,0.004694879835297698,-0.0017595392464614646,0.0021000359007794884,-0.0041006965304549205,0.0011548711888601047
-19,-0.017930265920476498,-0.00956713366080885,0.012155919769383607,0.020252436762773406,-0.007364061514361051,-0.0019744163336502052,-0.007137942457840351,-0.0025152389341937943,-0.012225389020709668,-0.005518522376713452,-0.006618164950717067,-0.005188896086887988,-0.0067921494693830645,-0.00302588882111275,-0.0070070410531564535,-0.0003894720109323016,-0.008023896723325173,-0.0029042904855419525,-0.007898781952064409,-0.0027829374464211224,-0.004002887048460175,0.0011997248184620413,-0.0006598477646499484,-0.0005161855320592213,-0.003108162235603883,0.00550046198725411,-0.0024819997657191486,-0.001163564260682593,-0.005712964332237284,-0.0018996770616243666,-0.0017639980992781665,0.0012862104467487186,-0.004493534191294763,-0.0026980062463363126,-0.009693719696670726,-0.004905604916695144,-0.0019099946526851418,-0.0015792975788639992,-0.0026630978003326145,0.0046106160037725575,0.00027747568798964476,0.001663320479542537,-0.005343743673696116,0.00525852440035806,-0.01703091021500665,-0.008898839725971806,-0.004578197293462133,-0.0023291077380318773,-0.007694888678897538,-0.00043611162655972585,-0.00018080840948660415,-0.0001822174777554236,-0.012299929108442204,-0.0033874998215319523,-0.00547148906661466,-0.0018571963037920486,-0.009965771678121703,-0.005993589502091878,0.009828027794549249,0.035705093478045805,-0.003174386992062257,-0.0012724043650348279,-0.01635586120714075,-0.00449029006366476,0.008021603272616454,0.010454824007805156,0.005722219546223864,0.018323433011560464,-0.0018467722640012393,-0.011960083923890407,0.2499021468976229,-0.015633431634210562,-0.006762412039309431,-0.07983333333333331,-0.06633333333333313,-0.11183333333333313,0.0454999999999997,-4.352833333333334,-79.2664773305257,9.337039693196614,-144.45320790608724,0.005541326928749114,-0.0070193499723347616,-0.002800818710128352,-0.0015105075278798077,0.007658106590961019,0.005508842444454759,0.010458925301089151,-0.0065100862003999475,-0.00266539420898387,-0.0010515267797737747,0.008648067183188607,-0.0017282765357943908,0.0033371081365031023,-0.003210563810479741,0.00368694981577272
-18,-0.006504394639209047,-0.008233769548763746,0.02400827484215231,0.022334032117249138,-0.0028741112440694265,-0.0039886119906227474,-0.0031120762513263765,-0.0040679845449998475,0.0037553789469511965,0.002368495834771729,-0.00676525011945135,-0.007060802268498912,-0.004052433613834696,-0.004831241895914972,0.006816908405048219,0.00544849074662377,0.00017989773368499128,-0.0008787628613554956,0.0003942187205123373,-0.0006636640026761566,-0.000661769670272613,-0.0017375946300424543,-0.0013327167136117225,-0.001362423987486988,0.014279855491065875,0.012499716390720346,-0.002122834786708123,-0.0023954681986263155,0.003560821176307176,0.002772288468230121,0.00486974458913965,0.004239005535322768,-0.0028715313392936453,-0.003242820574116634,-0.005372214981125439,-0.006362327932524208,-0.0018740750568424626,-0.0019424584333540963,0.005786476704750779,0.004282377790428332,0.0013118107671927172,0.001025238088842671,0.004601409321344325,0.002409013479410008,-0.010573803525308827,-0.01225539819938683,-0.0048005226957780495,-0.0052656019179805206,0.00018346538727584405,-0.001317544822607325,-0.00015126752202289883,-0.00015097614706501402,-6.149421733460565e-05,-0.001904455815143367,-0.002882764135426441,-0.003630147654631834,-0.0036902333385118048,-0.004511623217102505,0.031120169570143325,0.025769166293326054,-0.0012013857838516356,-0.0015946883087265538,-0.003295829130507074,-0.00574945779330179,0.0038475831267553813,0.006582554946008384,0.001260477309964145,0.03686636548383809,0.005436059388614542,0.002662634609611591,0.22658574843008797,-0.010613717938370643,0.002261345044760653,-0.07474999999999997,-0.0644999999999998,-0.1277499999999998,0.0632499999999997,-7.209250000000003,-119.09009990692138,-52.30378761291504,-190.42256393432618,-0.0011458663403464287,-0.0012330556461156422,-0.0021053869561458646,0.00935366533341419,0.007457728414064018,0.010586720979529639,0.009563115370209695,-0.0018631296233693716,-0.002658156373931019,0.008573970597666139,0.006568234718860129,0.003634896204496845,0.002587447845732952,0.0038090914527500385,0.0023827852993631147
-17,0.0022026823649253027,-0.0038447274789348484,0.03134810980471691,0.02549349038144926,-0.0013243153970601022,-0.0052215864563652774,0.0030971917907338976,-0.000245501105439212,0.0014734067199314621,-0.003376351732408478,-0.006912335288185634,-0.007945844543841753,0.0017614906893122723,-0.0009619054034093496,0.012167739662004592,0.007382552614160283,0.0038389707403011547,0.00013696577400776387,0.003843430216277984,0.0001441453714972874,0.004890278091584249,0.001128251467954197,-0.0008766941823443967,-0.0009805768392945828,0.017872433603148233,0.011647507672170161,-0.002146019175394597,-0.0030993844462159446,0.005008808367990834,0.0022514071621072855,0.0023326586860615665,0.00012704234348295557,0.0009287037408372729,-0.0003696487223460885,-0.003264993312450952,-0.006727295659814203,-0.00028605238039448345,-0.0005251805775182247,0.010087704973239872,0.0048280573801363835,0.0012715830303233896,0.0002694738714240742,0.012197761764202068,0.004531225073458949,-0.0007586204318467023,-0.006638948710704782,-0.014331603243320267,-0.015957927674756737,0.006321029661083925,0.0010721828848118094,-9.507169613961439e-05,-9.405279400403249e-05,0.006959152793795793,0.0005145443709092144,-0.0010286445094274208,-0.003642152098909758,-0.0028111944048400065,-0.0056834930660455895,0.0310931975276243,0.01238140188865259,-0.001745483785267714,-0.0031208139970122974,0.0051071785576044006,-0.0034728569492035854,0.002050252360802909,0.0036283516757549122,0.0005510070722778263,0.04353891494802292,-0.019968684831244678,-0.010166203614934912,0.20639899025096362,-0.009309795653296725,0.014086218637791238,-0.05966666666666663,-0.06266666666666676,-0.10366666666666648,0.04099999999999969,-10.105666666666666,-72.0729937235514,-16.92939046223958,-142.36085306803386,-0.004006952655594672,0.001781495526262577,-0.0012689390106548947,0.012752036704760685,0.006122180144410573,0.010970541178497906,0.0073911191550652825,0.002623108582616304,-0.00015700148542940407,0.012875277062850552,0.005861467141901593,0.0076699468225538804,0.004007149657678296,0.004422148075327419,-0.0005654678688471046
-16,0.0036465035746782535,-0.004443970513019093,0.032049499249340314,0.024216948130720964,0.00022772289262002225,-0.00498620692727701,0.0065093331473352715,0.0020373408468504794,-0.008074644121474772,-0.014562850825388527,-0.007059420456919917,-0.008442091727459088,-0.0005039301917760595,-0.004147401708936559,0.018529773979569765,0.012127953561415775,0.007175295360324518,0.002222600566084243,0.00710554255938623,0.0021564868557950177,0.009272360822606112,0.004239366581839,-0.0010748950874080708,-0.001213873586619587,0.024759350187356893,0.01643138776332079,-0.00046423264009267133,-0.0017396839851874235,0.003331576941876492,-0.00035738801693739565,0.0014502609184975832,-0.0015005035125176705,0.003691498042460091,0.0019545086153671246,-0.0012958106617863654,-0.0059278214148786035,0.00021266184206769558,-0.00010725371391725964,0.008899147935742365,0.0018625746488124266,0.001231355293454062,-0.0001093076337246807,0.01595784370748001,0.005701235003869126,-0.0018348850328908778,-0.009701830517916519,-0.008630499099719883,-0.01080626294084349,0.016123973747320806,0.009101850238222433,-9.218361588428068e-05,-9.082048662089953e-05,0.01401839542764349,0.00539653271336808,8.660771063309907e-05,-0.003409850438664476,-0.000724702304589308,-0.004567381813768766,0.028639046891924577,0.0036056356199747827,-0.0019656977596980924,-0.003805671190876073,0.00034447487164717457,-0.0111342501910887,0.00010063666579773669,8.46873390020408e-05,0.00010002338228220755,0.052750390483419854,-0.009159645729018596,-0.013076577270795815,0.41268664938094496,-0.006709676068835307,0.013472280004026421,-0.0945833333333333,-0.10083333333333322,-0.12958333333333313,0.02874999999999999,-10.002083333333333,-12.919535001118973,-12.89143625895182,-34.55783971150717,-0.005360666379116414,0.004006569220630896,-7.442780360825975e-05,0.01397519014521718,0.005105494839032267,0.009968620924586186,0.0051799226426404495,0.00576879124972708,0.0020494454393374423,0.011494001019464364,0.002110637085716009,0.008107251688512916,0.0032070107066644715,0.004965765854468098,-0.0017068722827831913
-15,0.004318649178233504,-0.006548792984657503,0.02793314161478372,0.017412151701606794,-0.0003895431573965535,-0.00739309822041394,0.005083280333554046,-0.0009236751491059716,-0.017441032832492705,-0.026156246592695546,-0.0072065056256542005,-0.009063763914847003,-0.005778336109397991,-0.010672389975177294,0.02455842605618374,0.01595924974372315,0.019124590508845282,0.012471936579861953,0.019226484654221478,0.012578718894550048,0.010882751953379574,0.004122236657882565,-0.000734257295484745,-0.0009209386673913952,0.035844456963428355,0.024658011151116203,-0.0018794478782363454,-0.003592684157612867,-0.00269491315618965,-0.007650075597387401,0.0039190936178363,-4.448891673195822e-05,-0.0003914274145263908,-0.0027246197505837364,-0.0013244558790268786,-0.0075463544243377124,0.00038084782260157466,-4.887530165419122e-05,0.010312652391525857,0.0008608511260181644,0.0016690819210424346,-0.00013174911347038181,0.025371952570938053,0.011594873420114192,0.0031864427536732465,-0.007380747021662314,-0.008931384119078699,-0.011853955460043225,0.02784659442038099,0.018414202663283925,-8.929553562894696e-05,-8.746452693035101e-05,0.02571248204297079,0.014131257831863767,0.002467493216789219,-0.002229086526323824,-0.0004469830202317096,-0.005608620875303269,0.02528561487924365,-0.008340245136977835,-0.0013944839822999707,-0.003866008472439446,0.005999064800578148,-0.009419608984274604,-0.0021361239483438355,-0.004736638068698131,0.0002954750454121889,0.027889947276125187,0.005466837260392083,0.00723683045274328,0.2751056612323738,-0.007898819964139188,-0.005952033675324396,-0.059499999999999956,-0.049000000000000085,-0.0455,-0.0035000000000002113,-7.768499999999998,-87.53234214782714,-30.153416442871084,-158.22729949951173,-0.007200657365455157,0.005945241584285915,0.0004634862944087165,0.016907646351192577,0.004993523680803493,0.010962404766906466,0.0045300373863946105,0.007972779191082855,0.0029768079982866176,0.010312114949749577,-0.002291987571069519,0.008248774228203713,0.0016665783176519836,0.004274559700165878,-0.004688389596062293
-14,-0.004572241269578846,-0.011366562792000177,0.01967774752068032,0.013100027839008745,-0.007292723287120829,-0.01167134377434165,-0.0009969160486509795,-0.004752462782493128,-0.02911958095298904,-0.03456832993512269,-0.007353590794388484,-0.008514748109772914,-0.004642906540476423,-0.007702667523212387,0.025764910478050414,0.02038870807281911,0.019596153782216047,0.015436916576863587,0.020175602829836124,0.016019421706445113,0.005971499962051237,0.0017448278632843824,-0.00011749118207071913,-0.00023420431879313947,0.03523821871525621,0.028244456208608243,-0.00207649995405222,-0.0031476147528692712,-0.008670331137897391,-0.011768297183328589,0.003982692031141411,0.0015046614406067193,-0.002113584102938373,-0.003572295239120374,0.000776723711588408,-0.0031132053594011503,0.0007475099384096537,0.0004788471723189457,0.00403339074583465,-0.0018758725197362404,0.002585448780615507,0.0014595697676298262,0.016025451843528295,0.007412026164560312,-0.002330819362394229,-0.008937423183782617,-0.0057795223077225155,-0.007606713017835725,0.02339948509836317,0.017502356651524904,-8.640745537361325e-05,-8.5262709294256e-05,0.019703389665365285,0.012462811824316175,0.0008343029490946387,-0.002101997272439011,0.003461693745949289,0.00023463933480090318,0.028684724201300325,0.007661846785096689,-0.0023700762395792493,-0.003915272596260743,-0.009077094195095278,-0.018716844338081094,-0.00022599137512370774,-0.002938019923993603,0.0023075235580140704,0.03286670132786322,0.043949688421009464,0.028029090147719975,0.18539625877255544,-0.0069012822135371705,-0.01923138943890991,0.045583333333333184,0.06283333333333337,0.04858333333333334,0.014249999999999787,-8.924916666666666,-171.8256149927775,-6.727423604329424,-324.7591021219889,-0.004501848786529799,0.0037530102076473344,0.000325818473989963,0.012982833020428573,0.00553412716426985,0.009229822812781046,0.005208308690279711,0.005688367559415431,0.0025648878949437273,0.006099893629698589,-0.001780187418298889,0.004066008966497549,-4.917790724222868e-05,0.005403695557910258,-0.00019993760571304382
-13,0.0024395798459304055,-0.0071278056655021006,0.03185508959179423,0.02259271074012902,0.0005064431959210958,-0.005659286534597861,0.0006137724087997946,-0.004674579531904976,-0.024192098964900176,-0.03186472409679416,-0.0077050254643563675,-0.009340102585602727,-0.007784862312320355,-0.01209344747392484,0.028435695595622187,0.02086522651661282,0.01948344465906291,0.013626638258926746,0.01994511599446307,0.014092612998895445,0.0065165186316434994,0.0005647541668810444,-0.0006559698501327933,-0.0008203187949960889,0.03882985555905127,0.02898162835112576,-0.003246453533448294,-0.004754737793100337,-0.004223546029844033,-0.008585929434891594,0.0039197010963208274,0.0004302763037892126,-0.001012422229071355,-0.003066498083977222,0.002212869925829395,-0.003264711744609799,0.0011142814810253328,0.000735965523019037,0.008228439302490642,-9.265641894279581e-05,0.0011704038870630792,-0.0004149962917359884,0.019309459919418036,0.007180513155151461,-1.3488286721604226e-05,-0.009316540176735801,-0.0070152596303197316,-0.00958820791792612,0.02928570910990465,0.02098170096499276,-8.351937511827954e-05,-8.190740738643622e-05,0.023628497164911683,0.013432718336628452,0.002175207021999759,-0.0019595275654069226,0.0028314656109495874,-0.0017126928478368177,0.0305937960513914,0.0009905498498885574,-0.0036680183005598273,-0.005843877830675845,-0.010638587202769903,-0.024212746969492917,-0.00141131329769028,-0.004208908296254175,0.0011996700578823518,0.028991087488133754,0.045984644339423945,0.014682996636184272,0.0006207236527993043,0.0005117570764584479,-0.010996403319063925,0.030666666666666523,0.03466666666666671,0.052666666666666674,-0.018000000000000013,-9.311333333333332,-69.8295964558919,-40.90289980570475,-133.18627522786454,-0.006339252964813441,0.0050362589552059535,0.00021027825510368942,0.016103443746841768,0.005614590628548593,0.011067184791635626,0.005404312373444739,0.006515488724730307,0.0021171784610042425,0.008167903649522901,-0.0029283880109072544,0.0075921902576015846,0.0017974130833497395,0.005812898692476637,-0.002077825725570362
-12,0.005354115289016956,-0.0041646267426433,0.032708804560817234,0.023493518442874887,-0.00302555238703228,-0.00915993368395156,7.719658557969007e-06,-0.005253744702426217,-0.02739032682394751,-0.03502394201054794,-0.00851988504443675,-0.010146648939381279,-0.003182554233451787,-0.007469233245784345,0.02624992345938986,0.018717944933423557,0.017482557904660675,0.011655529278537542,0.017788964303678517,0.011966217202314354,0.007135216538302161,0.0012137126430552666,-0.0008157191156329675,-0.000979232460784566,0.03686488089436842,0.027066725050287177,-0.0029917540063510682,-0.004492369692933958,-0.010579524979614275,-0.01491972870885922,0.003152506259345744,-0.0003191772428292243,-0.004203839375184237,-0.006247471687580044,0.002860332535484182,-0.002589399454091995,0.0009847614206053119,0.0006083689352790715,0.0073823162078723355,-0.0008964725477840032,0.0012496504633586517,-0.0003276890617293076,0.013023252448388877,0.0009559729155599068,0.0026008451022567205,-0.006654907260013838,-0.0047904538030308485,-0.007350320443845261,0.029135533367523832,0.020873745309985123,-8.063129486294582e-05,-7.902752286228358e-05,0.02182918993121018,0.01168524952425985,0.0013225555123046787,-0.0027911568346972652,0.005841281010414986,0.0013202264267476232,0.03703841584193297,0.007585681491977766,-0.0028462304077578058,-0.005011027210348735,0.00023836193434187067,-0.013266782701209848,-0.0008080641905824523,-0.0029197523727834468,0.0011523248946243034,0.03719025941179289,0.031176493218853928,-0.008924593238131533,-0.031622888683603745,0.003016786687186566,-0.00893534325274734,0.06574999999999986,0.07650000000000004,0.07675000000000001,-0.0002500000000000141,-10.757749999999996,-107.17349796295164,10.46739654541016,-207.90044326782223,-0.0063070222866415835,0.0036450144567011728,-0.0011564294988237799,0.017941133132481264,0.007505608513795857,0.014296118675780005,0.008662038012619574,0.004530948195683882,0.0001550002707691872,0.011865598384193514,0.000825723624523354,0.00683005667461962,0.0010647418990474959,0.006973744310705916,-0.0008768612793541677
-11,0.010073296307657407,-0.004111408438425576,0.03730913533833603,0.023576636621707833,0.0002581425259872445,-0.008883232164835905,0.00048324204608644336,-0.007357323255963402,-0.009684556987586346,-0.021060070391247313,-0.008062064171197635,-0.010486246428120434,-0.00042104402864121936,-0.0068089969670572115,0.023034372391114333,0.011810316608395058,0.01859813042828204,0.009914768663291168,0.018827151792264962,0.01015017029941163,0.0066459780190283235,-0.0021781695550400493,-0.0003851558583231417,-0.0006288213043773865,0.03976348535629288,0.025162401805323024,-0.0005801545835249426,-0.0028163524320137757,-0.008669084905123617,-0.01513679967587991,0.0020323891464488607,-0.0031410681535185385,-0.003407755058251419,-0.0064531491727753115,0.004938916706124369,-0.003182202551053181,0.001020681016447991,0.00045978586294566804,0.014126518732272827,0.0017895761233034766,0.0012094227264893241,-0.001141107981589648,0.01436095297122162,-0.0036215489909387725,0.007982353206396644,-0.005810447777702344,0.002735440599550035,-0.0010792391520942435,0.03756796964779652,0.02525636125657083,-7.774321460761211e-05,-7.535329457051442e-05,0.02504571889577988,0.009929351716601871,0.0037444476026868984,-0.0023857526757170055,0.011912834904982985,0.0051756185588581844,0.042765010057706845,-0.0011250690440651918,-0.0018798084820720842,-0.0051057603334703425,0.009488321936222245,-0.010636867775955995,-0.0032088786484267247,-0.0049457263884580185,-0.0016042874578514152,0.05143611277102972,0.01715801273114271,-0.008359602106656337,-0.0721647630019653,0.006393384325743084,0.008981069398609742,0.0408333333333332,0.07833333333333338,0.07083333333333335,0.007499999999999686,-12.264166666666663,-148.96247545878092,-34.69898351033528,-262.19838205973304,-0.009398642033307826,0.005757093349544192,-0.0013979555673668406,0.022809084453943758,0.0072582023001688395,0.017051991104399384,0.008656157867535534,0.005300879593366458,-0.001220100709775864,0.017114631242061827,0.0006631544209864068,0.009510949048716756,0.0009195524557936109,0.009393597879156496,-0.00230527178267084
-10,0.008302884254813458,-0.005022732615223126,0.03462773849069654,0.021726940071428124,-0.0034298333481271315,-0.01201756633065514,-0.0002847053675684822,-0.007650411677985025,0.0005687773976732202,-0.010117785067365843,-0.006856607613861018,-0.009133970770666541,0.0032235529820171488,-0.002777517534777514,0.022453923679740105,0.011909645898439247,0.0195454516620887,0.011387992335616227,0.01938353929191521,0.01123207382034161,0.008445689530798287,0.00015597100076198897,-0.0009747919562038159,-0.001203699955115959,0.037523649117014335,0.023806871167064664,0.0004419572902141832,-0.0016588066176698379,-0.01575650444287286,-0.021832506065929177,-0.0018063164122376222,-0.00666644646830359,-0.007406862416736902,-0.010267814118929793,0.000381668099505756,-0.007247600589143411,6.453703886226999e-05,-0.0004623878463311485,0.010181689842554319,-0.0014080734621878832,0.0014679432366956967,-0.0007402290318011599,0.014604646164963162,-0.0022887566799992785,0.0066157643963590685,-0.006341684120820763,0.019869362432536515,0.016285716402376096,0.0354096026263307,0.023843639188092403,-7.48551343522784e-05,-7.260995834513014e-05,0.005025691215747478,-0.009175162527940543,0.0015136879686899183,-0.004245240518641469,0.011277420431798583,0.004948239429719679,0.049908615020917924,0.00867671143354719,-0.004327614372838863,-0.007358188444166585,0.012621709690301018,-0.006284610345394152,-0.005654342237328197,-0.00805219928856229,-0.0034303288544433336,0.03298735022157975,0.02971070001168369,-0.0076910737363168405,-0.09688005260810124,0.0028258959117587017,0.007264215324862026,0.12591666666666634,0.2101666666666666,0.17491666666666658,0.035249999999999886,-8.34058333333333,-158.18458131154378,-53.23530337015787,-262.21412480672194,-0.008829419087419969,0.0011780815385167114,-0.005543626262941454,0.022363580708223755,0.007754528120821975,0.021185499169706863,0.013298154383763283,0.003897323835869734,-0.0022287173255245776,0.01850087721945004,0.003045773924157527,0.008456782290944992,0.0003857183227333169,0.008004485058401376,-0.0029858497928795342
-9,0.00428928004204541,-0.0042080323669385035,0.03407397518201074,0.025847555680160797,-0.0047120334931248075,-0.010188151465686279,-0.0007279136956039079,-0.005424785010669849,-0.005012777454119014,-0.011827250714846105,-0.007074510690113252,-0.008526711094853931,0.0021095136372603165,-0.0017171738224555212,0.006135562702950178,-0.0005881802433360429,0.012897618446335864,0.007695871987867722,0.012916715714471956,0.007718791342298701,0.008989928911863449,0.003703845061542759,-0.00158971340680319,-0.0017356805915603553,0.023943445745810296,0.015196702640245965,-0.0002085359640983911,-0.001548124772399423,-0.020702328765469902,-0.024576797354214575,-0.005006171145111305,-0.008105317986676746,-0.0019017710537647843,-0.0037261068903451247,0.0006779330321096119,-0.004187003438133737,0.0010925202081333491,0.0007565173491869651,0.011084847855195411,0.0036944327992129464,-5.462817861330875e-06,-0.0014135424438382243,0.008105526399246304,-0.002666847069425198,0.003668264582819793,-0.004594278843697026,0.014468039290778598,0.012182864789779722,0.013991102630778181,0.0066158639754793115,-7.196705409694468e-05,-7.053537839052452e-05,0.0021603832634529757,-0.006895039229275091,-0.0006011010013648619,-0.0042733823655309025,0.01125325292141068,0.007217340078336223,0.0522763093695445,0.025984065684616177,-0.005945841417623841,-0.007878339921354817,0.009593374897905092,-0.002462570385106242,-0.003225034709581869,-0.003722204736674661,-0.0027953594304728525,0.013668694948393286,0.039076302827929066,0.025834090921916755,-0.0946059951854205,0.022544628882690623,-0.00280032159589719,0.010999999999999871,0.08200000000000016,0.038999999999999924,0.04299999999999959,-4.916999999999996,-88.0246757507324,2.6626647949218807,-185.69097290039056,-0.005630233339842911,-0.0004435755043114694,-0.004729789918844434,0.017468543571504153,0.008152825954441455,0.017912119075815542,0.012882615873285829,0.00342901032170091,-0.0004773668529055807,0.01815491416296945,0.00829969753067131,0.007383197533517927,0.0022365425846577825,0.008558951951094056,0.001550772921073567
-8,0.0029987949734941607,-0.0041932690972816145,0.041341716995238545,0.034378934731539364,-0.004148120919944983,-0.008783067762213473,0.0006661143615911664,-0.0033092837177390103,-0.008864684565660448,-0.014632405692156968,-0.007701451753959536,-0.008930583725553174,-0.001773631596632815,-0.005012512323203804,0.002426831140812951,-0.0032640965004951854,0.008936970517210527,0.004534249749914718,0.009282934767494403,0.0048834489865323665,0.006618388467101511,0.002144285138288445,-0.0018390263250185643,-0.001962571899722205,0.018465858284868655,0.011062677867572781,0.0014419785629744347,0.0003081602361810047,-0.024642916153037844,-0.02792223848335475,-0.009401033009671388,-0.012024128592895488,-0.0025343004690567663,-0.004078405192030824,0.0028389392477397987,-0.00127870796942634,0.0003016518279820282,1.726142626497587e-05,0.017165960557240702,0.010910766440091887,-0.00028435404035035837,-0.001476142502320155,0.005796486354519147,-0.003321173024356727,-0.0008003013140548822,-0.00779365860762084,0.0024634943686851814,0.0005293391166421128,0.015273169832938962,0.009030820912109487,-0.00020234301007331096,-0.00020113125005866674,-0.0024170514778740267,-0.010081495907007599,-0.000264559676948142,-0.0033727521954524985,0.020283087259093176,0.01686711967376943,0.05046110794470798,0.0282075421058752,-0.005018282626948719,-0.006653935452990155,0.015621018836205166,0.005416953511089889,-0.00024022647638924106,0.001696675420631467,-0.0021051975933177713,0.009653793843955018,0.07856601151852444,0.04926553189951545,-0.09233806463181765,0.02735461348162424,-0.024935326770370907,0.06608333333333322,0.1338333333333333,0.0030833333333332574,0.1307499999999999,-3.9734166666666644,-75.9965222040812,0.12016703287760988,-151.79025751749668,-0.004765388980021054,-0.0005806217519607502,-0.004208442786034033,0.01879622225056265,0.0109114659014453,0.019376844002523423,0.015119908687479372,0.002471582886676186,-0.000834746641079219,0.020709691883288764,0.012368307450262033,0.008354531458332863,0.003998439748294918,0.009438253057643935,0.0035065807620502194
-7,0.006682695728180312,-0.006639960102974855,0.05214476909525735,0.03924683731744301,-0.0031515831787417587,-0.011737407911054223,-0.00031783894960045933,-0.0076819085520891854,0.006841274733003616,-0.0038429131082355662,-0.00495016680095612,-0.007227023912831776,-0.0031670088869819473,-0.00916674592681238,0.015032545390324023,0.004490610616239373,0.013700109100284689,0.005544462414418265,0.01403333514274355,0.005883680979902391,0.007422066295080673,-0.0008658102054929099,-0.0017294210865484384,-0.0019582782206119475,0.033233223508942214,0.019519493516414226,0.0031652144574959608,0.0010649173530381964,-0.011241576488354185,-0.017316227984266304,-0.002576141249672672,-0.007435191353177712,-0.002906347910658448,-0.005766663890744762,0.0035363410085217854,-0.004091232406922081,0.0001722958263903073,-0.00035451197266084386,0.018383388658897295,0.006796200675065674,0.0006901316533270142,-0.0015175499449061197,0.004351754834740288,-0.012537894186053916,0.003175964708120342,-0.009778604579584597,0.0005103589499505651,-0.0030724907707154383,0.03132380064977834,0.01976040724396524,-0.00022610560608048462,-0.0002238609289660719,0.008366238715984372,-0.005831459505486966,0.001224115237412078,-0.004533533578491517,0.022573914223433272,0.016246139606605987,0.05385823658262475,0.012635494992846155,-0.004269277356599598,-0.007299178014625277,0.01659232126897144,-0.0023097976592420877,-0.0026267399024578132,-0.0008618984997270044,-0.004332623766359589,0.02513057401720905,0.043985909816528015,0.010249015171305748,-0.030321300226395502,0.016341114241223857,-0.005667893347457223,0.13116666666666635,0.16566666666666663,0.05716666666666659,0.10849999999999989,-6.62983333333333,-39.40298474629716,17.56704915364584,-57.28573659261062,-0.008827457132977397,0.003432820326795169,-0.00328739386739935,0.025765601621536544,0.011159795260793828,0.0223327812947414,0.014447189128193238,0.0036030494274946617,-0.0025216304876440375,0.023496153529377176,0.00804448445872282,0.009786787249068798,0.0017175167238517221,0.011702787549608115,0.0007148948223303069
-6,0.012789259062210363,-0.004726950767743131,0.05655172056276395,0.03959392459056012,-0.00034234640171403475,-0.011630719341792413,0.002808821644417815,-0.006873225988902332,0.010774623175767082,-0.0032726117345680946,-0.004781704966346203,-0.007775245250646849,-0.00640234169361288,-0.014290607685477179,0.016811572932824898,0.0029513678913696394,0.015835170348155653,0.005112382004818672,0.015691104445227397,0.004976194883122299,0.011137048813016635,0.00024040885859396514,-0.0016903115991291128,-0.0019912057775979294,0.03147841260974597,0.01344803074408918,0.006293293180799286,0.003531888453905875,-0.0033625097731304256,-0.011349270941080788,-0.0008083642186104553,-0.0071968908206574665,-0.00102855640248753,-0.0047892100981265905,0.0038954868118759724,-0.006133007366127966,4.29671363078864e-05,-0.000649663226975756,0.02451463031556539,0.009280159153345766,0.0008888097289776867,-0.0020137807606713794,0.0068821656469409305,-0.015323814898669866,0.009237492386563568,-0.007794768806393768,0.015615747275640749,0.010905128890557508,0.032740069364500524,0.017536882566800246,-0.0002498674918480134,-0.00024691626081458826,0.00991013387938457,-0.00875655422705782,0.001821873111851498,-0.0057481028797752454,0.02533483283946537,0.017015273334985564,0.05840950823834003,0.004211141140696222,-0.0039865438084106765,-0.007970162117140207,0.024581839267168514,-0.0002700735626336532,-0.004816246443190486,-0.003816723344296976,-0.005805983545004208,0.02584444775730418,0.031585252812635196,0.026954467789837542,-0.01213423584675815,0.024823090946290476,-0.007281006361512039,0.10624999999999968,0.11749999999999997,0.031249999999999924,0.08624999999999988,-8.066249999999997,-45.57708644866942,-9.011653900146484,-67.49798202514643,-0.01160606363819464,0.005898644492039888,-0.002936882254246743,0.02922013866503384,0.010016882783263015,0.023321494172993982,0.012953765037509833,0.005823789895719038,-0.00222874706796902,0.027324774978503788,0.007009405348399295,0.011570989724914833,0.0009617660471681489,0.013636060576695395,-0.0008104759877284786
-5,0.011649363398552614,-0.005201958944752087,0.04974003555912226,0.03342593057101367,-0.00206136488188251,-0.01292124912575629,0.00561865511335519,-0.0036958773794735613,0.014595422098918847,0.0010813979005224166,-0.0051181302852248865,-0.007998040537964312,0.0015145372310792875,-0.006074302720547759,0.01450714401403127,0.0011730503279384756,0.014945455579887716,0.004629687240346113,0.014797555021503744,0.004489366397180201,0.013665060593424996,0.0031820397736523117,-0.001439660588317787,-0.0017291333019827696,0.026600276478164233,0.009254299252458385,0.0020706275547946115,-0.0005859586373639291,-0.009835189970071868,-0.017518786377439043,-0.0014679426846234385,-0.007613970970136223,0.003978712821684688,0.0003608075635286121,0.002384300634811659,-0.007263527842471862,0.0007400437810282654,7.370456553806805e-05,0.023409777535891983,0.00875358268685915,0.0003111241546806592,-0.0024812886130657352,0.0018886979216793725,-0.019474378894364583,0.011089409272856692,-0.005296334354573099,0.019738767506630832,0.015206956708863866,0.025358767238279904,0.010732669249009475,-0.0002469794115926797,-0.00024414020459889458,0.0027929797710657678,-0.015165150521806382,0.002122272112789018,-0.005160359621151485,0.03028116329152577,0.022277401043567714,0.0641536636784469,0.012012580458414463,-0.005211135587255055,-0.009043542076146141,0.024723100100596987,0.00081452638469181,-0.005017363948375558,-0.003915535273263729,-0.006105996508699927,0.004276985714160412,0.00687654857373278,0.0026342180708947387,0.0278454833804889,0.04038057497968439,-0.013151843783708254,0.04133333333333322,0.0593333333333335,-0.024666666666666746,0.08399999999999988,-4.272666666666663,-41.17146097819009,21.028516642252626,-105.7072977701823,-0.011165515907995081,0.005568126571824807,-0.0029320176214673492,0.026823538182583838,0.008349207374368044,0.02125541161075916,0.01128122499583557,0.008131640985514315,0.0003847655270782331,0.0276019569433218,0.008057726457177727,0.010712106819332368,0.0005055924111634735,0.015686460359098275,0.0017882913627925998
-4,0.010159479001991564,-0.005089284090662225,0.05623551879581346,0.0414728837358302,-0.005582656183617786,-0.015409766405283586,0.0042498280301339645,-0.004178893254068659,0.007385021917131014,-0.004843819786298477,-0.00324373655964427,-0.005849767604417225,0.0021125002725979553,-0.0047546416770309794,0.013906588530883245,0.0018405659640984267,0.01186289979001968,0.002528160098753413,0.01169723463875549,0.002369353832466634,0.011892610122890359,0.0024065236473335507,-0.0015543992694041612,-0.0018163431538387685,0.022225077025274494,0.006528700685381592,0.0013143436935727374,-0.0010896013888460293,-0.00745435515941191,-0.014407242234298321,0.0041894700099508785,-0.0013720715342217535,0.003602534621227106,0.0003286918301770731,0.005107135066818445,-0.003623185783468254,0.0007759633768709445,0.00017299296129451536,0.023904250510013176,0.010641858482869377,0.0006291695451880317,-0.0018976850176044534,-0.005418618892013786,-0.02475006900978147,0.013312211566521017,-0.001515249304578675,0.017545155910426314,0.013444319915004558,0.021564968188574684,0.008329810812516415,-0.00021744136531448344,-0.00021487216665237155,-0.0023915654372084344,-0.018641879142222657,0.00015409644944803765,-0.00643595765666332,0.028390162631625266,0.021147557459009248,0.06240625777613827,0.015223786916068285,-0.0042827085239403335,-0.007750653497829473,0.01884064685662306,-0.002794223633047399,-0.00403484889393003,-0.0010690228818222005,-0.006882901297127845,-0.003082015442578756,0.01398623405184566,-0.005277639780208364,0.036355876891146555,0.04000619284502801,-0.02270233888909237,-0.01358333333333344,0.02116666666666684,-0.05058333333333341,0.07174999999999968,-4.65908333333333,-43.85329888661698,77.56743214925132,-122.43330663045242,-0.010103676341810723,0.004245653406328826,-0.003446127832928497,0.026335066606994733,0.009617643009568506,0.02208941320066604,0.013063770842497177,0.006516532430038591,-0.0004936158638085425,0.02746891965079291,0.009783343739307072,0.010258502359192904,0.0010226265601781205,0.016568808596969756,0.003992354231622322
-3,0.012568653261710914,-0.0021203919374762517,0.06313539728901267,0.04891463640909133,-0.005568430008494946,-0.015034828387586121,0.010714380763471539,0.002595042351384226,0.01107904724932898,-0.000700925160493489,-0.004915206247377253,-0.007425580864292683,0.0015040892042662232,-0.0051109888761276855,0.008566883625645618,-0.0030562460525445107,0.010841491618172442,0.0018493909202663603,0.010886944729213536,0.0019014511554943168,0.01261963071587502,0.0034817385369361976,-0.0017075789853804354,-0.0019599080126419493,0.02201601492196235,0.006895786473320819,0.0013260566195420428,-0.0009896497598838828,-0.011541012662780951,-0.01823868852588445,0.006451961102552596,0.0010945603335114932,0.006446322320878324,0.003292648515300313,0.006282257121013032,-0.0021276104068685,0.0006465527251681236,6.571481494825826e-05,0.023142519970598567,0.010366934518037704,0.002142943675052804,-0.0002911606951903523,-0.007746484244628144,-0.026368358216984748,0.013444162520548041,-0.0008390446878903893,0.009702961866278496,0.0057526502950912125,0.017499888423030664,0.0047505379521760975,-0.0001212728105935984,-0.0001187979163976466,-0.007693158580604237,-0.023346991685855963,4.5211709726400925e-05,-0.0063029492553025365,0.024642751601988765,0.017665991972765055,0.06319986258812295,0.017749261587784164,-0.004179476609902212,-0.00752012792438769,0.016016648009855035,-0.004824097470309877,-0.004121737537542803,-0.0012413057207590723,-0.006892492317768364,-0.003248974481698524,0.04008764492654374,-0.007507664163880367,0.036151618299360304,0.043796653643480926,-0.04472657424955149,-0.018500000000000103,0.013000000000000178,-0.05650000000000008,0.06949999999999967,-4.685499999999997,-118.41846809387205,65.13950500488284,-197.8558486938476,-0.009732812921351966,0.003665245408999145,-0.003744202924560582,0.026598543615584228,0.010494746255465632,0.022933298206585222,0.01423894918002639,0.009349215937854167,0.002596380674059355,0.028054095613566022,0.011017682734765097,0.01071319601790414,0.0018163303349973535,0.017140613020775436,0.005025787346350651
-2,0.016705484372063064,-0.00020534443845537714,0.07204766435597858,0.05567594995693956,-0.0069647502924523215,-0.017862983654130492,0.004660875722570613,-0.004686548843123629,0.018706422666250746,0.005144676881292468,-0.003688079002531337,-0.006578158978544808,0.002929811122514491,-0.004685827026106945,0.004153556861940991,-0.009227623028580842,0.012588598197132305,0.002236402156667554,0.012506415982539083,0.002161826423267543,0.011765102877291782,0.0012450637439408393,-0.0017710147431514872,-0.0020615096613766848,0.02747814584946581,0.010070915399588987,-0.0012066268380335314,-0.003872594137260324,-0.014604364934524293,-0.022315094148942678,0.005107606364997812,-0.001060125168676498,0.003894178216490342,0.0002634971798973636,0.00781447975867822,-0.0018674177475676119,0.0003518938056038027,-0.0003167984295409948,0.02346442233784146,0.008756472596195783,0.0006681669772832764,-0.0021341065370221054,0.004277618228142098,-0.01716089725106669,0.018713252180292565,0.002269646166987411,0.02068011827337718,0.01613230445548145,0.018199692877060546,0.0035219462751333603,-0.0001050582379375532,-0.00010220900495444531,0.004126553101890562,-0.01389499208921463,0.00041935732256582087,-0.006888991306326708,0.020292248542557866,0.012260222897455554,0.060379048917144525,0.008053841769273595,-0.00565498291986089,-0.009500922647653643,0.02062237939693911,-0.0033706218035852854,-0.005062662688221676,-0.002773750504312744,-0.007278670932881583,-0.013610587563634893,0.035569999176967224,-0.00046674904666476995,0.007342549125910657,0.04035301502758564,-0.04483244707888254,-0.0034166666666667657,0.034833333333333515,-0.062416666666666745,0.09724999999999986,-3.651916666666665,8.068654568990112,51.7741923014323,-3.4073885599771643,-0.011204944291879008,0.0032050351292789644,-0.0053251253168297655,0.028261541657673826,0.009721973110950721,0.0250565065283951,0.015047098427780773,0.007020489973866343,-0.0007537417466532024,0.029706116548730434,0.010092870225909096,0.013714514474241475,0.0034719581696194156,0.015305429813334515,0.0013581827137879796
-1,0.018823762498345213,0.0021981436258586987,0.08172777448325658,0.06563217757683401,-0.004009690822198897,-0.0147241198005101,0.008182268395290187,-0.001007506985316123,0.02095708018754241,0.0076240603105968046,-0.0020078560937217206,-0.004849193365276294,0.007419155794720559,-6.804064895671313e-05,-1.1899636654435879e-05,-0.013167398957043837,0.011103295154093768,0.0009256942931011685,0.01138706847544683,0.00121694580837932,0.008770707245921544,-0.0015719059467534332,-0.0021612146525260612,-0.002446810222614397,0.009295182743725868,-0.007818465695857719,0.0005819728304351944,-0.002039031541384121,-0.017519568768048534,-0.02510025251715789,0.005050616216838629,-0.0010130933112777604,0.00517004558355666,0.0016005978741449188,0.008383700314199508,-0.0011349069465634862,0.0007183919168534818,6.0977524627267446e-05,0.026820454022856852,0.01236056151609858,0.0006279392404139489,-0.002127072471154336,0.0053225077048855395,-0.015754436041806007,0.025140003506249592,0.008973727475089312,0.01651084918289796,0.012039736614344668,0.008162794801348327,-0.006267403957377932,-0.00012882296489059107,-0.0001260217857061264,-0.00014827666790663985,-0.017865879110564302,-0.0005439418833348593,-0.007729031405124036,0.025213995287525964,0.01731743393942402,0.0620759136357873,0.010633198366662697,-0.0057670595290939325,-0.009548135479733669,0.017363798000496984,-0.0062245487349934375,-0.005440787649491248,-0.0021200663813712157,-0.008632174952224802,-0.03236133679708726,0.0389341832747523,-0.002371128922709873,0.03139526817968421,0.04509188575776736,-0.047908682462841155,0.041666666666666574,0.06666666666666665,-0.14833333333333343,0.21499999999999947,-1.4683333333333306,159.0750338236491,113.7748769124349,248.96728006998705,-0.01101596706888505,0.003246816361679789,-0.005139478484493129,0.02638481334184282,0.008157924277337681,0.02313799698016328,0.013297402761831103,0.00824646081809752,0.000603345565735706,0.03266484479459185,0.013382386089043139,0.01683853859078331,0.006768728334368701,0.016687868584802194,0.002975849073775944
0,0.009072359626265864,0.007933121411568905,0.05938281934708388,0.058279899857301753,-0.010141435960707674,-0.010875621378668186,-0.0001788061473065386,-0.0008085176412584204,-0.010550710633816521,-0.011464329902827159,-0.004393131398926704,-0.004587828512184519,0.004001995529174426,0.003488949947232448,-0.016064229368950862,-0.016965684386905697,0.0010258658405177326,0.0003284655257563124,0.001150009706450076,0.00045312182039051606,-0.003497511050854194,-0.004206218514876675,-0.0025256418887570353,-0.0025452117700281154,-0.013421164120450971,-0.01459384361255259,-0.00257491885807358,-0.002754518087682156,-0.020472833558899676,-0.020992285176716415,-0.007850508199143454,-0.008266012107312808,0.0008047829610663779,0.0005601934954282684,-0.0026678869460957048,-0.003320131005419038,-0.000996510664557939,-0.001041558707837417,0.011452301665520144,0.01046146564007928,-0.0031087095657264785,-0.0032974913877944862,-0.0021659612561081183,-0.003610217854879647,0.013466259722696116,0.012358497083284493,-0.0009066597749762539,-0.001213034072340734,-0.011056754965297592,-0.012045556284376249,-7.262855982721281e-05,-7.243661446880957e-05,-0.010284295672962341,-0.011498359939098436,-0.007129635122201539,-0.007621979414586771,0.013789303745102462,0.013248207228849219,0.05092023809752988,0.04739522603320625,-0.012061586140625812,-0.012320677020109937,0.001210710955481857,-0.00040563465118090974,0.00553099577567988,0.009355094576613711,0.0018610736552916798,-0.01768223612467143,0.056585186603594885,0.002212998851027724,0.07175153201880885,0.03965181736983808,-0.08489959902787148,0.006749999999999916,0.008500000000000188,-0.2442499999999999,0.2527499999999995,-2.1947499999999964,98.17678050994874,119.92425079345706,100.77264328002937,-0.000754847729457192,-0.0042978825286717915,-0.0048725370808874145,0.011007840490330918,0.009758878348434974,0.015305723019002961,0.014631415429322638,0.0005919955067362958,6.826589151978169e-05,0.02073219112278566,0.019410898123159014,0.008780082871511047,0.008090068698394178,0.007155723919638774,0.0062161344374401396
1,0.019047448549370714,0.009507242137073482,0.05179759572203768,0.04256152950434515,-0.0018981365356124501,-0.008046350615759965,0.0009445385153416357,-0.004328790236270688,0.0077429297322182435,9.210105023613191e-05,-0.0026978309089479876,-0.004328263091081246,0.007589699052316995,0.003293353751132062,-0.009252256947803988,-0.016801219782567944,0.008384103853980395,0.0025439355125463905,0.008167081642648523,0.0023312044806397024,-0.0011187545242701317,-0.007053611172761955,-0.002569808241429422,-0.0027336903026012552,-0.0030929759591744113,-0.012913226250807474,-0.001519823520029754,-0.0030238230346625594,-0.015549234528544217,-0.01989922524272653,-0.0006064506182003378,-0.0040859626271143226,0.000865194111940596,-0.0011830465091675771,0.004358618104817483,-0.0011034028113211273,-0.00109260427022666,-0.0014698455054766896,0.021453316210859937,0.013155859119359067,-0.002910870404673406,-0.004491766766982883,0.011842018745320823,-0.0002524720177614643,0.02022613903773734,0.01094951532596234,-0.0024142090923955704,-0.004979848129580798,-0.005374983740205911,-0.013655401797698315,1.022433595175745e-05,1.1831724393811038e-05,-0.00016465897003984167,-0.010331473554831041,-0.005946294850985319,-0.010069283453962411,0.01929510424417566,0.014763854864164245,0.07005770244035946,0.04053855335841713,-0.00889042444008019,-0.011060102772438178,0.015597423041107531,0.002061824847296667,-0.0004746055072175929,0.00244181584094584,-0.003292155139427139,0.004276953200964002,0.026971171365739666,-0.01183608423139498,0.0396635950218008,0.0341258284658087,-0.04868477921996619,0.011833333333333255,0.020333333333333526,-0.20016666666666658,0.22049999999999967,-4.951166666666664,242.78460019429525,92.91211039225263,352.24737904866544,-0.006321244368361635,-0.00015983678444257254,-0.0049721078030737316,0.018538975447093913,0.008079919139891579,0.01869881223153664,0.013052026942965488,0.003325604756643172,-0.0010602107549332429,0.027495985491108172,0.016431216257647475,0.012814587608663983,0.007036272280033134,0.014179957307168554,0.006311648917089795
2,0.023160124669008263,0.017294589494282406,0.052347542241542984,0.04666899935318971,0.000558343863822574,-0.0032217175300656917,0.010108090096741811,0.006865928036117453,0.01178326736069521,0.007079364445961356,-0.0015381663322654713,-0.0025405929990491784,0.0017672974907694625,-0.0008741929967304072,-0.031045195531532614,-0.03568646901414106,0.0043399991695203585,0.0007493312790598059,0.00414857322828227,0.0005605436522115449,6.354349258403053e-05,-0.0035853409155995513,-0.003305273756956896,-0.0034060321633023723,-0.024349818541788453,-0.030387531042006317,-0.0015430079087162282,-0.0024677009053455444,-0.00943256258400246,-0.012107035487531947,-0.006445984079212821,-0.008585266941359155,0.006215824971956814,0.004956520205350679,0.0018538504252738693,-0.0015043238556728344,-0.0010566846743839807,-0.0012886211377149948,0.01574798463525343,0.010646519915554813,-0.002593891493700634,-0.003565862415500589,0.013897902675973167,0.0064619355778384405,0.024286476699773366,0.018582998144636945,0.00025611231971751306,-0.001321300722296117,-0.02434526775157343,-0.029436256486895948,-4.01981712882676e-05,-3.920991243527673e-05,-0.009375289201643842,-0.015626077285761316,-0.006904129793144099,-0.009439036652662738,0.012516228828430858,0.009730313988092328,0.07226162870668763,0.05411258666448126,-0.010073859856973668,-0.011407827281397756,0.0011027576045241055,-0.007219235011318671,-0.0008678112712758653,0.000568606414059068,-0.0022937888572720573,0.0016643938225195348,0.06951923204033364,0.033331080496227725,0.0020512343638445507,0.04546179709747122,-0.060500164596313306,-0.1330833333333333,-0.13783333333333322,-0.4460833333333332,0.30824999999999947,-2.4175833333333316,178.930566851298,148.77036183675133,231.8715288798015,-0.0038864443376057773,-0.0003496405387936534,-0.0033083338531973293,0.01059697936333931,0.0041665144432871904,0.010946619902133218,0.007474848296484787,0.006824162765659848,0.004127663964559457,0.023614033795009783,0.016811162836638097,0.011888884008812817,0.008336244752805292,0.012721281499360235,0.007883667129915534
3,0.021549433076302815,0.022036761309292364,0.05231624443509315,0.05278803672502105,-0.004502513856779902,-0.004188453743797686,0.008080396544320585,0.008349766185965201,0.0027611164347578765,0.0031519323837388294,-0.002152709685870655,-0.0020694247337438207,0.01573250858787363,0.015951972431050083,-0.04901287028938374,-0.04862725780259024,-0.003889597843159778,-0.0035912731743639394,-0.003968865673458184,-0.003670760204624725,-0.007126623724400706,-0.006823462233069891,-0.0035157441041442704,-0.00350737275955925,-0.0461246542754096,-0.045623020975739274,0.0005241094670478976,0.0006009360464957363,-0.0142262805509668,-0.014004076418619005,-0.009821025161982504,-0.009643286403963156,0.007492297306749732,0.007596924548497402,-0.001452728802329644,-0.0011737204783396388,-0.0007897305378505016,-0.0007704604826084867,0.006778871614101721,0.00720271832432548,-0.0013232687777148615,-0.0012425141904985055,0.006773038242212309,0.007390843199229177,0.02405047965479129,0.024524343683114725,-0.0012272056795909034,-0.00109614894093702,-0.04247825838778925,-0.04205528205730115,-6.396431906121165e-05,-6.404642690409696e-05,-0.02390917470614634,-0.0233898383760275,-0.008819387746640579,-0.008608779226898806,0.011880253406637056,0.012111716506926967,0.07126276163890911,0.07277064460702971,-0.012574522876179947,-0.012463692411704792,-0.002555143822705021,-0.001863724909405227,0.004012875682593562,0.006751895382745697,0.0013570287682833243,-0.01409699197273653,0.14062139268237853,0.10651592679639212,-0.020829732898971196,0.06316527544424394,-0.10174237475576002,-0.24800000000000005,-0.2959999999999998,-0.632,0.3359999999999997,0.7260000000000035,266.55944366455077,218.2444274902344,362.16242675781257,0.00032289876289867984,-0.004505660536960134,-0.004259842424560232,0.0037378631884079057,0.0042721276695576165,0.008243523725368298,0.008531970094118099,0.003867942725870324,0.004091976843278905,0.024009891986719697,0.02457509720408576,0.010892064880798552,0.01118723000375945,0.011131172585300414,0.011533097728074196
4,0.028122667842135764,0.02589006701187752,0.06414570610766955,0.06198428022076621,0.004379611492221021,0.002940805321083105,0.00605720779171696,0.00482314244341393,0.0053445125720714415,0.0035540642600161293,-0.0037087697815619386,-0.0040903238157407405,0.0275434142008874,0.026537982696372194,-0.05632852643952667,-0.05809513608759029,-0.004066925444452115,-0.005433642696096341,-0.0042131969428414375,-0.005578909971900381,-0.0007402125088002438,-0.0021290887351895545,-0.0031503661218583445,-0.0031887178314571056,-0.04975842929742884,-0.05205656604698418,-0.0029457335114863765,-0.0032976997499473176,-0.013952025145021243,-0.014970010758789589,-0.007853263822164587,-0.008667539851872035,0.00260417232098965,0.0021248426803478796,0.0005537123761632425,-0.00072451074661326,-0.0015457072449802226,-0.0016339893070896165,0.008793193535667314,0.00685142112625293,-0.0019595506539458888,-0.002329512306609385,0.009924841642771852,0.007094486726718605,0.028688947940313216,0.026518030781308568,0.00890367406008328,0.008303262748523055,-0.04215357549793807,-0.04409136042953174,-6.107623880587794e-05,-6.070007747192081e-05,-0.028557225290167142,-0.03093646507829462,-0.006272306923111259,-0.00723716946175474,0.017375879119847053,0.016315475320314944,0.06803927159370358,0.06113119498606214,-0.010797006228992826,-0.011304754744787185,0.004924644512318053,0.0017570413746551762,0.00363318845683199,0.005940813134047026,0.0013803608140687995,0.004207032437134103,0.20804935988589762,0.1703547010459805,0.04336117074756436,0.05311752506985176,-0.08735676908283153,-0.11291666666666661,-0.12416666666666656,-0.5479166666666667,0.4237499999999995,-1.8804166666666648,248.67626603444415,134.00914255777997,329.96144231160486,-0.0014792987504838625,-0.004719312662197015,-0.005845481196430703,0.005398976702542302,0.0029513464536748794,0.010118289364739578,0.008796827650105844,0.001482727723288,0.0004563583839534242,0.02841674940645951,0.025827370109026488,0.016168569070775886,0.014816326672375958,0.011653794226590894,0.009812451273908618
5,0.032609987869464216,0.03172211176086258,0.07751583015427375,0.07665625938842727,0.00040317561896244594,-0.0001690187504690987,0.009853896584057234,0.009363124958264777,0.016556518275023708,0.01584448043179843,-0.003705553358003022,-0.00385729239997442,0.048379041970120565,0.04797919502946024,-0.0689120722454888,-0.06961462976427257,-0.008850753677845151,-0.009394279228181996,-0.00901091935917919,-0.009554045543346717,-0.004824879414998681,-0.005377217299363451,-0.003527207476610919,-0.003542459449205065,-0.06230545615259498,-0.06321939503794136,-0.002968917900172851,-0.0031088902633147706,-0.021978133971038982,-0.022382973516521257,-0.01215596279709267,-0.012479789709089572,0.003443676909148968,0.0032530537891077536,-0.002320212617502171,-0.0028285452118442444,-0.001542769723383501,-0.0015778783432060378,0.007858507885017607,0.007086290430246956,0.00014768127482218344,5.523711476742438e-07,0.0031254754192610937,0.001999880339850417,0.03139977465679954,0.030536429336350732,0.013438073837193865,0.013199298122501136,-0.061287058864529995,-0.062057690551597516,-8.484167615021715e-05,-8.469208171449279e-05,-0.03405334275354814,-0.03499953525508388,-0.00829958227041824,-0.008683295464705271,0.015201503439598852,0.014779794737212476,0.06494903440787365,0.06220178281986576,-0.012477192406065703,-0.01267911734053758,0.012248205975285326,0.010988491695264587,0.0051621004822286175,0.008246996513390954,0.002173435972359081,-0.001228492153886965,0.1751960438197293,0.1401962946082764,0.038846560654655915,0.05851407003002298,-0.10824585190091585,-0.11783333333333328,-0.13233333333333322,-0.4938333333333334,0.3614999999999995,-2.1668333333333294,161.39330813090004,284.70708516438805,103.27052866617842,-0.000588297737884005,-0.0071650117284300955,-0.0076128742044506564,0.002981772838507198,0.00200838234648239,0.010146784566937657,0.009621256550933408,0.0014288847113419758,0.0010207110680082458,0.03466361708206582,0.03363385484999116,0.01937920280687162,0.01884143371608498,0.009440141155993374,0.008707863180785648
6,0.03836791235417997,0.04700844383809154,0.07160874475528625,0.07997381753176172,-0.003557085531017229,0.0020113303955885966,0.010605215146087308,0.015381250499430423,0.0030968905927086735,0.010026219293549833,-0.0038209932074729437,-0.0023443164991004714,0.02993854096596803,0.03382972583517516,-0.07804947642103653,-0.07121240726071111,-0.02059986669079559,-0.015310446709225923,-0.021401411373371947,-0.016115877897955704,-0.013942456996737618,-0.008567278147599123,-0.003225831292857993,-0.0030774038848955915,-0.09087655100071892,-0.08198238475758884,-0.0030616094828810926,-0.0016994423979822208,-0.030048048928775925,-0.026108277597186404,-0.018043728287538655,-0.01489234646597593,0.009669768379707486,0.011524852725733732,-0.011052438550430284,-0.0061055053655418015,-0.0022321806792708217,-0.001890514615735129,-0.007195522408086701,0.00031945537510939814,0.002139853065928456,0.0035716653560408573,-0.0013186222509690643,0.009635315609912756,0.04053783900157466,0.048939644558179125,0.006186398931126648,0.008510089207741278,-0.0896133143773565,-0.08211376878749492,-8.195359589488344e-05,-8.34094019686952e-05,-0.046992457187570044,-0.037784408879752915,-0.01131585233658012,-0.007581676020865178,0.01180775087547335,0.01591168754491233,0.06415832293005842,0.09089371271072716,-0.014759041768074983,-0.012793971712930782,-0.00013291788544239971,0.012126225920549632,0.011101030610011546,0.014879715016035083,0.0074557199719726625,-0.009361109094422233,0.2439984404686452,0.2103150051014525,0.062122569671711966,0.0746601552180661,-0.15921381203632967,-0.24275000000000005,-0.23049999999999987,-0.6097500000000001,0.3792499999999995,-0.6932499999999961,74.06393299102781,157.82404937744144,15.701563262939487,0.005725128851711652,-0.011554259649137576,-0.0071958026673262865,-0.009144571969585204,0.0003281586411379789,0.0024096876795527376,0.0075239613084646,-0.0003754759491927484,0.0035967417757357643,0.02588592647914993,0.03590724916255632,0.012451703036573655,0.017685102961406234,0.006963438929865753,0.01408973823948732
7,0.03126343976955582,0.04969675333776379,0.06191489185523395,0.07976055445096214,-0.010430590386111705,0.0014488127552864292,0.0011483591144150831,0.011337333883495582,-0.0032587224063339608,0.011523989629102623,-0.004102564067527927,-0.0009522897059354748,0.0345413250093471,0.042842600339402424,-0.08885637738397965,-0.07427048762077852,-0.028088001998550827,-0.016803796010092395,-0.0278544644476507,-0.016578549753164668,-0.023146512709324857,-0.011679352686141358,-0.003960783838671667,-0.003644135614175102,-0.11504676374694427,-0.09607235741642449,-0.004473924152251167,-0.0015679393693723096,-0.03343818039987607,-0.025033252939401205,-0.025137559073571236,-0.01841454563415737,0.005643472505190604,0.009601024365217568,-0.0226229678562795,-0.012069407491640653,-0.003447866925153643,-0.002718972215783569,-0.02417670706366421,-0.008144598136834703,0.0022193069760212286,0.005273869645412454,-0.012486407487053323,0.010882221140973144,0.03651215754510679,0.05443618416920644,0.014413202017365331,0.01937045627701218,-0.11519504198978273,-0.09919585539641267,-0.00010571832284792131,-0.00010882407275497742,-0.06078558336997895,-0.04114155543891457,-0.012342697814033599,-0.004376377330772277,0.0023481154031915474,0.011103265665960958,0.0547984940814914,0.11183454841599044,-0.02018682515802406,-0.015994634830679668,0.003502222459830874,0.02965531758764426,0.016805298433349575,0.01930707193426431,0.014360137361871143,-0.0394905906840775,0.28252215073846615,0.237785500195103,0.10122016342753931,0.08937825796564541,-0.17165028155039289,-0.20766666666666672,-0.17866666666666653,-0.6556666666666668,0.4769999999999995,3.750333333333339,85.72238133748371,178.75003458658858,22.467284138997428,0.01221372730815171,-0.018183475520845257,-0.00888534329728179,-0.02047679845370741,-0.00026810943732585944,-0.002293322932861782,0.008617233859956237,-0.007020877609348672,0.00145326949851578,0.021017717031664142,0.042396747214631506,0.006544132382821491,0.01770882775160724,-0.0008595450163336668,0.014343375081781767
8,0.02451936673197857,0.03989084107077389,0.07209670448625456,0.08697813877825002,-0.015162688201661181,-0.005256496356525761,-0.0026906875775423427,0.005805862086305201,0.0003263496038604049,0.012653600364809996,-0.003917357607744711,-0.001290355070723862,0.04575838157341916,0.052680785418124404,-0.07339350672392347,-0.06123038535272119,-0.024040185219002464,-0.01463032615359668,-0.023283550069525455,-0.013880605084545878,-0.022931590824059656,-0.013369167042627677,-0.003876986327716486,-0.0036129345044095366,-0.0950096938948719,-0.07918700423442498,-0.0038027846109444413,-0.0013794942809848105,-0.03680203385989071,-0.029793194873884925,-0.02415076391914742,-0.018544467027330758,0.002846295846026322,0.006146484205311645,-0.023529319519272514,-0.014728743229626924,-0.0034119473293109637,-0.002804124634855764,-0.02695753801490682,-0.013588419649201667,0.000982906847722001,0.0035300957465084705,-0.005509643650071181,0.01397737228764271,0.033055083631072915,0.04800186540640279,0.009003565676453315,0.013137402295739628,-0.08817924304380564,-0.0748375784943703,-7.617743538421598e-05,-7.876730913764502e-05,-0.054339651812210746,-0.03795856709102842,-0.015091222101644979,-0.008448135907187347,-0.0034153821645374538,0.0038855063652691,0.050734932573588576,0.09829709454434706,-0.02178131083320194,-0.018285458294173877,0.006110203416388548,0.02791917602186778,0.019185367193234604,0.02167681146596434,0.016746113552153226,-0.04691767772129337,0.31196449099248674,0.2716236093803871,0.03390477378971157,0.11463110029333913,-0.1736709976199084,-0.1325833333333334,-0.09683333333333319,-0.7115833333333333,0.6147499999999996,2.403916666666672,74.93493734995522,291.42617238362635,-43.51272252400713,0.010184983573550167,-0.019319692821565336,-0.01156601357424125,-0.013644772875930813,0.0032071807072687674,0.005674919945634997,0.014773194281510436,-0.0077093139336807965,-0.000642752930976688,0.023989983237299353,0.0418178801387332,0.009533870204048526,0.018844069790613757,-0.0032159246694241873,0.009461736093965934
9,0.03217013930249902,0.03321860784084496,0.08157424151718666,0.08258928505281166,-0.009270158503792657,-0.008594469870710142,0.00037040633753663166,0.0009499450864355859,0.0073160702294683706,0.008156896184239447,-0.003914084091596895,-0.003734899619794487,0.053378687532371925,0.05385085581505777,-0.0479427711390367,-0.04711314023931208,-0.0072750825397858015,-0.006633248128661876,-0.007062269402037108,-0.0064209065914661665,-0.017010416648491393,-0.01635817599387451,-0.0039786292307346606,-0.0039606185947261485,-0.051431255326209145,-0.05035200996982063,-0.0003470996013200155,-0.00018181007773618112,-0.025472994777384454,-0.02499493086463323,-0.017256487110896,-0.01687408879449892,0.00178430661444754,0.002009408227283292,-0.014858467765840426,-0.014258191750954937,-0.002882159915380385,-0.0028407011094140288,-0.004696904435519726,-0.0037850140284630806,-0.00013265404731162647,4.108643865212728e-05,0.003898970839576261,0.005228155188885735,0.03817472338534854,0.03919422418895096,0.0113628520070783,0.011644815697903016,-0.05225315390188176,-0.05134313608440125,-1.9981609500931555e-05,-2.0158261466052794e-05,-0.02727588325484175,-0.026158550487952133,-0.009765378976776259,-0.00931226259256383,0.0016940868448193447,0.0021920710821643347,0.04382432286360565,0.047068476894829306,-0.02097428703134572,-0.020735839415906704,0.02604076274445562,0.027528324778292732,0.010375620091684532,0.011640026497493669,0.009090418861512808,-0.021710964414777937,0.17654880160305472,0.14162270969572,0.020599891152227226,0.08608630556503086,-0.10197116863065282,-0.05750000000000026,-0.034999999999999844,-0.5475000000000001,0.5124999999999995,-0.3024999999999949,17.555818557739236,110.46121215820318,-61.315452575683565,0.0006947046591026258,-0.010837751705697118,-0.010308883194579257,0.003181803343677382,0.0043312534713764285,0.014019555049374976,0.01464013666595615,-0.0016358521500180207,-0.0011538510925828086,0.033295668436796065,0.03451168640579809,0.017426099346420164,0.018061136112385974,-0.0009644209308684077,-9.969395951407896e-05
10,0.03705005893166167,0.04227143299340048,0.08187013862919876,0.08692505615377143,-0.006323494087201634,-0.0029585642170554087,-0.003626092619579094,-0.0007399892405999049,0.010734506219229936,0.014921820068059907,-0.004717833036484079,-0.003825494240308612,0.03264656579447799,0.034997964175855226,-0.05350640812700143,-0.04937484566021246,-0.014941896362481537,-0.011745560541608155,-0.015107248632940162,-0.011913261383153871,-0.02414345621337163,-0.02089529729255101,-0.0043870970258489345,-0.004297404045801465,-0.06753159068039379,-0.06215694804305813,0.00434547009893501,0.0051686120431647595,-0.027777353114150097,-0.0253965944908818,-0.016229870821649686,-0.014325526935815736,-0.00030934355910194195,0.0008116626318614689,-0.019241569725755837,-0.016252194747512196,-0.0028462403195377056,-0.0026397754365333017,-0.006078185764200933,-0.0015369708927795902,-0.00029229189835945396,0.0005729358444931579,-0.0015985697851218974,0.005020769213549861,0.04225248272506196,0.04732959744731144,0.01588456040549118,0.017288739785014468,-0.06313126763504688,-0.05859937826103767,3.6217058249760933e-05,3.533733133864716e-05,-0.02766867584299945,-0.022104357874458355,-0.01068355860961774,-0.00842703869609885,-0.0013530575746746568,0.0011269042791448892,0.03498114138531973,0.051137030752910526,-0.0228497829781864,-0.021662313684829373,0.023835592984896493,0.031243652964414746,0.01152300215515526,0.013526292561552597,0.00953887309498829,-0.026179005353287904,0.1566033506270026,0.11256794195753189,0.042135619196846774,0.08747586626125127,-0.13292764840583834,-0.022416666666666918,0.0068333333333332955,-0.5934166666666668,0.6002499999999993,-2.548916666666664,74.0697661717732,315.4636591593425,-109.867450205485,0.0034596296931617833,-0.0136718891164056,-0.011038123557376388,-0.0009923214753679212,0.004731940972696027,0.012679567641038156,0.015770064530072868,-0.006347561603874145,-0.003947195997297862,0.02860012052143728,0.03465589086622229,0.013958061646552099,0.017120545189735298,-0.004167080545674929,0.00013926038262646913
11,0.02801445609888502,0.038213475727993426,0.06931541256313717,0.07918928914180004,-0.004231958633397009,0.002340829561893817,-0.00846206748013512,-0.0028245811277318655,0.006121281827086002,0.01430044992201317,-0.007692344526310862,-0.0059493204122756825,0.03332425585579516,0.03791729170497041,-0.05747664562195615,-0.04940637787262053,-0.021241796059626276,-0.014998326162077164,-0.021616437923435317,-0.015377555539122074,-0.027641420435253767,-0.021296723388039944,-0.005140327746622809,-0.004965128564706177,-0.07771529786322083,-0.06721689550601169,0.002747895461139336,0.004355755910797661,-0.02382547818170654,-0.019175092355337233,-0.01877687058833337,-0.015057075675626988,-0.009841598371804023,-0.007651913432399314,-0.02571964533033715,-0.01988043639388352,-0.0031889745316321266,-0.0027856823388903874,-0.004902751507746041,0.0039676988882558955,-0.0020027657882560816,-0.00031269826414074555,-0.006749465176832555,0.00618022872766694,0.03456319353375169,0.04448042836488606,0.017403085990298765,0.020145899066935143,-0.0694208834615376,-0.060568648755511684,3.9105138505094654e-05,3.738674945106161e-05,-0.03188823058881916,-0.021019331423059638,-0.014500479387939219,-0.010092771642942111,-0.007245874838030358,-0.0024017132576737697,0.0442231646520055,0.07578080270617121,-0.02468672288260078,-0.022367214169241405,0.021967630645078767,0.03643794980845202,0.013824041030350587,0.016714669182696724,0.010999980586853671,-0.03939225267691957,0.18500381196068688,0.14174730127119958,0.07159455242861933,0.08218923369320978,-0.12332777295754085,-0.00733333333333358,0.038666666666666634,-0.6593333333333334,0.6979999999999993,-2.055333333333331,131.41946818033853,221.20980428059903,42.98610026041669,0.006757767348745141,-0.017758361206808182,-0.012613771618437805,-0.004070212512434826,0.0071111095647906014,0.013688148694373736,0.019724881183228744,-0.01330670125845857,-0.008618016699751527,0.02777926794490109,0.039608131360073975,0.011943660529690035,0.018121006062164016,-0.007007924559850149,0.0014037416295575892
12,0.013898557221417269,0.02570915617028106,0.060416609712893775,0.07185068873048275,-0.010475351950615185,-0.002863976723053983,-0.012528393144228244,-0.0060001097592350516,-0.0028906577256714314,0.006580926565511256,-0.011916409880839345,-0.009897965018716086,0.03935965004546623,0.044678446002828755,-0.04714255045897278,-0.03779707420110573,-0.01847406284797201,-0.011244042543000553,-0.01871203372944497,-0.01148732582517199,-0.030267786934715105,-0.022920544258289988,-0.005254602829405883,-0.005051719871137937,-0.05305521318391787,-0.04089792509605851,0.0006293724326001619,0.002491295992631034,-0.03255375823086998,-0.027168550245195204,-0.01790882139991285,-0.013601249938768456,-0.017036401726282607,-0.014500717750357467,-0.029443579691680464,-0.022681698899702406,-0.004649802667864748,-0.0041827850013739,-0.004706822013423648,0.005565276279628406,-0.00454314364582451,-0.002586023211733299,-0.011221676791948113,0.0037510789032933426,0.02577169517173151,0.037255983616273934,0.012424724717375848,0.0156009383553413,-0.05839756946897692,-0.04814656518463425,1.5337569760587965e-05,1.3347652622142786e-05,-0.01923249415852086,-0.006646165890649116,-0.0165492961102755,-0.011445112536455622,-0.011312871842323859,-0.005703268983456987,0.047146773514185676,0.08369093367713028,-0.029712362118847757,-0.0270263405042117,0.017904269476743742,0.03466108949627732,0.014859415067845315,0.01741414760178185,0.012348545004416452,-0.04700784011314444,0.11511514304283167,0.08219202730236477,0.028739906486463074,0.0644628583958444,-0.10874719139003428,0.12774999999999986,0.17050000000000007,-0.50525,0.6757499999999993,-1.0617499999999978,70.61685695648191,135.59762725830086,37.16408309936526,0.007825583521573498,-0.019704701382598562,-0.013747198936840996,-0.0009964251162262296,0.011951692994585816,0.018708276266372816,0.02569889193142725,-0.016092276199985694,-0.010662717778255285,0.026791642194743802,0.0404896216964959,0.00981970627203857,0.016973153692061194,-0.00971121054414377,2.9609600105426175e-05
13,0.01519222804620572,0.025183977548467715,0.051974472436272776,0.06164768662527966,-0.00573239031335246,0.0007068220391108502,-0.01503797455731907,-0.009515056325563672,0.0018814315871381344,0.009894378097032242,-0.01282510073954243,-0.011117499327134505,0.0312795441489655,0.03577923777921299,-0.04426344748751711,-0.03635718819006399,-0.01683452007235535,-0.010717933428754822,-0.017274377508554123,-0.011162285148204144,-0.02721080999787604,-0.020995053398823023,-0.005049560035574457,-0.004877921348487702,-0.04265577255429981,-0.032370724545586385,0.0007806320042340875,0.002355816623129142,-0.03004224607385062,-0.025486367964415734,-0.017439335795961734,-0.013795136616123523,-0.017517840701690688,-0.015372655752642773,-0.02891660345552618,-0.023196062157821593,-0.004383759955139669,-0.003988663689750317,-0.0007980819359694555,0.007892098253127814,-0.005058882566166237,-0.00340316153052148,-0.006916395265644271,0.0057505342366746225,0.029678326523472437,0.03939401781452495,0.007144365685484431,0.009831437795343193,-0.04922068908140454,-0.04054835439294066,-8.42928847959668e-06,-1.0112755479338899e-05,-0.01895016447927016,-0.00830214910339357,-0.01577941939150378,-0.011461287525035236,-0.01357601334573416,-0.008830297500530333,0.056451546677015046,0.08736785292868163,-0.030277900276197634,-0.028005529903847748,0.019533335543306617,0.03370958086452935,0.015586531450480444,0.01869583261356068,0.012550974432235134,-0.02599224801160801,0.06409656307951406,0.011813019175587261,-0.00019561014580417313,0.04727370758393101,-0.1095923970155073,0.13283333333333291,0.1623333333333334,-0.43116666666666686,0.5934999999999993,-3.0281666666666656,31.80988171895337,138.925467936198,-55.62302195231118,0.006620432257088356,-0.019806992041764344,-0.014766953652953477,0.0023282634116488666,0.013282352467511856,0.022135255453413695,0.02804930612046578,-0.01661006425585502,-0.012016665742137278,0.026536908145636914,0.03812537884565958,0.009344994260950605,0.015396800355453927,-0.00854602448301609,-0.0003053048337142494
14,0.02821282037169677,0.027016722270425224,0.06912947186886417,0.06797150517623994,0.0011996000690732648,0.00042877112998485675,-0.014143748438896497,-0.014804889113908943,0.0168272560396701,0.01586803762612749,-0.010095458675242213,-0.010299873208117299,0.029868051414559567,0.029329399499174347,-0.030148137985485036,-0.03109458502478516,-0.009647965549419386,-0.010380173424428398,-0.009746925198878176,-0.010478595069640637,-0.01871001918857388,-0.01945409855769841,-0.003930526797183632,-0.003951073419943012,-0.03307923551641595,-0.034310443964138154,0.0020143432492087136,0.001825780142078573,-0.022995954042144662,-0.023541331721507634,-0.014479361222175417,-0.014915603115416752,-0.02082388851951037,-0.021080685554289075,-0.01593342235754019,-0.016618220208295058,-0.0036900537873142897,-0.0037373501984928024,0.008681324443122737,0.007641035350453459,-0.0028384156642105645,-0.0030366196710786024,0.005695754600239971,0.004179414511526348,0.039734385445141865,0.03857133387913356,0.010782619619944615,0.010460954044976583,-0.030836506715618262,-0.031874659548824784,-5.884895385221367e-05,-5.864742841550325e-05,0.003638289915591536,0.0023636311613350267,-0.01063936895617566,-0.011156286371424507,-0.008517957659991362,-0.009086060544309816,0.06500537447864842,0.061304427492579874,-0.02765459686005071,-0.027926619080697664,0.03254182107698589,0.03084480294136952,0.011750919642089172,0.01593887017713561,0.007694195353144216,-0.004022208207771275,0.05675109171952114,-0.006833957804537542,0.04774947515999218,0.05196974159703343,-0.06988872607694371,0.16791666666666627,0.23416666666666675,-0.27708333333333346,0.5112499999999992,-6.214583333333328,192.57114378611243,275.644406636556,175.2122179667155,-0.0007925225157523873,-0.013860518720006324,-0.014463854536804746,0.012372153957827262,0.011060855559292442,0.026232672677834076,0.02552471009609767,-0.014904854052428742,-0.01545472324594661,0.03454006442189773,0.03315282510031545,0.01583218566495634,0.015107732577210264,-0.0037339753567702102,-0.0047204601684050235
15,0.04005260363093552,0.03408986830078982,0.07630260299360908,0.07052995867463366,0.005204987586223889,0.001362285266309687,-0.010424702997254221,-0.01372059223652495,0.015318178301433465,0.010536325109227545,-0.009415723315348797,-0.010434761599812034,0.03263328309335604,0.029948019398761377,-0.028336600767157664,-0.033054786669590906,-0.0044640698416677236,-0.008114240141817632,-0.004253676481326029,-0.007901164746511405,-0.018685486253191417,-0.022394837800522472,-0.003757201235833506,-0.003859629350477525,-0.029791457971564593,-0.035929223847292066,0.0026551579063934395,0.0017151414481684428,-0.018205014541301703,-0.020923807216880197,-0.0109449524329928,-0.013119686216579975,-0.01923752986695995,-0.020517703082120024,-0.003173368912495804,-0.006587192857507515,-0.0033250785781044107,-0.0035608585543650626,0.014173920068849329,0.00898791691423343,-0.002402055759508392,-0.0033901336045213597,0.015539856975738713,0.007980665459694091,0.04650514322734859,0.0407071500225717,0.004769095534449698,0.003165542543006451,-0.031137055337078782,-0.03631240890554497,-5.596087359687995e-05,-5.495623790678143e-05,0.003344193620762934,-0.0030101788005333268,-0.00695059279199884,-0.009527506618210266,-0.003885714203464863,-0.006717795565254697,0.06447862758019969,0.04602883042278656,-0.01842209704304989,-0.019778170181124412,0.032317830393827365,0.023857930672909453,0.0051311588545708995,0.007679114354918937,0.002617357629062598,0.008083024157611257,0.13602295396094963,0.07307700509942686,0.07286302455249583,0.059845558380453946,-0.07105849640295463,0.17299999999999982,0.2159999999999999,-0.4630000000000002,0.6789999999999992,-7.240999999999995,9.092354583740132,159.58429260253905,-109.96975402832027,-0.003950848178413629,-0.009754391788073405,-0.012762114805894243,0.014756834150155058,0.008219807395414053,0.024511225938228954,0.020981922201308796,-0.011305303115180467,-0.014046486688385844,0.03709357033937194,0.030177966255248295,0.020067658752296675,0.016456147274480217,0.001469160853539069,-0.003448619579967012
16,0.04557278866570947,0.041659212915148985,0.07968771929544978,0.07589890768928363,0.007081580164843114,0.004559464762569959,-0.004333240292958747,-0.0064964609440802895,0.010696170695209931,0.007557653947511171,-0.01179758695937358,-0.0124664215291063,0.0344228718413129,0.03266042855024545,-0.03619301612572429,-0.039289745548049315,-0.00769602549883216,-0.010091774627568644,-0.007073871670549183,-0.009467860475136057,-0.015964267204027056,-0.01839885929342374,-0.00454922557374568,-0.004616453140198251,-0.044770890039487234,-0.048799345163501234,-9.111153321883503e-05,-0.0007080809964512772,-0.021081607025891846,-0.022866056694846964,-0.012552145949400384,-0.013979508548632754,-0.023793543830048735,-0.024633771439353858,-0.0035632841147491172,-0.005803909912834664,-0.0029599950556554316,-0.003114746649759621,0.022442128902752823,0.019038352772421198,-0.0018462293570160196,-0.002494743382845559,0.023876990234582954,0.01891559802562976,0.05034274636178242,0.046537297293229696,-0.006584535000105119,-0.0076370093687599585,-0.0412576037819949,-0.04465439017359063,2.688989078192284e-05,2.75492723672566e-05,0.003252247525026832,-0.0009183749227429159,-0.00816672555297702,-0.009858054599657794,-0.007066592339697664,-0.00892539779179949,0.06121001933358716,0.04910069789633202,-0.023409302829484866,-0.024299346518381122,0.02911771072841924,0.023565148595974424,0.0058289910228539275,0.010348181723257766,0.0014547558753139794,0.01951083556481029,0.140929825336744,0.08741289937835856,0.08713678514136278,0.04843559510247066,-0.06670750228119764,0.10808333333333316,0.17783333333333343,-0.46891666666666687,0.6467499999999994,-9.067416666666663,3.5023288091023304,134.4110041300456,-65.07503534952795,-0.0025930957470164714,-0.011459079502071985,-0.013433165423249144,0.011723228369513155,0.007432722758979134,0.023182307871585733,0.020865888182228877,-0.011733551931185991,-0.013532697619523828,0.0377982230947166,0.033259242417967017,0.02351116932486701,0.021140793488965536,-0.0015291416216326515,-0.004756872719112034
17,0.04365992964299782,0.03952241997626885,0.09720452369565379,0.09319891714934322,0.007968434243680338,0.0053020039705428575,-0.0067025862204119725,-0.008989585866196598,0.023210806652951797,0.01989270468931032,-0.011126882002953663,-0.011833987134958665,0.03949921013289437,0.03763592023674023,-0.03350143518255001,-0.03677535875954449,-0.010434810564251096,-0.012967643914361952,-0.010538759931343537,-0.01306973223195649,-0.016812334885862895,-0.0193862337820266,-0.004650789291505054,-0.004721863604051155,-0.042345823928523374,-0.04660478634038028,-9.698881905409283e-06,-0.0006619711977881993,-0.014404735079916988,-0.016291290553906657,-0.015363239351840667,-0.01687227531502741,-0.025817213842884018,-0.02670551908528405,-0.00866105125999303,-0.011029885157682011,-0.0034177807278021523,-0.003581387172996449,0.022004826848189715,0.018406287420248014,-0.004744282330171147,-0.005429904181363056,0.022394575508744095,0.017149293563699913,0.04794313091037994,0.043919934909861305,-0.008359661059905635,-0.009472357773050954,-0.039537319842856224,-0.043128469580798044,5.643362003709697e-05,5.713073128708128e-05,-0.004833426791511469,-0.009242691309121195,-0.0100815078286378,-0.011869614339482516,-0.014119877253275966,-0.016085043131447197,0.06414698250104234,0.05134476843964437,-0.028407231447893345,-0.029348203234651777,0.03350870105650092,0.027638422579122912,0.004035776150078855,0.008334424233732094,-0.00013445818017733925,0.018909108525834623,0.20603173959205098,0.15392736335894985,0.06618489435532773,0.05570674187453628,-0.07205619312401396,0.2831666666666662,0.3596666666666667,-0.3248333333333334,0.6844999999999993,-9.433833333333329,-54.65512555440269,159.06317036946615,-236.2562596638997,-0.0027414720970963414,-0.014363167299483667,-0.016450209969005092,0.014951119012032351,0.010415111644295302,0.029314286311516613,0.026865321613300994,-0.014352853331546915,-0.016254945727812775,0.04272575755872871,0.03792705743788454,0.026530031903056847,0.02402402369983795,-0.004703605109141171,-0.008116026247408408
18,0.05298470895341597,0.04515608447274355,0.10249131320738189,0.09491226397384141,0.009889657491923663,0.004844477421373401,-0.006177080288082798,-0.010504335776632064,0.024745977822269262,0.018467763061633544,-0.012916732888998746,-0.014254653762353423,0.05009994409285334,0.04657439416775697,-0.031181697959712838,-0.03737632234181665,-0.008800707379474033,-0.013593107341603277,-0.00910929216057079,-0.013898170811855463,-0.009410317803633734,-0.014280418306676926,-0.004790673010886029,-0.004925153446694958,-0.03212441762736981,-0.04018284409289294,-0.0011828494210526833,-0.0024170205605782355,-0.01240556154445603,-0.015975132508020254,-0.01362661245004375,-0.016481874874834265,-0.0365639526913851,-0.03824472415226736,-0.006331354507161744,-0.010813449423149123,-0.0030527513708843734,-0.0033623128040196925,0.026480668493175007,0.01967183512976654,-0.007515616674688275,-0.00881288881205305,0.019442381384919338,0.009517729613539751,0.05949079399857857,0.05187846357830825,-0.006697853024148952,-0.008803197888510285,-0.034659056131639145,-0.041453907386799535,0.00011263512995806637,0.0001139541413047381,0.0021999420357692286,-0.006142872585763542,-0.00974806446698098,-0.013131359137544372,-0.012354068152086067,-0.016072378667743692,0.06813005586956446,0.04390685532605895,-0.028903449939128426,-0.0306838723088151,0.03747339022536459,0.026366176104292174,0.005178080385032883,0.010650161887731923,-0.00010143252056289912,0.029982918746960456,0.19750578694912127,0.14174968334592586,0.11307224329739199,0.048190845684136396,-0.06074915175813667,0.3382499999999995,0.41150000000000003,-0.2707500000000001,0.6822499999999994,-10.050249999999995,-38.1326330184937,133.13434295654298,-165.55879135131832,-0.005187167475399783,-0.014132690900864447,-0.01808160574357956,0.01912281152067225,0.010540185452356462,0.03325550242153719,0.028621791195936535,-0.017283441713346538,-0.020882410246918587,0.04724875374454712,0.03816908402352236,0.02935197834704678,0.024610334520509123,-0.004941563645040392,-0.011398240683458728
19,0.05710484113197072,0.049838104116888625,0.11971935829898739,0.11268428365203387,0.010659342406067886,0.005976272365228079,-0.0031291858922043235,-0.00714585928227313,0.02527282181159283,0.019445216246607572,-0.01399796838255533,-0.015239862045696306,0.044159299067888805,0.040886790059126495,-0.033371093128721566,-0.03912110788586028,-0.01062520914877537,-0.015073641984180885,-0.011037682633038944,-0.015482846894262743,-0.013805147423631871,-0.018325703963290318,-0.004419398745058303,-0.004544227054694274,-0.04467189334864735,-0.05215193866502513,-0.0005092425053735576,-0.0016548329120507303,-0.014926751959000072,-0.018240122463989022,-0.018415743113238733,-0.021066073474750233,-0.03896765361164258,-0.04052779028940001,-0.009269363394498758,-0.013429762850562493,-0.004036719675787294,-0.004324062813800867,0.029466645180804,0.023146505346078337,-0.009332990782958702,-0.010537153210534176,0.02858276683087148,0.019370441655876036,0.06128162979770209,0.05421566266994141,-0.004765624160124668,-0.006719861139192724,-0.045837390196815965,-0.05214455146757985,0.00016883948235218153,0.0001700638236907955,0.0020403444214918266,-0.005703677528971317,-0.01026180527178756,-0.013402269177830132,-0.01625247683683057,-0.01970391134162846,0.07130402980398273,0.04881941217443343,-0.031919235284502606,-0.03357187058055286,0.043868385849466264,0.03355837491621648,0.004424201608656111,0.01063397365339605,-0.0015513477102013177,0.017467246556797388,0.24332603078395776,0.17369437276135286,0.16356109902112392,0.059352905816996315,-0.07539353216405278,0.2733333333333328,0.35333333333333317,-0.37666666666666676,0.7299999999999992,-9.446666666666662,-16.080645243326867,229.63425699869794,-119.704600016276,-0.0048148665183746255,-0.015556805883438728,-0.019222293444862835,0.019365518746145345,0.011398897446169289,0.03492232462958447,0.03062119089103254,-0.017711507378962262,-0.02105216548864559,0.05133474594929194,0.042906755539305674,0.03267421879874072,0.02827289915546193,-0.0072534070727887125,-0.013246666060410407
20,0.05901518589122987,0.050709248081767536,0.11973516887666646,0.11169402298391655,0.013463155849031211,0.008110369799964011,-0.002924705775317849,-0.007515795188570385,0.029998160212372695,0.023337161018321458,-0.013415077812152414,-0.014834572079057265,0.04338892606869297,0.03964842242155804,-0.036157136968832694,-0.042729449256612005,-0.011322707455160707,-0.016407301324976288,-0.011514827409549898,-0.016595685273256743,-0.015030585126556108,-0.020197616960050516,-0.004322860181420893,-0.004465539925375403,-0.048625329772940096,-0.05717508065574287,-0.0007066702427606319,-0.0020160891268111315,-0.013969417185105614,-0.01775662584519968,-0.015394393986613415,-0.018423742525242984,-0.048335292071226964,-0.05011854061769552,-0.01073261511193567,-0.015487984553937682,-0.0041652007576456155,-0.004493636234168708,0.03624148930263759,0.029017519547658938,-0.00990574715582653,-0.0112821143224344,0.03043674180616962,0.019906981361386012,0.060489577638753615,0.05241312139641603,0.0027759642505704157,0.0005422559466367761,-0.057604544199731884,-0.06481367935358227,0.00017172756260751525,0.00017312699442883687,0.005496366172436824,-0.003355112088323022,-0.01011256264128574,-0.013702137692964706,-0.01329779198063127,-0.01724280888309858,0.07620750400672241,0.05050740844623005,-0.03433358054682628,-0.03622255574466626,0.06056085359075734,0.048776429653477706,0.003948461026079538,0.010769244546382879,-0.002607480104115636,0.03154231782672292,0.21288125269146654,0.16544049673431716,0.14995951085751646,0.06624280629083934,-0.0769470880088917,0.28841666666666615,0.3751666666666667,-0.3525833333333334,0.7277499999999992,-11.373083333333327,32.878614870707096,197.96643117268883,-42.54535497029619,-0.005503430463972868,-0.01612397642968771,-0.020313657666721222,0.021301759696841942,0.012195848621237737,0.03742573612653005,0.03250950628795938,-0.020924941752031887,-0.024743340359841177,0.05590454526711865,0.046271285654337684,0.03418171552973715,0.029150972410677743,-0.0076476949484187325,-0.014498037313068706
