date,VXY_Global
2019-01-01,9.235
2019-01-02,9.28
2019-01-03,9.6
2019-01-04,9.19
2019-01-07,8.94
2019-01-08,8.71
2019-01-09,8.73
2019-01-10,8.84
2019-01-11,8.66
2019-01-14,8.71
2019-01-15,8.615
2019-01-16,8.525
2019-01-17,8.43
2019-01-18,8.275
2019-01-21,8.31
2019-01-22,8.2
2019-01-23,8.045
2019-01-24,8.035
2019-01-25,7.935
2019-01-28,8.085
2019-01-29,8.075
2019-01-30,7.96
2019-01-31,7.98
2019-02-01,7.855
2019-02-04,7.89
2019-02-05,7.9
2019-02-06,7.905
2019-02-07,8.045
2019-02-08,8.02
2019-02-11,8.05
2019-02-12,8.015
2019-02-13,7.88
2019-02-14,8.02
2019-02-15,7.99
2019-02-18,7.985
2019-02-19,7.945
2019-02-20,7.87
2019-02-21,7.86
2019-02-22,7.62
2019-02-25,7.6
2019-02-26,7.4
2019-02-27,7.35
2019-02-28,7.27
2019-03-01,7.215
2019-03-04,7.255
2019-03-05,7.215
2019-03-06,7.275
2019-03-07,7.38
2019-03-08,7.4
2019-03-11,7.295
2019-03-12,7.225
2019-03-13,7.175
2019-03-14,7.15
2019-03-15,6.93
2019-03-18,6.82
2019-03-19,6.755
2019-03-20,6.945
2019-03-21,7.235
2019-03-22,7.475
2019-03-25,7.515
2019-03-26,7.375
2019-03-27,7.68
2019-03-28,7.915
2019-03-29,7.63
2019-04-01,7.34
2019-04-02,7.305
2019-04-03,7.215
2019-04-04,7.12
2019-04-05,6.92
2019-04-08,6.85
2019-04-09,6.785
2019-04-10,6.675
2019-04-11,6.315
2019-04-12,6.375
2019-04-15,6.325
2019-04-16,6.275
2019-04-17,6.315
2019-04-18,6.305
2019-04-19,6.29
2019-04-22,6.295
2019-04-23,6.37
2019-04-24,6.555
2019-04-25,6.88
2019-04-26,6.61
2019-04-29,6.595
2019-04-30,6.685
2019-05-01,6.68
2019-05-02,6.565
2019-05-03,6.535
2019-05-06,6.89
2019-05-07,6.995
2019-05-08,7.175
2019-05-09,7.575
2019-05-10,7.085
2019-05-13,7.275
2019-05-14,7.19
2019-05-15,7.265
2019-05-16,7.125
2019-05-17,7.18
2019-05-20,7.11
2019-05-21,6.94
2019-05-22,6.875
2019-05-23,6.98
2019-05-24,6.97
2019-05-27,6.925
2019-05-28,6.835
2019-05-29,6.95
2019-05-30,6.78
2019-05-31,6.915
2019-06-03,7.005
2019-06-04,7.14
2019-06-05,7.225
2019-06-06,7.14
2019-06-07,7.065
2019-06-10,6.945
2019-06-11,6.86
2019-06-12,6.845
2019-06-13,6.81
2019-06-14,6.745
2019-06-17,6.725
2019-06-18,6.785
2019-06-19,6.82
2019-06-20,6.87
2019-06-21,6.785
2019-06-24,6.925
2019-06-25,7.015
2019-06-26,6.955
2019-06-27,6.94
2019-06-28,6.9
2019-07-01,6.63
2019-07-02,6.415
2019-07-03,6.45
2019-07-04,6.395
2019-07-05,6.275
2019-07-08,6.27
2019-07-09,6.315
2019-07-10,6.295
2019-07-11,6.245
2019-07-12,6.17
2019-07-15,6.245
2019-07-16,6.325
2019-07-17,6.4
2019-07-18,6.505
2019-07-19,6.535
2019-07-22,6.5
2019-07-23,6.53
2019-07-24,6.615
2019-07-25,6.625
2019-07-26,6.535
2019-07-29,6.67
2019-07-30,6.71
2019-07-31,6.735
2019-08-01,7.05
2019-08-02,7.585
2019-08-05,8.4
2019-08-06,7.9
2019-08-07,8.29
2019-08-08,8.06
2019-08-09,8.13
2019-08-12,8.47
2019-08-13,8.315
2019-08-14,8.315
2019-08-15,8.555
2019-08-16,8.26
2019-08-19,8.125
2019-08-20,8.125
2019-08-21,8.0
2019-08-22,8.1
2019-08-23,8.025
2019-08-26,8.425
2019-08-27,8.23
2019-08-28,8.265
2019-08-29,8.34
2019-08-30,8.315
2019-09-02,8.335
2019-09-03,8.48
2019-09-04,7.925
2019-09-05,7.715
2019-09-06,7.415
2019-09-09,7.34
2019-09-10,7.23
2019-09-11,7.27
2019-09-12,7.27
2019-09-13,7.285
2019-09-16,7.325
2019-09-17,7.385
2019-09-18,7.44
2019-09-19,7.455
2019-09-20,7.375
2019-09-23,7.485
2019-09-24,7.37
2019-09-25,7.47
2019-09-26,7.445
2019-09-27,7.335
2019-09-30,7.365
2019-10-01,7.41
2019-10-02,7.515
2019-10-03,7.545
2019-10-04,7.22
2019-10-07,7.275
2019-10-08,7.305
2019-10-09,7.285
2019-10-10,7.225
2019-10-11,7.22
2019-10-14,7.065
2019-10-15,7.07
2019-10-16,7.01
2019-10-17,6.925
2019-10-18,6.78
2019-10-21,6.74
2019-10-22,6.66
2019-10-23,6.605
2019-10-24,6.55
2019-10-25,6.395
2019-10-28,6.4
2019-10-29,6.42
2019-10-30,6.48
2019-10-31,6.575
2019-11-01,6.555
2019-11-04,6.595
2019-11-05,6.57
2019-11-06,6.53
2019-11-07,6.47
2019-11-08,6.47
2019-11-11,6.51
2019-11-12,6.51
2019-11-13,6.61
2019-11-14,6.64
2019-11-15,6.49
2019-11-18,6.4
2019-11-19,6.36
2019-11-20,6.41
2019-11-21,6.4
2019-11-22,6.26
2019-11-25,6.225
2019-11-26,6.105
2019-11-27,5.98
2019-11-28,5.975
2019-11-29,6.005
2019-12-02,6.085
2019-12-03,6.265
2019-12-04,6.245
2019-12-05,6.195
2019-12-06,6.195
2019-12-09,6.18
2019-12-10,6.24
2019-12-11,6.25
2019-12-12,6.275
2019-12-13,6.065
2019-12-16,5.845
2019-12-17,5.935
2019-12-18,5.905
2019-12-19,5.805
2019-12-20,5.73
2019-12-23,5.7
2019-12-24,5.675
2019-12-25,5.705
2019-12-26,5.73
2019-12-27,5.855
2019-12-30,6.01
2019-12-31,6.145
2020-01-01,6.15
2020-01-02,6.07
2020-01-03,6.2
2020-01-06,6.12
2020-01-07,5.98
2020-01-08,5.955
2020-01-09,5.775
2020-01-10,5.6
2020-01-13,5.605
2020-01-14,5.555
2020-01-15,5.525
2020-01-16,5.445
2020-01-17,5.36
2020-01-20,5.315
2020-01-21,5.395
2020-01-22,5.34
2020-01-23,5.425
2020-01-24,5.39
2020-01-27,5.745
2020-01-28,5.705
2020-01-29,5.555
2020-01-30,5.725
2020-01-31,5.93
2020-02-03,5.85
2020-02-04,5.58
2020-02-05,5.515
2020-02-06,5.545
2020-02-07,5.735
2020-02-10,5.745
2020-02-11,5.585
2020-02-12,5.485
2020-02-13,5.69
2020-02-14,5.615
2020-02-17,5.525
2020-02-18,5.55
2020-02-19,5.55
2020-02-20,5.89
2020-02-21,5.97
2020-02-24,6.345
2020-02-25,6.28
2020-02-26,6.42
2020-02-27,6.94
2020-02-28,7.595
2020-03-02,7.84
2020-03-03,7.295
2020-03-04,6.97
2020-03-05,7.56
2020-03-06,8.72
2020-03-09,11.84
2020-03-10,10.46
2020-03-11,10.67
2020-03-12,13.9
2020-03-13,12.38
2020-03-16,13.675
2020-03-17,13.28
2020-03-18,14.185
2020-03-19,16.05
2020-03-20,14.45
2020-03-23,14.975
2020-03-24,12.67
2020-03-25,11.67
2020-03-26,12.125
2020-03-27,12.26
2020-03-30,12.17
2020-03-31,11.445
2020-04-01,11.605
2020-04-02,11.47
2020-04-03,11.49
2020-04-06,10.875
2020-04-07,10.33
2020-04-08,10.22
2020-04-09,9.66
2020-04-10,9.53
2020-04-13,9.665
2020-04-14,9.445
2020-04-15,9.675
2020-04-16,9.91
2020-04-17,9.805
2020-04-20,9.695
2020-04-21,10.11
2020-04-22,9.95
2020-04-23,9.915
2020-04-24,10.025
2020-04-27,9.81
2020-04-28,9.715
2020-04-29,9.325
2020-04-30,8.865
2020-05-01,9.42
2020-05-04,9.685
2020-05-05,9.53
2020-05-06,9.66
2020-05-07,9.735
2020-05-08,9.38
2020-05-11,9.395
2020-05-12,9.23
2020-05-13,9.22
2020-05-14,9.395
2020-05-15,9.18
2020-05-18,9.18
2020-05-19,8.965
2020-05-20,8.805
2020-05-21,8.5
2020-05-22,8.615
2020-05-25,8.615
2020-05-26,8.265
2020-05-27,8.095
2020-05-28,8.11
2020-05-29,8.16
2020-06-01,8.075
2020-06-02,8.02
2020-06-03,8.005
2020-06-04,7.925
2020-06-05,7.835
2020-06-08,7.875
2020-06-09,8.2
2020-06-10,8.455
2020-06-11,8.675
2020-06-12,8.905
2020-06-15,9.11
2020-06-16,8.895
2020-06-17,8.93
2020-06-18,9.01
2020-06-19,8.795
2020-06-22,8.64
2020-06-23,8.74
2020-06-24,8.695
2020-06-25,8.775
2020-06-26,8.635
2020-06-29,8.66
2020-06-30,8.45
2020-07-01,8.295
2020-07-02,8.1
2020-07-03,7.825
2020-07-06,7.9
2020-07-07,7.86
2020-07-08,7.805
2020-07-09,7.79
2020-07-10,7.75
2020-07-13,7.72
2020-07-14,7.805
2020-07-15,7.74
2020-07-16,7.6
2020-07-17,7.54
2020-07-20,7.46
2020-07-21,7.41
2020-07-22,7.655
2020-07-23,7.68
2020-07-24,7.975
2020-07-27,8.45
2020-07-28,8.455
2020-07-29,8.455
2020-07-30,8.425
2020-07-31,8.52
2020-08-03,8.77
2020-08-04,8.83
2020-08-05,8.96
2020-08-06,8.98
2020-08-07,8.935
2020-08-10,8.85
2020-08-11,8.775
2020-08-12,8.81
2020-08-13,8.8
2020-08-14,8.785
2020-08-17,8.84
2020-08-18,8.94
2020-08-19,8.945
2020-08-20,8.89
2020-08-21,8.855
2020-08-24,8.86
2020-08-25,8.81
2020-08-26,8.785
2020-08-27,8.735
2020-08-28,8.88
2020-08-31,8.895
2020-09-01,9.345
2020-09-02,9.275
2020-09-03,9.295
2020-09-04,9.34
2020-09-07,9.37
2020-09-08,9.66
2020-09-09,9.67
2020-09-10,9.58
2020-09-11,9.655
2020-09-14,9.57
2020-09-15,9.59
2020-09-16,9.605
2020-09-17,9.525
2020-09-18,9.53
2020-09-21,9.915
2020-09-22,9.815
2020-09-23,9.865
2020-09-24,10.05
2020-09-25,9.88
2020-09-28,9.72
2020-09-29,9.635
2020-09-30,9.28
2020-10-01,9.285
2020-10-02,9.185
2020-10-05,9.195
2020-10-06,9.15
2020-10-07,9.18
2020-10-08,8.94
2020-10-09,8.8
2020-10-12,8.77
2020-10-13,8.74
2020-10-14,8.65
2020-10-15,8.705
2020-10-16,8.48
2020-10-19,8.445
2020-10-20,8.55
2020-10-21,8.78
2020-10-22,8.75
2020-10-23,8.6
2020-10-26,8.72
2020-10-27,8.85
2020-10-28,9.24
2020-10-29,9.295
2020-10-30,9.09
2020-11-02,9.165
2020-11-03,9.14
2020-11-04,8.395
2020-11-05,8.295
2020-11-06,8.31
2020-11-09,8.225
2020-11-10,8.2
2020-11-11,8.075
2020-11-12,8.11
2020-11-13,8.02
2020-11-16,7.98
2020-11-17,7.96
2020-11-18,7.98
2020-11-19,7.965
2020-11-20,7.775
2020-11-23,7.815
2020-11-24,7.8
2020-11-25,7.795
2020-11-26,7.76
2020-11-27,7.78
2020-11-30,7.915
2020-12-01,7.835
2020-12-02,7.99
2020-12-03,8.2
2020-12-04,8.185
2020-12-07,8.375
2020-12-08,8.225
2020-12-09,8.185
2020-12-10,8.26
2020-12-11,8.435
2020-12-14,8.325
2020-12-15,8.235
2020-12-16,8.215
2020-12-17,8.335
2020-12-18,8.345
2020-12-21,8.66
2020-12-22,8.455
2020-12-23,8.32
2020-12-24,8.07
2020-12-25,8.09
2020-12-28,8.15
2020-12-29,8.11
2020-12-30,8.255
2020-12-31,8.215
2021-01-01,8.21
2021-01-04,8.295
2021-01-05,8.18
2021-01-06,8.025
2021-01-07,8.035
2021-01-08,7.985
2021-01-11,8.26
2021-01-12,8.025
2021-01-13,7.955
2021-01-14,7.865
2021-01-15,7.93
2021-01-18,8.04
2021-01-19,7.785
2021-01-20,7.66
2021-01-21,7.725
2021-01-22,7.77
2021-01-25,7.74
2021-01-26,7.645
2021-01-27,7.78
2021-01-28,7.86
2021-01-29,7.75
2021-02-01,7.88
2021-02-02,7.845
2021-02-03,7.65
2021-02-04,7.62
2021-02-05,7.495
2021-02-08,7.39
2021-02-09,7.415
2021-02-10,7.33
2021-02-11,7.335
2021-02-12,7.32
2021-02-15,7.335
2021-02-16,7.49
2021-02-17,7.6
2021-02-18,7.505
2021-02-19,7.43
2021-02-22,7.715
2021-02-23,7.75
2021-02-24,7.805
2021-02-25,8.01
2021-02-26,8.445
2021-03-01,7.97
2021-03-02,7.89
2021-03-03,7.82
2021-03-04,8.03
2021-03-05,8.1
2021-03-08,8.24
2021-03-09,8.24
2021-03-10,8.18
2021-03-11,8.01
2021-03-12,8.12
2021-03-15,8.155
2021-03-16,8.105
2021-03-17,8.045
2021-03-18,7.96
2021-03-19,7.89
2021-03-22,8.125
2021-03-23,8.21
2021-03-24,8.17
2021-03-25,8.185
2021-03-26,8.055
2021-03-29,8.085
2021-03-30,8.165
2021-03-31,8.025
2021-04-01,7.855
2021-04-02,7.825
2021-04-05,7.835
2021-04-06,7.875
2021-04-07,7.965
2021-04-08,7.835
2021-04-09,7.725
2021-04-12,7.535
2021-04-13,7.415
2021-04-14,7.405
2021-04-15,7.385
2021-04-16,7.335
2021-04-19,7.405
2021-04-20,7.435
2021-04-21,7.5
2021-04-22,7.44
2021-04-23,7.345
2021-04-26,7.25
2021-04-27,7.245
2021-04-28,7.285
2021-04-29,7.29
2021-04-30,7.25
2021-05-03,7.25
2021-05-04,7.35
2021-05-05,7.37
2021-05-06,7.39
2021-05-07,7.345
2021-05-10,7.355
2021-05-11,7.485
2021-05-12,7.48
2021-05-13,7.535
2021-05-14,7.29
2021-05-17,7.275
2021-05-18,7.315
2021-05-19,7.46
2021-05-20,7.36
2021-05-21,7.18
2021-05-24,7.22
2021-05-25,7.25
2021-05-26,7.24
2021-05-27,7.16
2021-05-28,7.16
2021-05-31,7.2
2021-06-01,7.18
2021-06-02,7.21
2021-06-03,7.18
2021-06-04,7.04
2021-06-07,6.915
2021-06-08,6.785
2021-06-09,6.765
2021-06-10,6.695
2021-06-11,6.535
2021-06-14,6.625
2021-06-15,6.69
2021-06-16,6.7
2021-06-17,7.02
2021-06-18,7.045
2021-06-21,7.08
2021-06-22,6.965
2021-06-23,6.955
2021-06-24,6.835
2021-06-25,6.595
2021-06-28,6.685
2021-06-29,6.825
2021-06-30,6.905
2021-07-01,6.96
2021-07-02,6.79
2021-07-05,6.77
2021-07-06,6.89
2021-07-07,7.02
2021-07-08,7.25
2021-07-09,6.885
2021-07-12,6.87
2021-07-13,6.82
2021-07-14,6.845
2021-07-15,6.86
2021-07-16,6.805
2021-07-19,7.105
2021-07-20,7.16
2021-07-21,7.0
2021-07-22,6.99
2021-07-23,6.865
2021-07-26,6.9
2021-07-27,7.025
2021-07-28,7.035
2021-07-29,6.925
2021-07-30,6.845
2021-08-02,6.86
2021-08-03,6.93
2021-08-04,6.945
2021-08-05,6.92
2021-08-06,6.915
2021-08-09,6.975
2021-08-10,6.975
2021-08-11,6.92
2021-08-12,6.74
2021-08-13,6.66
2021-08-16,6.745
2021-08-17,6.85
2021-08-18,6.835
2021-08-19,7.115
2021-08-20,7.045
2021-08-23,6.995
2021-08-24,6.91
2021-08-25,6.835
2021-08-26,6.835
2021-08-27,6.81
2021-08-30,6.725
2021-08-31,6.725
2021-09-01,6.745
2021-09-02,6.705
2021-09-03,6.66
2021-09-06,6.635
2021-09-07,6.645
2021-09-08,6.785
2021-09-09,6.74
2021-09-10,6.65
2021-09-13,6.64
2021-09-14,6.57
2021-09-15,6.61
2021-09-16,6.735
2021-09-17,6.785
2021-09-20,7.055
2021-09-21,7.035
2021-09-22,7.045
2021-09-23,6.795
2021-09-24,6.855
2021-09-27,6.81
2021-09-28,6.925
2021-09-29,7.05
2021-09-30,6.975
2021-10-01,6.925
2021-10-04,6.905
2021-10-05,6.965
2021-10-06,7.135
2021-10-07,6.91
2021-10-08,6.865
2021-10-11,7.025
2021-10-12,7.155
2021-10-13,7.095
2021-10-14,7.055
2021-10-15,7.045
2021-10-18,7.095
2021-10-19,7.085
2021-10-20,7.075
2021-10-21,7.095
2021-10-22,7.07
2021-10-25,7.15
2021-10-26,7.09
2021-10-27,7.09
2021-10-28,7.145
2021-10-29,7.215
2021-11-01,7.265
2021-11-02,7.25
2021-11-03,7.225
2021-11-04,7.13
2021-11-05,7.0
2021-11-08,7.025
2021-11-09,7.07
2021-11-10,7.16
2021-11-11,7.315
2021-11-12,7.3
2021-11-15,7.3
2021-11-16,7.55
2021-11-17,7.67
2021-11-18,7.77
2021-11-19,7.88
2021-11-22,7.915
2021-11-23,8.17
2021-11-24,8.175
2021-11-25,8.02
2021-11-26,8.62
2021-11-29,8.41
2021-11-30,8.41
2021-12-01,8.405
2021-12-02,8.44
2021-12-03,8.405
2021-12-06,8.485
2021-12-07,8.285
2021-12-08,8.255
2021-12-09,8.285
2021-12-10,8.16
2021-12-13,8.115
2021-12-14,8.02
2021-12-15,8.025
2021-12-16,7.66
2021-12-17,7.745
2021-12-20,7.965
2021-12-21,7.825
2021-12-22,7.78
2021-12-23,7.7
2021-12-24,7.71
2021-12-27,7.77
2021-12-28,7.695
2021-12-29,7.68
2021-12-30,7.69
2021-12-31,7.57
2022-01-03,7.66
2022-01-04,7.615
2022-01-05,7.44
2022-01-06,7.6
2022-01-07,7.36
2022-01-10,7.455
2022-01-11,7.34
2022-01-12,7.27
2022-01-13,7.32
2022-01-14,7.32
2022-01-17,7.37
2022-01-18,7.365
2022-01-19,7.34
2022-01-20,7.3
2022-01-21,7.44
2022-01-24,7.74
2022-01-25,7.675
2022-01-26,7.41
2022-01-27,7.59
2022-01-28,7.67
2022-01-31,7.545
2022-02-01,7.51
2022-02-02,7.48
2022-02-03,7.565
2022-02-04,7.64
2022-02-07,7.645
2022-02-08,7.61
2022-02-09,7.45
2022-02-10,7.495
2022-02-11,7.715
2022-02-14,8.22
2022-02-15,7.89
2022-02-16,7.72
2022-02-17,7.86
2022-02-18,7.85
2022-02-21,7.915
2022-02-22,7.855
2022-02-23,7.565
2022-02-24,8.505
2022-02-25,7.945
2022-02-28,8.4
2022-03-01,8.835
2022-03-02,9.265
2022-03-03,9.085
2022-03-04,9.83
2022-03-07,10.28
2022-03-08,10.07
2022-03-09,9.475
2022-03-10,9.62
2022-03-11,9.665
2022-03-14,9.925
2022-03-15,9.905
2022-03-16,9.525
2022-03-17,9.07
2022-03-18,9.155
2022-03-21,9.01
2022-03-22,9.14
2022-03-23,9.16
2022-03-24,9.375
2022-03-25,9.23
2022-03-28,9.835
2022-03-29,9.435
2022-03-30,9.27
2022-03-31,9.22
2022-04-01,9.175
2022-04-04,9.035
2022-04-05,9.02
2022-04-06,9.31
2022-04-07,9.18
2022-04-08,9.22
2022-04-11,9.255
2022-04-12,9.155
2022-04-13,9.25
2022-04-14,9.075
2022-04-15,9.11
2022-04-18,9.135
2022-04-19,9.375
2022-04-20,9.34
2022-04-21,9.31
2022-04-22,9.615
2022-04-25,9.91
2022-04-26,9.985
2022-04-27,9.995
2022-04-28,11.19
2022-04-29,10.73
2022-05-02,11.075
2022-05-03,11.05
2022-05-04,10.775
2022-05-05,10.82
2022-05-06,11.215
2022-05-09,11.57
2022-05-10,11.255
2022-05-11,10.785
2022-05-12,11.71
2022-05-13,11.315
2022-05-16,11.18
2022-05-17,10.74
2022-05-18,10.73
2022-05-19,11.13
2022-05-20,10.685
2022-05-23,10.615
2022-05-24,10.685
2022-05-25,10.575
2022-05-26,10.46
2022-05-27,10.055
2022-05-30,9.855
2022-05-31,9.87
2022-06-01,10.015
2022-06-02,10.0
2022-06-03,9.88
2022-06-06,10.125
2022-06-07,10.375
2022-06-08,10.63
2022-06-09,10.68
2022-06-10,10.95
2022-06-13,11.925
2022-06-14,11.905
2022-06-15,12.135
2022-06-16,12.175
2022-06-17,11.88
2022-06-20,11.675
2022-06-21,11.335
2022-06-22,11.585
2022-06-23,11.645
2022-06-24,11.22
2022-06-27,10.905
2022-06-28,10.84
2022-06-29,11.215
2022-06-30,11.38
2022-07-01,11.635
2022-07-04,11.435
2022-07-05,11.91
2022-07-06,11.97
2022-07-07,11.59
2022-07-08,11.38
2022-07-11,11.755
2022-07-12,11.95
2022-07-13,11.765
2022-07-14,12.635
2022-07-15,12.075
2022-07-18,11.95
2022-07-19,11.93
2022-07-20,11.53
2022-07-21,11.55
2022-07-22,11.39
2022-07-25,11.24
2022-07-26,11.12
2022-07-27,11.26
2022-07-28,11.22
2022-07-29,11.04
2022-08-01,11.045
2022-08-02,11.12
2022-08-03,11.345
2022-08-04,11.145
2022-08-05,10.91
2022-08-08,10.845
2022-08-09,10.71
2022-08-10,10.36
2022-08-11,10.15
2022-08-12,10.05
2022-08-15,10.48
2022-08-16,10.67
2022-08-17,10.925
2022-08-18,11.05
2022-08-19,11.455
2022-08-22,11.69
2022-08-23,11.62
2022-08-24,11.565
2022-08-25,11.44
2022-08-26,11.0
2022-08-29,11.38
2022-08-30,11.355
2022-08-31,11.23
2022-09-01,11.665
2022-09-02,11.31
2022-09-05,11.435
2022-09-06,11.625
2022-09-07,11.97
2022-09-08,11.655
2022-09-09,11.475
2022-09-12,11.265
2022-09-13,11.325
2022-09-14,11.495
2022-09-15,11.645
2022-09-16,11.735
2022-09-19,11.735
2022-09-20,11.635
2022-09-21,11.895
2022-09-22,11.85
2022-09-23,12.39
2022-09-26,13.255
2022-09-27,12.99
2022-09-28,13.695
2022-09-29,13.505
2022-09-30,13.235
2022-10-03,12.92
2022-10-04,12.32
2022-10-05,12.64
2022-10-06,12.54
2022-10-07,12.685
2022-10-10,12.93
2022-10-11,12.99
2022-10-12,13.275
2022-10-13,13.17
2022-10-14,13.02
2022-10-17,12.815
2022-10-18,12.75
2022-10-19,12.935
2022-10-20,12.93
2022-10-21,13.245
2022-10-24,13.01
2022-10-25,12.515
2022-10-26,12.28
2022-10-27,12.335
2022-10-28,12.335
2022-10-31,12.39
2022-11-01,12.29
2022-11-02,12.34
2022-11-03,12.47
2022-11-04,12.065
2022-11-07,12.06
2022-11-08,11.78
2022-11-09,11.93
2022-11-10,11.815
2022-11-11,11.81
2022-11-14,11.985
2022-11-15,11.78
2022-11-16,11.9
2022-11-17,12.045
2022-11-18,11.635
2022-11-21,11.8
2022-11-22,11.69
2022-11-23,11.625
2022-11-24,11.765
2022-11-25,11.76
2022-11-28,11.97
2022-11-29,11.85
2022-11-30,11.83
2022-12-01,11.775
2022-12-02,11.685
2022-12-05,11.55
2022-12-06,11.475
2022-12-07,11.435
2022-12-08,11.2
2022-12-09,11.01
2022-12-12,11.165
2022-12-13,10.325
2022-12-14,9.835
2022-12-15,9.885
2022-12-16,10.125
2022-12-19,10.22
2022-12-20,10.72
2022-12-21,10.625
2022-12-22,10.745
2022-12-23,10.845
2022-12-26,10.98
2022-12-27,10.875
2022-12-28,10.89
2022-12-29,10.945
2022-12-30,11.06
2023-01-02,11.225
2023-01-03,11.305
2023-01-04,11.15
2023-01-05,11.22
2023-01-06,11.105
2023-01-09,11.185
2023-01-10,11.005
2023-01-11,10.965
2023-01-12,11.315
2023-01-13,11.285
2023-01-16,11.355
2023-01-17,11.035
2023-01-18,10.685
2023-01-19,10.79
2023-01-20,10.67
2023-01-23,10.695
2023-01-24,10.54
2023-01-25,10.555
2023-01-26,10.59
2023-01-27,10.52
2023-01-30,10.595
2023-01-31,10.95
2023-02-01,10.68
2023-02-02,10.535
2023-02-03,10.535
2023-02-06,10.885
2023-02-07,10.955
2023-02-08,10.63
2023-02-09,10.72
2023-02-10,10.89
2023-02-13,10.995
2023-02-14,10.635
2023-02-15,10.71
2023-02-16,10.6
2023-02-17,10.685
2023-02-20,10.615
2023-02-21,10.575
2023-02-22,10.525
2023-02-23,10.495
2023-02-24,10.5
2023-02-27,10.455
2023-02-28,10.185
2023-03-01,10.205
2023-03-02,10.225
2023-03-03,10.11
2023-03-06,10.155
2023-03-07,10.175
2023-03-08,10.395
2023-03-09,10.455
2023-03-10,10.745
2023-03-13,11.465
2023-03-14,10.955
2023-03-15,12.005
2023-03-16,11.485
2023-03-17,11.225
2023-03-20,11.46
2023-03-21,11.29
2023-03-22,11.04
2023-03-23,11.01
2023-03-24,11.32
2023-03-27,11.135
2023-03-28,10.985
2023-03-29,10.965
2023-03-30,10.945
2023-03-31,10.855
2023-04-03,10.59
2023-04-04,10.445
2023-04-05,10.655
2023-04-06,10.515
2023-04-07,10.405
2023-04-10,10.435
2023-04-11,10.245
2023-04-12,9.935
2023-04-13,9.805
2023-04-14,9.435
2023-04-17,9.405
2023-04-18,9.335
2023-04-19,9.375
2023-04-20,9.335
2023-04-21,9.34
2023-04-24,9.215
2023-04-25,9.35
2023-04-26,9.635
2023-04-27,9.575
2023-04-28,9.185
2023-05-01,9.24
2023-05-02,9.305
2023-05-03,9.445
2023-05-04,9.495
2023-05-05,9.34
2023-05-08,9.275
2023-05-09,9.12
2023-05-10,9.065
2023-05-11,9.255
2023-05-12,9.15
2023-05-15,9.005
2023-05-16,8.815
2023-05-17,8.865
2023-05-18,8.93
2023-05-19,8.875
2023-05-22,8.905
2023-05-23,8.905
2023-05-24,8.995
2023-05-25,9.065
2023-05-26,9.055
2023-05-29,8.975
2023-05-30,9.055
2023-05-31,9.14
2023-06-01,9.07
2023-06-02,8.655
2023-06-05,8.695
2023-06-06,8.655
2023-06-07,8.575
2023-06-08,8.43
2023-06-09,8.295
2023-06-12,8.265
2023-06-13,8.215
2023-06-14,8.245
2023-06-15,8.26
2023-06-16,8.155
2023-06-19,8.285
2023-06-20,8.345
2023-06-21,8.3
2023-06-22,8.295
2023-06-23,8.395
2023-06-26,8.495
2023-06-27,8.485
2023-06-28,8.605
2023-06-29,8.725
2023-06-30,8.615
2023-07-03,8.705
2023-07-04,8.315
2023-07-05,8.32
2023-07-06,8.535
2023-07-07,8.375
2023-07-10,8.4
2023-07-11,8.43
2023-07-12,8.375
2023-07-13,8.275
2023-07-14,8.315
2023-07-17,8.365
2023-07-18,8.375
2023-07-19,8.535
2023-07-20,8.605
2023-07-21,8.54
2023-07-24,8.57
2023-07-25,8.545
2023-07-26,8.6
2023-07-27,8.64
2023-07-28,8.35
2023-07-31,8.41
2023-08-01,8.48
2023-08-02,8.7
2023-08-03,8.97
2023-08-04,8.665
2023-08-07,8.655
2023-08-08,8.775
2023-08-09,8.715
2023-08-10,8.49
2023-08-11,8.45
2023-08-14,8.75
2023-08-15,8.83
2023-08-16,8.815
2023-08-17,8.89
2023-08-18,8.81
2023-08-21,8.75
2023-08-22,8.61
2023-08-23,8.68
2023-08-24,8.68
2023-08-25,8.575
2023-08-28,8.44
2023-08-29,8.35
2023-08-30,8.27
2023-08-31,8.385
2023-09-01,8.3
2023-09-04,8.23
2023-09-05,8.42
2023-09-06,8.45
2023-09-07,8.57
2023-09-08,8.45
2023-09-11,8.47
2023-09-12,8.4
2023-09-13,8.38
2023-09-14,8.32
2023-09-15,8.325
2023-09-18,8.27
2023-09-19,8.18
2023-09-20,8.21
2023-09-21,8.38
2023-09-22,8.2
2023-09-25,8.24
2023-09-26,8.3
2023-09-27,8.44
2023-09-28,8.56
2023-09-29,8.37
2023-10-02,8.43
2023-10-03,8.69
2023-10-04,8.805
2023-10-05,8.605
2023-10-06,8.455
2023-10-09,8.58
2023-10-10,8.53
2023-10-11,8.39
2023-10-12,8.335
2023-10-13,8.375
2023-10-16,8.31
2023-10-17,8.19
2023-10-18,8.215
2023-10-19,8.36
2023-10-20,8.455
2023-10-23,8.38
2023-10-24,8.22
2023-10-25,8.21
2023-10-26,8.365
2023-10-27,8.135
2023-10-30,8.075
2023-10-31,8.23
2023-11-01,8.215
2023-11-02,7.97
2023-11-03,7.835
2023-11-06,7.82
2023-11-07,7.82
2023-11-08,7.825
2023-11-09,7.78
2023-11-10,7.785
2023-11-13,7.8
2023-11-14,7.59
2023-11-15,7.595
2023-11-16,7.565
2023-11-17,7.57
2023-11-20,7.655
2023-11-21,7.695
2023-11-22,7.72
2023-11-23,7.68
2023-11-24,7.51
2023-11-27,7.54
2023-11-28,7.58
2023-11-29,7.64
2023-11-30,7.73
2023-12-01,7.78
2023-12-04,7.85
2023-12-05,7.88
2023-12-06,7.87
2023-12-07,8.31
2023-12-08,8.19
2023-12-11,8.13
2023-12-12,8.12
2023-12-13,8.02
2023-12-14,8.28
2023-12-15,8.33
2023-12-18,8.2
2023-12-19,7.9
2023-12-20,7.91
2023-12-21,8.1
2023-12-22,8.185
2023-12-25,8.25
2023-12-26,8.25
2023-12-27,8.25
2023-12-28,8.37
2023-12-29,8.29
2024-01-01,8.39
2024-01-02,8.36
2024-01-03,8.395
2024-01-04,8.39
2024-01-05,8.23
2024-01-08,8.17
2024-01-09,8.05
2024-01-10,8.06
2024-01-11,7.89
2024-01-12,7.81
2024-01-15,7.69
2024-01-16,7.89
2024-01-17,7.96
2024-01-18,7.88
2024-01-19,7.76
2024-01-22,7.68
2024-01-23,7.68
2024-01-24,7.74
2024-01-25,7.69
2024-01-26,7.65
2024-01-29,7.725
2024-01-30,7.75
2024-01-31,7.87
2024-02-01,7.855
2024-02-02,7.83
2024-02-05,7.985
2024-02-06,7.83
2024-02-07,7.73
2024-02-08,7.66
2024-02-09,7.5
2024-02-12,7.43
2024-02-13,7.415
2024-02-14,7.37
2024-02-15,7.28
2024-02-16,7.17
2024-02-19,7.135
2024-02-20,6.95
2024-02-21,6.89
2024-02-22,6.85
2024-02-23,6.79
2024-02-26,6.695
2024-02-27,6.63
2024-02-28,6.81
2024-02-29,6.87
2024-03-01,6.695
2024-03-04,6.69
2024-03-05,6.71
2024-03-06,6.81
2024-03-07,6.99
2024-03-08,6.94
2024-03-11,6.95
2024-03-12,6.79
2024-03-13,6.62
2024-03-14,6.75
2024-03-15,6.625
2024-03-18,6.59
2024-03-19,6.6
2024-03-20,6.78
2024-03-21,6.685
2024-03-22,7.12
2024-03-25,6.745
2024-03-26,6.64
2024-03-27,6.76
2024-03-28,6.745
2024-03-29,6.735
2024-04-01,6.825
2024-04-02,6.875
2024-04-03,6.845
2024-04-04,6.735
2024-04-05,6.87
2024-04-08,6.805
2024-04-09,6.81
2024-04-10,7.035
2024-04-11,7.25
2024-04-12,7.645
2024-04-15,7.555
2024-04-16,8.025
2024-04-17,7.795
2024-04-18,7.545
2024-04-19,7.605
2024-04-22,7.465
2024-04-23,7.335
2024-04-24,7.41
2024-04-25,7.63
2024-04-26,7.62
2024-04-29,7.63
2024-04-30,7.655
2024-05-01,7.75
2024-05-02,7.7
2024-05-03,7.51
2024-05-06,7.405
2024-05-07,7.3
2024-05-08,7.415
2024-05-09,7.395
2024-05-10,7.225
2024-05-13,7.33
2024-05-14,7.315
2024-05-15,7.145
2024-05-16,7.1
2024-05-17,6.905
2024-05-20,6.975
2024-05-21,6.945
2024-05-22,7.015
2024-05-23,7.01
2024-05-24,6.97
2024-05-27,6.955
2024-05-28,6.93
2024-05-29,7.125
2024-05-30,7.15
2024-05-31,7.035
2024-06-03,7.05
2024-06-04,7.265
2024-06-05,7.16
2024-06-06,7.17
2024-06-07,7.22
2024-06-10,7.44
2024-06-11,7.565
2024-06-12,7.495
2024-06-13,7.44
2024-06-14,7.86
2024-06-17,7.68
2024-06-18,7.595
2024-06-19,7.535
2024-06-20,7.63
2024-06-21,7.66
2024-06-24,7.69
2024-06-25,7.61
2024-06-26,7.82
2024-06-27,7.75
2024-06-28,7.77
2024-07-01,7.65
2024-07-02,7.67
2024-07-03,7.505
2024-07-04,7.45
2024-07-05,7.3
2024-07-08,7.21
2024-07-09,7.07
2024-07-10,7.07
2024-07-11,7.11
2024-07-12,7.0
2024-07-15,7.09
2024-07-16,7.07
2024-07-17,7.27
2024-07-18,7.29
2024-07-19,7.305
2024-07-22,7.285
2024-07-23,7.325
2024-07-24,7.53
2024-07-25,7.76
2024-07-26,7.45
2024-07-29,7.49
2024-07-30,7.5
2024-07-31,7.72
2024-08-01,7.76
2024-08-02,8.165
2024-08-05,9.145
2024-08-06,9.045
2024-08-07,9.01
2024-08-08,9.15
2024-08-09,8.92
2024-08-12,8.76
2024-08-13,8.9
2024-08-14,8.735
2024-08-15,8.33
2024-08-16,8.205
2024-08-19,8.55
2024-08-20,8.64
2024-08-21,8.715
2024-08-22,8.715
2024-08-23,8.635
2024-08-26,8.835
2024-08-27,8.795
2024-08-28,8.88
2024-08-29,8.96
2024-08-30,8.83
2024-09-02,8.74
2024-09-03,8.825
2024-09-04,8.85
2024-09-05,8.975
2024-09-06,8.86
2024-09-09,8.67
2024-09-10,8.61
2024-09-11,8.65
2024-09-12,8.54
2024-09-13,8.685
2024-09-16,8.775
2024-09-17,8.745
2024-09-18,8.735
2024-09-19,8.67
2024-09-20,8.54
2024-09-23,8.575
2024-09-24,8.57
2024-09-25,8.625
2024-09-26,8.695
2024-09-27,8.66
2024-09-30,8.79
2024-10-01,9.075
2024-10-02,9.03
2024-10-03,9.1
2024-10-04,8.88
2024-10-07,8.935
2024-10-08,8.91
2024-10-09,8.795
2024-10-10,8.77
2024-10-11,8.69
2024-10-14,8.62
2024-10-15,8.695
2024-10-16,8.75
2024-10-17,8.895
2024-10-18,8.85
2024-10-21,8.865
2024-10-22,9.0
2024-10-23,9.32
2024-10-24,9.19
2024-10-25,9.09
2024-10-28,9.3
2024-10-29,9.55
2024-10-30,9.49
2024-10-31,9.47
2024-11-01,9.35
2024-11-04,9.4
2024-11-05,9.365
2024-11-06,8.755
2024-11-07,8.57
2024-11-08,8.35
2024-11-11,8.67
2024-11-12,8.81
2024-11-13,8.675
2024-11-14,8.84
2024-11-15,8.81
2024-11-18,8.79
2024-11-19,8.76
2024-11-20,8.805
2024-11-21,8.89
2024-11-22,8.945
2024-11-25,8.84
2024-11-26,8.95
2024-11-27,9.025
2024-11-28,9.045
2024-11-29,9.005
2024-12-02,9.22
2024-12-03,9.285
2024-12-04,9.085
2024-12-05,8.865
2024-12-06,8.765
2024-12-09,8.82
2024-12-10,8.805
2024-12-11,8.755
2024-12-12,8.735
2024-12-13,8.745
2024-12-16,8.8
2024-12-17,8.845
2024-12-18,8.905
2024-12-19,9.375
2024-12-20,9.375
2024-12-23,9.355
2024-12-24,9.29
2024-12-25,9.315
2024-12-26,9.355
2024-12-27,9.305
2024-12-30,9.345
2024-12-31,9.35
2025-01-01,9.385
2025-01-02,9.39
2025-01-03,9.36
2025-01-06,9.265
2025-01-07,8.865
2025-01-08,9.19
2025-01-09,9.255
2025-01-10,9.245
2025-01-13,9.58
2025-01-14,9.275
2025-01-15,9.195
2025-01-16,9.215
2025-01-17,9.275
2025-01-20,9.04
2025-01-21,8.635
2025-01-22,8.41
2025-01-23,8.42
2025-01-24,8.195
2025-01-27,8.495
2025-01-28,8.43
2025-01-29,8.495
2025-01-30,8.47
2025-01-31,8.53
2025-02-03,9.02
2025-02-04,8.68
2025-02-05,8.735
2025-02-06,8.825
2025-02-07,8.75
2025-02-10,8.9
2025-02-11,8.74
2025-02-12,8.5
2025-02-13,8.535
2025-02-14,8.24
2025-02-17,8.14
2025-02-18,8.14
2025-02-19,8.045
2025-02-20,8.255
2025-02-21,8.235
2025-02-24,8.37
2025-02-25,8.43
2025-02-26,8.36
2025-02-27,8.475
2025-02-28,8.445
2025-03-03,8.495
2025-03-04,8.74
2025-03-05,8.86
2025-03-06,8.975
2025-03-07,8.85
2025-03-10,8.845
2025-03-11,8.98
2025-03-12,8.645
2025-03-13,8.57
2025-03-14,8.38
2025-03-17,8.325
2025-03-18,8.325
2025-03-19,8.485
2025-03-20,8.525
2025-03-21,8.48
2025-03-24,8.46
2025-03-25,8.345
2025-03-26,8.25
2025-03-27,8.32
2025-03-28,8.47
2025-03-31,8.685
2025-04-01,8.655
2025-04-02,8.72
2025-04-03,9.44
2025-04-04,10.17
2025-04-07,10.395
2025-04-08,9.965
2025-04-09,10.98
2025-04-10,10.1
2025-04-11,11.39
2025-04-14,10.365
2025-04-15,9.995
2025-04-16,10.315
2025-04-17,9.89
2025-04-18,9.89
2025-04-21,10.44
2025-04-22,10.23
2025-04-23,9.83
2025-04-24,9.785
2025-04-25,9.6
2025-04-28,9.56
2025-04-29,9.785
2025-04-30,9.825
2025-05-01,9.665
2025-05-02,9.855
2025-05-05,10.165
2025-05-06,10.09
2025-05-07,10.065
2025-05-08,9.67
2025-05-09,9.425
2025-05-12,8.82
2025-05-13,8.375
2025-05-14,8.815
2025-05-15,8.865
2025-05-16,8.77
2025-05-19,8.905
2025-05-20,8.795
2025-05-21,9.155
2025-05-22,9.11
2025-05-23,9.355
2025-05-26,9.435
2025-05-27,9.155
2025-05-28,8.945
2025-05-29,9.025
2025-05-30,8.985
2025-06-02,9.125
2025-06-03,9.015
2025-06-04,8.975
2025-06-05,9.085
2025-06-06,8.735
2025-06-09,8.625
2025-06-10,8.575
2025-06-11,8.335
2025-06-12,8.75
2025-06-13,8.705
2025-06-16,8.73
2025-06-17,8.7
2025-06-18,8.845
2025-06-19,8.92
2025-06-20,8.61
2025-06-23,8.785
2025-06-24,8.715
2025-06-25,8.605
2025-06-26,8.915
2025-06-27,8.705
2025-06-30,8.705
2025-07-01,8.865
2025-07-02,8.9
2025-07-03,8.645
2025-07-04,8.48
2025-07-07,8.565
2025-07-08,8.595
2025-07-09,8.475
2025-07-10,8.405
2025-07-11,8.395
2025-07-14,8.485
2025-07-15,8.585
2025-07-16,8.525
2025-07-17,8.56
2025-07-18,8.45
2025-07-21,8.305
2025-07-22,8.315
2025-07-23,8.345
2025-07-24,8.285
2025-07-25,8.2
2025-07-28,8.145
2025-07-29,8.07
2025-07-30,8.03
2025-07-31,8.055
2025-08-01,8.15
2025-08-04,8.31
2025-08-05,8.205
2025-08-06,8.195
2025-08-07,8.225
2025-08-08,8.085
2025-08-11,7.945
2025-08-12,7.855
2025-08-13,7.935
2025-08-14,7.955
2025-08-15,7.81
2025-08-18,7.715
2025-08-19,7.595
2025-08-20,7.815
2025-08-21,7.825
2025-08-22,7.775
2025-08-25,7.755
2025-08-26,7.825
2025-08-27,7.825
2025-08-28,7.975
2025-08-29,7.905
2025-09-01,7.875
2025-09-02,7.985
2025-09-03,8.02
2025-09-04,7.995
2025-09-05,7.935
2025-09-08,7.885
2025-09-09,7.885
2025-09-10,7.785
2025-09-11,7.735
2025-09-12,7.615
2025-09-15,7.51
2025-09-16,7.785
2025-09-17,7.835
2025-09-18,7.585
2025-09-19,7.485
2025-09-22,7.425
2025-09-23,7.405
2025-09-24,7.395
2025-09-25,7.415
2025-09-26,7.37
2025-09-29,7.42
2025-09-30,7.41
2025-10-01,7.46
2025-10-02,7.345
2025-10-03,7.1
2025-10-06,7.185
2025-10-07,7.265
2025-10-08,7.455
2025-10-09,7.445
2025-10-10,7.575
2025-10-13,7.595
2025-10-14,7.815
2025-10-15,7.64
2025-10-16,7.52
2025-10-17,7.55
2025-10-20,7.355
2025-10-21,7.395
2025-10-22,7.35
2025-10-23,7.375
2025-10-24,7.205
2025-10-27,7.14
2025-10-28,7.08
2025-10-29,7.12
2025-10-30,7.1
2025-10-31,6.965
2025-11-03,6.95
2025-11-04,7.095
2025-11-05,7.075
2025-11-06,6.97
2025-11-07,7.025
2025-11-10,6.995
2025-11-11,7.01
2025-11-12,7.13
2025-11-13,7.24
2025-11-14,7.315
2025-11-17,7.275
2025-11-18,7.285
2025-11-19,7.415
2025-11-20,7.345
2025-11-21,7.345
2025-11-24,7.315
2025-11-25,7.255
2025-11-26,7.17
2025-11-27,7.16
2025-11-28,7.075
2025-12-01,7.05
2025-12-02,6.93
2025-12-03,6.91
2025-12-04,6.89
2025-12-05,6.82
2025-12-08,6.91
2025-12-09,6.85
2025-12-10,6.85
2025-12-11,7.015
2025-12-12,6.9
2025-12-15,6.985
2025-12-16,6.87
2025-12-17,6.77
2025-12-18,6.78
2025-12-19,6.73
2025-12-22,6.855
2025-12-23,7.015
2025-12-24,7.09
2025-12-25,7.11
2025-12-26,7.13
2025-12-29,7.16
2025-12-30,7.1
2025-12-31,7.065
2026-01-01,7.085
2026-01-02,6.96
2026-01-05,6.885
2026-01-06,6.695
2026-01-07,6.69
2026-01-08,6.725
2026-01-09,6.74
2026-01-12,6.84
2026-01-13,6.84
2026-01-14,6.875
2026-01-15,6.88
2026-01-16,6.775
2026-01-19,6.9
2026-01-20,7.12
2026-01-21,6.98
2026-01-22,6.94
2026-01-23,6.905
2026-01-26,7.47
2026-01-27,7.77
2026-01-28,7.895
2026-01-29,8.05
2026-01-30,7.94
2026-02-02,7.8
2026-02-03,7.535
2026-02-04,7.62
2026-02-05,7.745
2026-02-06,7.73
2026-02-09,7.875
2026-02-10,7.83
2026-02-11,7.8
2026-02-12,7.85
2026-02-13,7.81
2026-02-16,7.64
2026-02-17,7.62
2026-02-18,7.56
2026-02-19,7.61
2026-02-20,7.65
2026-02-23,7.69
2026-02-24,7.645
2026-02-25,7.48
2026-02-26,7.45
2026-02-27,7.455
2026-03-02,7.81
2026-03-03,8.31
2026-03-04,7.94
2026-03-05,8.195
2026-03-06,8.585
2026-03-09,8.555
2026-03-10,8.055
2026-03-11,8.3
2026-03-12,8.625
2026-03-13,8.78
2026-03-16,8.645
2026-03-17,8.505
2026-03-18,8.565
2026-03-19,8.8
2026-03-20,8.735
2026-03-23,8.745
2026-03-24,8.67
2026-03-25,8.545
2026-03-26,8.715
2026-03-27,8.925
2026-03-30,8.785
2026-03-31,8.505
2026-04-01,8.31
2026-04-02,8.335
2026-04-03,8.215
2026-04-06,8.24
2026-04-07,8.21
2026-04-08,7.765
2026-04-09,7.72
2026-04-10,7.63
2026-04-13,7.59
2026-04-14,7.53
2026-04-15,7.41
2026-04-16,7.405
2026-04-17,7.36
2026-04-20,7.24
2026-04-21,7.14
2026-04-22,7.15
2026-04-23,7.265
2026-04-24,7.235
2026-04-27,7.1
2026-04-28,7.055
2026-04-29,7.15
2026-04-30,7.245
2026-05-01,7.235
2026-05-04,7.29
2026-05-05,7.165
2026-05-06,7.135
2026-05-07,7.06
2026-05-08,6.985
2026-05-11,6.855
2026-05-12,6.955
2026-05-13,6.945
2026-05-14,6.96
2026-05-15,7.065
2026-05-18,7.105
2026-05-19,7.175
2026-05-20,7.06
2026-05-21,7.025
2026-05-22,6.965
2026-05-25,6.965
2026-05-26,6.805
2026-05-27,6.67
2026-05-28,6.695
2026-05-29,6.515
2026-06-01,6.555
2026-06-02,6.505
2026-06-03,6.725
2026-06-04,6.695
2026-06-05,6.755
2026-06-08,6.86
2026-06-09,6.81
2026-06-10,6.905
2026-06-11,6.915
2026-06-12,6.685
2026-06-15,6.505
2026-06-16,6.445
2026-06-17,6.455
2026-06-18,6.685
2026-06-19,6.815
2026-06-22,6.895
2026-06-23,7.045
2026-06-24,7.165
2026-06-25,7.065
2026-06-26,6.835
2026-06-29,6.755
2026-06-30,6.815
