spec,term,estimator,coef,se,t,p
A: VIX,vix,classical,0.06944227616650309,0.007307754761261215,9.502546053491036,5.787573224271969e-21
A: VIX,vix,HC0,0.06944227616650309,0.011731363993277759,5.919369325365278,3.2317849799308415e-09
A: VIX,vix,HC1,0.06944227616650309,0.011755453061751395,5.907239457443521,3.478879054752431e-09
A: VIX,vix,HC2,0.06944227616650309,0.01195033184833124,5.810907767904378,6.2134990796636325e-09
A: VIX,vix,HC3,0.06944227616650309,0.01217968343943299,5.701484485358339,1.1876854690534823e-08
A: VIX,vix,HAC(0),0.06944227616650309,0.011731363993277767,5.919369325365274,3.2317849799309127e-09
A: VIX,vix,HAC(1),0.06944227616650309,0.011762229620650341,5.903836126833204,3.551449450680158e-09
A: VIX,vix,HAC(2),0.06944227616650309,0.010962919778084574,6.33428662912609,2.384418881090714e-10
A: VIX,vix,HAC(3),0.06944227616650309,0.010175585309588302,6.824401157648265,8.829283980917535e-12
A: VIX,vix,HAC(4),0.06944227616650309,0.010019059200554799,6.9310176511041846,4.178239082336755e-12
A: VIX,vix,HAC(5),0.06944227616650309,0.00990858156951213,7.008296362031385,2.4123740569070862e-12
A: VIX,vix,HAC(6),0.06944227616650309,0.009825447070270485,7.0675945501369855,1.576423353987144e-12
A: VIX,vix,HAC(7),0.06944227616650309,0.009658049866497438,7.190092940748796,6.474723267330163e-13
A: VIX,vix,HAC(8),0.06944227616650309,0.009625433296536349,7.214457160228979,5.41495507444785e-13
A: VIX,vix,HAC(10),0.06944227616650309,0.009754097649477133,7.119292697487555,1.0848231545830501e-12
A: VIX,vix,HAC(12),0.06944227616650309,0.00984738041366157,7.051852700862831,1.7655104772589247e-12
A: VIX,vix,HAC(15),0.06944227616650309,0.010105710278214379,6.871587870098047,6.349116286716463e-12
A: VIX,vix,HAC(21),0.06944227616650309,0.010477569025034453,6.627708774867722,3.4093724992110216e-11
A: VIX,vix,HAC(7) auto,0.06944227616650309,0.009658049866497438,7.190092940748796,6.474723267330163e-13
A: VIX,vix_tariff,classical,-0.07100636803978726,0.022514317666434473,-3.153831667998861,0.0016360146455976
A: VIX,vix_tariff,HC0,-0.07100636803978726,0.05026930185102725,-1.4125194785918087,0.15779705944537725
A: VIX,vix_tariff,HC1,-0.07100636803978726,0.050372524345453744,-1.4096249684218134,0.15865045039058623
A: VIX,vix_tariff,HC2,-0.07100636803978726,0.05764804938521981,-1.2317219541168438,0.21805296595663637
A: VIX,vix_tariff,HC3,-0.07100636803978726,0.06670283026511337,-1.0645180685372613,0.2870940735928156
A: VIX,vix_tariff,HAC(0),-0.07100636803978726,0.05026930185102732,-1.4125194785918067,0.15779705944537803
A: VIX,vix_tariff,HAC(1),-0.07100636803978726,0.04087639004791353,-1.7370997770731875,0.0823695607114652
A: VIX,vix_tariff,HAC(2),-0.07100636803978726,0.03650784692879917,-1.9449618099437676,0.051779574870860066
A: VIX,vix_tariff,HAC(3),-0.07100636803978726,0.034044379636885246,-2.085700159531052,0.03700579198934027
A: VIX,vix_tariff,HAC(4),-0.07100636803978726,0.02807219106404642,-2.529420232207274,0.011425114108294285
A: VIX,vix_tariff,HAC(5),-0.07100636803978726,0.027502974834641546,-2.581770461802944,0.009829493754698595
A: VIX,vix_tariff,HAC(6),-0.07100636803978726,0.026705021098314748,-2.658914508188432,0.007839285240941804
A: VIX,vix_tariff,HAC(7),-0.07100636803978726,0.025899874373024243,-2.7415719094662188,0.006114597499169113
A: VIX,vix_tariff,HAC(8),-0.07100636803978726,0.02511324583418739,-2.827446858467185,0.004692080237995179
A: VIX,vix_tariff,HAC(10),-0.07100636803978726,0.024467757729109915,-2.9020382180468123,0.0037074330719252878
A: VIX,vix_tariff,HAC(12),-0.07100636803978726,0.02296628063523713,-3.091766105602763,0.0019896955620908397
A: VIX,vix_tariff,HAC(15),-0.07100636803978726,0.02097415618102548,-3.385421917665704,0.000710689254311294
A: VIX,vix_tariff,HAC(21),-0.07100636803978726,0.018638656490275164,-3.809629094073131,0.00013917542315303305
A: VIX,vix_tariff,HAC(7) auto,-0.07100636803978726,0.025899874373024243,-2.7415719094662188,0.006114597499169113
A: VIX,vix_hormuz,classical,0.0571734270037899,0.055907428114845635,1.022644556039023,0.3066030436914449
A: VIX,vix_hormuz,HC0,0.0571734270037899,0.05959845764996668,0.9593105133622843,0.33740234059727414
A: VIX,vix_hormuz,HC1,0.0571734270037899,0.0597208365419758,0.957344711064196,0.3383932949418522
A: VIX,vix_hormuz,HC2,0.0571734270037899,0.06692910755242377,0.8542385980420774,0.3929728008680937
A: VIX,vix_hormuz,HC3,0.0571734270037899,0.0755468039239803,0.7567947819648493,0.44917281947142207
A: VIX,vix_hormuz,HAC(0),0.0571734270037899,0.059598457649966664,0.9593105133622846,0.33740234059727414
A: VIX,vix_hormuz,HAC(1),0.0571734270037899,0.06151497808905136,0.9294228622015199,0.3526699841798019
A: VIX,vix_hormuz,HAC(2),0.0571734270037899,0.057074161785944155,1.0017392321628487,0.31646955327358695
A: VIX,vix_hormuz,HAC(3),0.0571734270037899,0.05212433637751334,1.0968662812262633,0.27269985055828727
A: VIX,vix_hormuz,HAC(4),0.0571734270037899,0.046755779588383686,1.2228098324339445,0.2214015308801831
A: VIX,vix_hormuz,HAC(5),0.0571734270037899,0.043585372028341444,1.3117572328306113,0.18960205910486316
A: VIX,vix_hormuz,HAC(6),0.0571734270037899,0.03784365099147736,1.5107798932155287,0.13084453917319336
A: VIX,vix_hormuz,HAC(7),0.0571734270037899,0.032209205496385916,1.7750648028311389,0.07588718778457088
A: VIX,vix_hormuz,HAC(8),0.0571734270037899,0.029146160316462725,1.9616109423338497,0.04980779734038002
A: VIX,vix_hormuz,HAC(10),0.0571734270037899,0.029146544996604434,1.961585052720677,0.04981081390049664
A: VIX,vix_hormuz,HAC(12),0.0571734270037899,0.027352962948819635,2.090209646054345,0.036598971419058095
A: VIX,vix_hormuz,HAC(15),0.0571734270037899,0.024424747394720656,2.34079911164804,0.01924251779580946
A: VIX,vix_hormuz,HAC(21),0.0571734270037899,0.02182885961266529,2.6191669202278156,0.008814480492015667
A: VIX,vix_hormuz,HAC(7) auto,0.0571734270037899,0.032209205496385916,1.7750648028311389,0.07588718778457088
A: VIX,vix_ukraine,classical,0.16481595607254249,0.06691823682240224,2.462945288142544,0.013866120736728028
A: VIX,vix_ukraine,HC0,0.16481595607254249,0.059600618546597164,2.7653396909578296,0.005686354686412581
A: VIX,vix_ukraine,HC1,0.16481595607254249,0.05972300187577034,2.7596730053083354,0.00578592425110784
A: VIX,vix_ukraine,HC2,0.16481595607254249,0.0632528454080189,2.6056686463570204,0.009169512029790699
A: VIX,vix_ukraine,HC3,0.16481595607254249,0.06718440961439688,2.453187532918712,0.014159649769422548
A: VIX,vix_ukraine,HAC(0),0.16481595607254249,0.05960061854659719,2.7653396909578283,0.0056863546864126015
A: VIX,vix_ukraine,HAC(1),0.16481595607254249,0.04483074122119388,3.6764048860879686,0.00023654399187879652
A: VIX,vix_ukraine,HAC(2),0.16481595607254249,0.03995036453911591,4.1255182017467975,3.699009244490205e-05
A: VIX,vix_ukraine,HAC(3),0.16481595607254249,0.0400205895203988,4.118279067042091,3.817122804446222e-05
A: VIX,vix_ukraine,HAC(4),0.16481595607254249,0.035729661013765915,4.612860894735112,3.971641180088795e-06
A: VIX,vix_ukraine,HAC(5),0.16481595607254249,0.034082732327040746,4.835761243877149,1.3263704858406504e-06
A: VIX,vix_ukraine,HAC(6),0.16481595607254249,0.035004015592779304,4.708487105877676,2.4956214922802916e-06
A: VIX,vix_ukraine,HAC(7),0.16481595607254249,0.029633503721893568,5.561811307205452,2.6698888859034594e-08
A: VIX,vix_ukraine,HAC(8),0.16481595607254249,0.029827582876388235,5.525622265658415,3.283198374501302e-08
A: VIX,vix_ukraine,HAC(10),0.16481595607254249,0.02812776751928404,5.859546299205821,4.6413347354279306e-09
A: VIX,vix_ukraine,HAC(12),0.16481595607254249,0.025920720052830047,6.358463643626587,2.0378160173018863e-10
A: VIX,vix_ukraine,HAC(15),0.16481595607254249,0.022363846872883838,7.369749802409076,1.7094855939705465e-13
A: VIX,vix_ukraine,HAC(21),0.16481595607254249,0.019756383464913343,8.342415319344756,7.27882895989649e-17
A: VIX,vix_ukraine,HAC(7) auto,0.16481595607254249,0.029633503721893568,5.561811307205452,2.6698888859034594e-08
B: VIX + GPR,vix,classical,0.06981986429357662,0.007303560079643265,9.559702875338967,3.427259912659877e-21
B: VIX + GPR,vix,HC0,0.06981986429357662,0.011714508282578215,5.960119077077485,2.5205419638965477e-09
B: VIX + GPR,vix,HC1,0.06981986429357662,0.01175064566903325,5.941789605449046,2.8192712094939108e-09
B: VIX + GPR,vix,HC2,0.06981986429357662,0.011934840429185667,5.850087791943821,4.913136172698983e-09
B: VIX + GPR,vix,HC3,0.06981986429357662,0.012165491846067132,5.739173161021683,9.513990358498372e-09
B: VIX + GPR,vix,HAC(0),0.06981986429357662,0.011714508282578168,5.9601190770775085,2.520541963896181e-09
B: VIX + GPR,vix,HAC(1),0.06981986429357662,0.01174266774339522,5.9458264356366115,2.7506548709273875e-09
B: VIX + GPR,vix,HAC(2),0.06981986429357662,0.010940209201516938,6.3819496508252875,1.7484745654424809e-10
B: VIX + GPR,vix,HAC(3),0.06981986429357662,0.010156664912775433,6.874290418477288,6.229917477375279e-12
B: VIX + GPR,vix,HAC(4),0.06981986429357662,0.010001178531642561,6.981163677128122,2.9274500464466014e-12
B: VIX + GPR,vix,HAC(5),0.06981986429357662,0.009889785314664152,7.0597957460260234,1.6674752384500692e-12
B: VIX + GPR,vix,HAC(6),0.06981986429357662,0.0098015499948326,7.123349299894998,1.0533541448247666e-12
B: VIX + GPR,vix,HAC(7),0.06981986429357662,0.00963053287379187,7.249844344914858,4.1725086459998787e-13
B: VIX + GPR,vix,HAC(8),0.06981986429357662,0.00959423749669143,7.27727079068597,3.40641074969296e-13
B: VIX + GPR,vix,HAC(10),0.06981986429357662,0.009716106012118444,7.185992434262612,6.672073901205887e-13
B: VIX + GPR,vix,HAC(12),0.06981986429357662,0.00980568198559583,7.120347610307912,1.0765520283371873e-12
B: VIX + GPR,vix,HAC(15),0.06981986429357662,0.010055676451370692,6.943328440530667,3.829676267240428e-12
B: VIX + GPR,vix,HAC(21),0.06981986429357662,0.010413820617063863,6.7045387913799175,2.0204347874374124e-11
B: VIX + GPR,vix,HAC(7) auto,0.06981986429357662,0.00963053287379187,7.249844344914858,4.1725086459998787e-13
B: VIX + GPR,vix_tariff,classical,-0.06738755276329018,0.022584278227597374,-2.9838258315886503,0.0028821930061482134
B: VIX + GPR,vix_tariff,HC0,-0.06738755276329018,0.043727027385756824,-1.5410961318911949,0.1232933911520868
B: VIX + GPR,vix_tariff,HC1,-0.06738755276329018,0.043861918279087704,-1.5363567168793648,0.12445091618760751
B: VIX + GPR,vix_tariff,HC2,-0.06738755276329018,0.0566331303463555,-1.1898963089478378,0.2340871493952622
B: VIX + GPR,vix_tariff,HC3,-0.06738755276329018,0.07717536853118902,-0.8731743566090875,0.3825680498028661
B: VIX + GPR,vix_tariff,HAC(0),-0.06738755276329018,0.043727027385756935,-1.5410961318911909,0.12329339115208782
B: VIX + GPR,vix_tariff,HAC(1),-0.06738755276329018,0.03390837252579912,-1.9873425866139254,0.04688444537350027
B: VIX + GPR,vix_tariff,HAC(2),-0.06738755276329018,0.029647483792193167,-2.272960269938146,0.023028574255223005
B: VIX + GPR,vix_tariff,HAC(3),-0.06738755276329018,0.02947852783113284,-2.2859877246692384,0.022254976704244797
B: VIX + GPR,vix_tariff,HAC(4),-0.06738755276329018,0.024806284081652103,-2.7165516826896776,0.006596589502405746
B: VIX + GPR,vix_tariff,HAC(5),-0.06738755276329018,0.024916419928615895,-2.704543949586322,0.006839822103824638
B: VIX + GPR,vix_tariff,HAC(6),-0.06738755276329018,0.024703377577097105,-2.727867982950083,0.006374511400417914
B: VIX + GPR,vix_tariff,HAC(7),-0.06738755276329018,0.02393450208303937,-2.8154984185379317,0.0048701636641745455
B: VIX + GPR,vix_tariff,HAC(8),-0.06738755276329018,0.02323956586004978,-2.8996906899682435,0.0037353106087218047
B: VIX + GPR,vix_tariff,HAC(10),-0.06738755276329018,0.0222532102041071,-3.0282171491308247,0.0024600124784116815
B: VIX + GPR,vix_tariff,HAC(12),-0.06738755276329018,0.020763365938571973,-3.245502341125952,0.0011724360047431375
B: VIX + GPR,vix_tariff,HAC(15),-0.06738755276329018,0.01910486511727745,-3.527245670127677,0.00041990695478749446
B: VIX + GPR,vix_tariff,HAC(21),-0.06738755276329018,0.017063200725451446,-3.949291451677938,7.838286733480811e-05
B: VIX + GPR,vix_tariff,HAC(7) auto,-0.06738755276329018,0.02393450208303937,-2.8154984185379317,0.0048701636641745455
B: VIX + GPR,vix_hormuz,classical,0.06203444411794597,0.05723889227195462,1.0837813531262384,0.27859628896109345
B: VIX + GPR,vix_hormuz,HC0,0.06203444411794597,0.058246083579416574,1.0650406054059256,0.28685755503485233
B: VIX + GPR,vix_hormuz,HC1,0.06203444411794597,0.058425763441432806,1.0617652293089945,0.2883422784830828
B: VIX + GPR,vix_hormuz,HC2,0.06203444411794597,0.06988180161665933,0.8877052778095148,0.3746993061754281
B: VIX + GPR,vix_hormuz,HC3,0.06203444411794597,0.08707500392845845,0.7124253955694793,0.47620139422707486
B: VIX + GPR,vix_hormuz,HAC(0),0.06203444411794597,0.05824608357941652,1.0650406054059265,0.286857555034852
B: VIX + GPR,vix_hormuz,HAC(1),0.06203444411794597,0.05978175698709196,1.037681848851321,0.29941819813264803
B: VIX + GPR,vix_hormuz,HAC(2),0.06203444411794597,0.05803720479237153,1.068873739524062,0.2851265664107391
B: VIX + GPR,vix_hormuz,HAC(3),0.06203444411794597,0.056283460969364485,1.102178918096593,0.2703838953550105
B: VIX + GPR,vix_hormuz,HAC(4),0.06203444411794597,0.051381395046072566,1.2073328110753132,0.2273039995058297
B: VIX + GPR,vix_hormuz,HAC(5),0.06203444411794597,0.04755924112165366,1.304361521649717,0.19211034814308015
B: VIX + GPR,vix_hormuz,HAC(6),0.06203444411794597,0.04217665458808415,1.4708241970303657,0.14133866685030877
B: VIX + GPR,vix_hormuz,HAC(7),0.06203444411794597,0.036793630358928395,1.6860104184552858,0.09179379268132022
B: VIX + GPR,vix_hormuz,HAC(8),0.06203444411794597,0.03377311802410641,1.8367994353872605,0.06623950931584482
B: VIX + GPR,vix_hormuz,HAC(10),0.06203444411794597,0.03228239791458723,1.921618223097203,0.05465381389373829
B: VIX + GPR,vix_hormuz,HAC(12),0.06203444411794597,0.030058059469141536,2.063820659535001,0.03903472350337516
B: VIX + GPR,vix_hormuz,HAC(15),0.06203444411794597,0.027050986974921726,2.2932414323904893,0.02183410901127291
B: VIX + GPR,vix_hormuz,HAC(21),0.06203444411794597,0.024451384987430397,2.5370523653296413,0.011179023110246367
B: VIX + GPR,vix_hormuz,HAC(7) auto,0.06203444411794597,0.036793630358928395,1.6860104184552858,0.09179379268132022
B: VIX + GPR,vix_ukraine,classical,0.1682322609340849,0.06791890650574582,2.476957736648082,0.013335328118084211
B: VIX + GPR,vix_ukraine,HC0,0.1682322609340849,0.06302568695896305,2.6692650100525426,0.007601744528541613
B: VIX + GPR,vix_ukraine,HC1,0.1682322609340849,0.0632201111337803,2.66105607720442,0.007789598259593166
B: VIX + GPR,vix_ukraine,HC2,0.1682322609340849,0.0690318600148515,2.437023439581252,0.014808719417159106
B: VIX + GPR,vix_ukraine,HC3,0.1682322609340849,0.075929144951251,2.215648036628037,0.026715616267746815
B: VIX + GPR,vix_ukraine,HAC(0),0.1682322609340849,0.06302568695896305,2.6692650100525426,0.007601744528541613
B: VIX + GPR,vix_ukraine,HAC(1),0.1682322609340849,0.05098378014558032,3.29972121434916,0.000967809181701974
B: VIX + GPR,vix_ukraine,HAC(2),0.1682322609340849,0.0469010475513853,3.5869616931214123,0.0003345534491447343
B: VIX + GPR,vix_ukraine,HAC(3),0.1682322609340849,0.04739560073030744,3.5495332550243974,0.0003859147188305805
B: VIX + GPR,vix_ukraine,HAC(4),0.1682322609340849,0.044137670206425186,3.8115346856163486,0.00013810667150404308
B: VIX + GPR,vix_ukraine,HAC(5),0.1682322609340849,0.04237452113425102,3.970127718991589,7.183411506830824e-05
B: VIX + GPR,vix_ukraine,HAC(6),0.1682322609340849,0.043893178974263446,3.8327654743969917,0.0001267107411160924
B: VIX + GPR,vix_ukraine,HAC(7),0.1682322609340849,0.04017757052683394,4.187218359102259,2.8239411212628685e-05
B: VIX + GPR,vix_ukraine,HAC(8),0.1682322609340849,0.04015413176992493,4.189662520858919,2.7936963356009265e-05
B: VIX + GPR,vix_ukraine,HAC(10),0.1682322609340849,0.03827471053927042,4.395389502984642,1.1057430076679632e-05
B: VIX + GPR,vix_ukraine,HAC(12),0.1682322609340849,0.03600122240866611,4.672959685213036,2.9689005977395762e-06
B: VIX + GPR,vix_ukraine,HAC(15),0.1682322609340849,0.031361036499624524,5.364371835608784,8.123141307725581e-08
B: VIX + GPR,vix_ukraine,HAC(21),0.1682322609340849,0.026732921900458888,6.293074193704096,3.112394808880819e-10
B: VIX + GPR,vix_ukraine,HAC(7) auto,0.1682322609340849,0.04017757052683394,4.187218359102259,2.8239411212628685e-05
B: VIX + GPR,gpr,classical,0.013287143352198987,0.007077400699872646,1.8774044194555892,0.06061246657543792
B: VIX + GPR,gpr,HC0,0.013287143352198987,0.006797553947144925,1.9546947998522008,0.050619104246183884
B: VIX + GPR,gpr,HC1,0.013287143352198987,0.006818523315044238,1.9486834228288887,0.051333242664408654
B: VIX + GPR,gpr,HC2,0.013287143352198987,0.006808621838687233,1.9515173065862141,0.05099553950896344
B: VIX + GPR,gpr,HC3,0.013287143352198987,0.006819734514456441,1.9483373324918973,0.05137461291947472
B: VIX + GPR,gpr,HAC(0),0.013287143352198987,0.00679755394714494,1.9546947998521964,0.050619104246184404
B: VIX + GPR,gpr,HAC(1),0.013287143352198987,0.006684346573587244,1.9877998852875551,0.046833826439587806
B: VIX + GPR,gpr,HAC(2),0.013287143352198987,0.006636118329953505,2.0022462969390844,0.04525824865962494
B: VIX + GPR,gpr,HAC(3),0.013287143352198987,0.006531554763051465,2.0343002293058,0.041921334086354484
B: VIX + GPR,gpr,HAC(4),0.013287143352198987,0.006518019485920886,2.038524644011821,0.04149749274921731
B: VIX + GPR,gpr,HAC(5),0.013287143352198987,0.006514905253388752,2.0394990925290326,0.04140024170105983
B: VIX + GPR,gpr,HAC(6),0.013287143352198987,0.006506995613531722,2.0419782248765475,0.0411536913493286
B: VIX + GPR,gpr,HAC(7),0.013287143352198987,0.0064877265689293325,2.0480430565358674,0.04055578069892127
B: VIX + GPR,gpr,HAC(8),0.013287143352198987,0.0064600321226854825,2.05682310859399,0.039703244387294716
B: VIX + GPR,gpr,HAC(10),0.013287143352198987,0.006408578000674202,2.0733372287582577,0.03814090629994604
B: VIX + GPR,gpr,HAC(12),0.013287143352198987,0.006414395865764924,2.071456709292837,0.03831613603124145
B: VIX + GPR,gpr,HAC(15),0.013287143352198987,0.006410202336172065,2.0728118482658653,0.038189793343905494
B: VIX + GPR,gpr,HAC(21),0.013287143352198987,0.006417384756189359,2.0704919304369227,0.03840630094497187
B: VIX + GPR,gpr,HAC(7) auto,0.013287143352198987,0.0064877265689293325,2.0480430565358674,0.04055578069892127
B: VIX + GPR,gpr_tariff,classical,0.15425420584774138,0.08497945703321383,1.8151940625774043,0.06964827987146788
B: VIX + GPR,gpr_tariff,HC0,0.15425420584774138,0.1577827917811426,0.9776364336467335,0.3282541710383373
B: VIX + GPR,gpr_tariff,HC1,0.15425420584774138,0.1582695264852385,0.9746298562542826,0.32974389825053085
B: VIX + GPR,gpr_tariff,HC2,0.15425420584774138,0.19980392010346273,0.772027925017013,0.44009788837282016
B: VIX + GPR,gpr_tariff,HC3,0.15425420584774138,0.2662809794683283,0.5792911163077966,0.5623927587718175
B: VIX + GPR,gpr_tariff,HAC(0),0.15425420584774138,0.1577827917811426,0.9776364336467335,0.3282541710383373
B: VIX + GPR,gpr_tariff,HAC(1),0.15425420584774138,0.13469149782671933,1.1452408528873106,0.2521093996430672
B: VIX + GPR,gpr_tariff,HAC(2),0.15425420584774138,0.1218016072091078,1.2664381807615992,0.20535624874647918
B: VIX + GPR,gpr_tariff,HAC(3),0.15425420584774138,0.10161581576748438,1.5180137529053872,0.12901093167659844
B: VIX + GPR,gpr_tariff,HAC(4),0.15425420584774138,0.08730468001712463,1.766849220654434,0.07725348306630694
B: VIX + GPR,gpr_tariff,HAC(5),0.15425420584774138,0.08457113255953189,1.823958142444855,0.0681584005358273
B: VIX + GPR,gpr_tariff,HAC(6),0.15425420584774138,0.08605299897061942,1.7925488674765129,0.07304508867959973
B: VIX + GPR,gpr_tariff,HAC(7),0.15425420584774138,0.08616750131176854,1.7901668668518504,0.07342708985196335
B: VIX + GPR,gpr_tariff,HAC(8),0.15425420584774138,0.0856321580577666,1.8013583838875464,0.0716464110550563
B: VIX + GPR,gpr_tariff,HAC(10),0.15425420584774138,0.08495288683111046,1.8157617898777771,0.06940692099412807
B: VIX + GPR,gpr_tariff,HAC(12),0.15425420584774138,0.0806127202474517,1.9135219029234734,0.05568127225757985
B: VIX + GPR,gpr_tariff,HAC(15),0.15425420584774138,0.07786334853442692,1.9810887760566656,0.0475813187637602
B: VIX + GPR,gpr_tariff,HAC(21),0.15425420584774138,0.06694135001764501,2.304318717908761,0.021204758988968987
B: VIX + GPR,gpr_tariff,HAC(7) auto,0.15425420584774138,0.08616750131176854,1.7901668668518504,0.07342708985196335
C: VXY,vxy,classical,0.10709714969452185,0.006900374019188893,15.520484744261823,2.6289701497235306e-51
C: VXY,vxy,HC0,0.10709714969452185,0.012830576078812573,8.347025810584908,7.000342407113489e-17
C: VXY,vxy,HC1,0.10709714969452185,0.0128569222586682,8.329921231523075,8.089616034450128e-17
C: VXY,vxy,HC2,0.10709714969452185,0.013169230457487927,8.132377213706302,4.209525009361573e-16
C: VXY,vxy,HC3,0.10709714969452185,0.01353158756003462,7.914603457973548,2.4804238700511027e-15
C: VXY,vxy,HAC(0),0.10709714969452185,0.012830576078812562,8.347025810584915,7.000342407113088e-17
C: VXY,vxy,HAC(1),0.10709714969452185,0.01403902536200679,7.62853167744495,2.374425040312667e-14
C: VXY,vxy,HAC(2),0.10709714969452185,0.014615479778825954,7.327652004259066,2.3421994763705923e-13
C: VXY,vxy,HAC(3),0.10709714969452185,0.014619752441465156,7.325510477918108,2.3799103093341037e-13
C: VXY,vxy,HAC(4),0.10709714969452185,0.01495802161561776,7.15984723425597,8.0767014875717e-13
C: VXY,vxy,HAC(5),0.10709714969452185,0.015460362221667724,6.927208312391608,4.2922632518419955e-12
C: VXY,vxy,HAC(6),0.10709714969452185,0.015766609102298157,6.792655858951387,1.1008777651602704e-11
C: VXY,vxy,HAC(7),0.10709714969452185,0.016064584467747018,6.66666168113726,2.6168737897970335e-11
C: VXY,vxy,HAC(8),0.10709714969452185,0.01630128264470849,6.569860300489073,5.03624895181147e-11
C: VXY,vxy,HAC(10),0.10709714969452185,0.016920416527613297,6.329462960899603,2.4601593753741053e-10
C: VXY,vxy,HAC(12),0.10709714969452185,0.017575935031734664,6.093396994307838,1.1053947273265291e-09
C: VXY,vxy,HAC(15),0.10709714969452185,0.018522977045849983,5.781854041573552,7.388179785388173e-09
C: VXY,vxy,HAC(21),0.10709714969452185,0.019598153896005648,5.464655000813602,4.638079582294296e-08
C: VXY,vxy,HAC(7) auto,0.10709714969452185,0.016064584467747018,6.66666168113726,2.6168737897970335e-11
C: VXY,vxy_tariff,classical,-0.12650411952671542,0.02731261875949589,-4.631709637243525,3.866590789064347e-06
C: VXY,vxy_tariff,HC0,-0.12650411952671542,0.06252568931926539,-2.023234304235604,0.04304899647483665
C: VXY,vxy_tariff,HC1,-0.12650411952671542,0.06265407896025138,-2.0190883279438423,0.04347803979736644
C: VXY,vxy_tariff,HC2,-0.12650411952671542,0.06857933511768428,-1.8446390492067384,0.06509006264116557
C: VXY,vxy_tariff,HC3,-0.12650411952671542,0.07545954882859886,-1.6764494552447002,0.09365018878629723
C: VXY,vxy_tariff,HAC(0),-0.12650411952671542,0.06252568931926543,-2.0232343042356025,0.04304899647483685
C: VXY,vxy_tariff,HAC(1),-0.12650411952671542,0.047160751624321026,-2.6824025311224395,0.007309544855170652
C: VXY,vxy_tariff,HAC(2),-0.12650411952671542,0.04195720046491613,-3.015075317822883,0.0025691544825395267
C: VXY,vxy_tariff,HAC(3),-0.12650411952671542,0.04115939470597501,-3.0735174904880496,0.0021155128635014513
C: VXY,vxy_tariff,HAC(4),-0.12650411952671542,0.044022988877280504,-2.8735922469817123,0.004058325423342947
C: VXY,vxy_tariff,HAC(5),-0.12650411952671542,0.03956642957620546,-3.1972589106901053,0.0013874033463373067
C: VXY,vxy_tariff,HAC(6),-0.12650411952671542,0.040078829939285174,-3.156382552044424,0.0015973920370558462
C: VXY,vxy_tariff,HAC(7),-0.12650411952671542,0.0386232836545084,-3.275333103687286,0.001055374525814994
C: VXY,vxy_tariff,HAC(8),-0.12650411952671542,0.03803471007138679,-3.3260177161671978,0.0008809632905149711
C: VXY,vxy_tariff,HAC(10),-0.12650411952671542,0.03570558623728266,-3.542978364394526,0.00039563515944779256
C: VXY,vxy_tariff,HAC(12),-0.12650411952671542,0.03332188921052571,-3.7964269891022666,0.00014679656980833968
C: VXY,vxy_tariff,HAC(15),-0.12650411952671542,0.03068398079129883,-4.1228066327882935,3.7428388105374845e-05
C: VXY,vxy_tariff,HAC(21),-0.12650411952671542,0.028063576767054302,-4.50776893397377,6.55128651352448e-06
C: VXY,vxy_tariff,HAC(7) auto,-0.12650411952671542,0.0386232836545084,-3.275333103687286,0.001055374525814994
C: VXY,vxy_hormuz,classical,0.16128211047134197,0.06063568313422563,2.6598547610046923,0.007881589350248182
C: VXY,vxy_hormuz,HC0,0.16128211047134197,0.048215472313578575,3.345028115091621,0.0008227422986846082
C: VXY,vxy_hormuz,HC1,0.16128211047134197,0.04831447749445234,3.33817354207879,0.0008433106140521974
C: VXY,vxy_hormuz,HC2,0.16128211047134197,0.051916460339455954,3.1065698511955233,0.0018927158650586576
C: VXY,vxy_hormuz,HC3,0.16128211047134197,0.056120686377657304,2.8738442253897913,0.004055089145622424
C: VXY,vxy_hormuz,HAC(0),0.16128211047134197,0.048215472313578596,3.3450281150916195,0.0008227422986846118
C: VXY,vxy_hormuz,HAC(1),0.16128211047134197,0.04929527283215299,3.2717561178836854,0.0010688173095692284
C: VXY,vxy_hormuz,HAC(2),0.16128211047134197,0.04659814794830877,3.4611270527372007,0.000537918875211037
C: VXY,vxy_hormuz,HAC(3),0.16128211047134197,0.04525821087381661,3.563598899678314,0.0003658047813261871
C: VXY,vxy_hormuz,HAC(4),0.16128211047134197,0.04337005333253934,3.7187436509407403,0.00020021611159641117
C: VXY,vxy_hormuz,HAC(5),0.16128211047134197,0.04148201040010135,3.8880013026308853,0.00010107308440730756
C: VXY,vxy_hormuz,HAC(6),0.16128211047134197,0.03951696178887224,4.081338826932746,4.4777023111900436e-05
C: VXY,vxy_hormuz,HAC(7),0.16128211047134197,0.03747491773668417,4.30373487687374,1.6794262267320416e-05
C: VXY,vxy_hormuz,HAC(8),0.16128211047134197,0.03566076622962675,4.522676530078306,6.106252173153493e-06
C: VXY,vxy_hormuz,HAC(10),0.16128211047134197,0.0339767524748235,4.746837137859209,2.0662218991251785e-06
C: VXY,vxy_hormuz,HAC(12),0.16128211047134197,0.03228982183031507,4.994828132496024,5.888818670603214e-07
C: VXY,vxy_hormuz,HAC(15),0.16128211047134197,0.02987938061077479,5.397772884662211,6.747320289505274e-08
C: VXY,vxy_hormuz,HAC(21),0.16128211047134197,0.029200908309776948,5.523188140601162,3.329029232842144e-08
C: VXY,vxy_hormuz,HAC(7) auto,0.16128211047134197,0.03747491773668417,4.30373487687374,1.6794262267320416e-05
C: VXY,vxy_ukraine,classical,0.1169898795923625,0.03820322161038735,3.0623040325100037,0.002226474334799927
C: VXY,vxy_ukraine,HC0,0.1169898795923625,0.03269791531371388,3.577900256634881,0.0003463655703766599
C: VXY,vxy_ukraine,HC1,0.1169898795923625,0.03276505689429978,3.570568486109222,0.00035620730187668737
C: VXY,vxy_ukraine,HC2,0.1169898795923625,0.035401429659253546,3.3046653968050306,0.0009508985025527202
C: VXY,vxy_ukraine,HC3,0.1169898795923625,0.038518627137078,3.0372286939517665,0.002387642321496745
C: VXY,vxy_ukraine,HAC(0),0.1169898795923625,0.03269791531371395,3.577900256634873,0.00034636557037666973
C: VXY,vxy_ukraine,HAC(1),0.1169898795923625,0.030622825978872028,3.8203489016029653,0.0001332630251772831
C: VXY,vxy_ukraine,HAC(2),0.1169898795923625,0.030106576237442007,3.885857982312455,0.00010196910828362003
C: VXY,vxy_ukraine,HAC(3),0.1169898795923625,0.030110287687356956,3.8853790042492857,0.00010217036943445924
C: VXY,vxy_ukraine,HAC(4),0.1169898795923625,0.02951931174812329,3.963164202153196,7.39628720807688e-05
C: VXY,vxy_ukraine,HAC(5),0.1169898795923625,0.027238731006426306,4.294982742212243,1.747069266361699e-05
C: VXY,vxy_ukraine,HAC(6),0.1169898795923625,0.026673485341800997,4.385998983380825,1.15454660025191e-05
C: VXY,vxy_ukraine,HAC(7),0.1169898795923625,0.025506503291398096,4.586668672527002,4.503745625575192e-06
C: VXY,vxy_ukraine,HAC(8),0.1169898795923625,0.02423779876346173,4.826753482610959,1.387767269395366e-06
C: VXY,vxy_ukraine,HAC(10),0.1169898795923625,0.023919962493936457,4.890888922673629,1.0038160323753387e-06
C: VXY,vxy_ukraine,HAC(12),0.1169898795923625,0.023159876582098858,5.051403412174847,4.3857569541299686e-07
C: VXY,vxy_ukraine,HAC(15),0.1169898795923625,0.022154872670823052,5.280548497416227,1.2879772565108338e-07
C: VXY,vxy_ukraine,HAC(21),0.1169898795923625,0.022342954606253587,5.236097089845857,1.6400770156715044e-07
C: VXY,vxy_ukraine,HAC(7) auto,0.1169898795923625,0.025506503291398096,4.586668672527002,4.503745625575192e-06
D: GPR + TPU,gpr,classical,0.011329036565601016,0.007271291582319226,1.5580500984376076,0.11938431210185979
D: GPR + TPU,gpr,HC0,0.011329036565601016,0.0069439257800786,1.6315031186109221,0.10278420234769299
D: GPR + TPU,gpr,HC1,0.011329036565601016,0.006965346681697062,1.6264856701778365,0.10384637930739296
D: GPR + TPU,gpr,HC2,0.011329036565601016,0.006954848673312797,1.628940771791756,0.10332555783134491
D: GPR + TPU,gpr,HC3,0.011329036565601016,0.006965810981281011,1.626377258304188,0.1038694256391227
D: GPR + TPU,gpr,HAC(0),0.011329036565601016,0.0069439257800786225,1.6315031186109168,0.10278420234769409
D: GPR + TPU,gpr,HAC(1),0.011329036565601016,0.006765700500087671,1.6744809447971,0.09403611629041655
D: GPR + TPU,gpr,HAC(2),0.011329036565601016,0.006697775456918731,1.691462581639437,0.09074848852457272
D: GPR + TPU,gpr,HAC(3),0.011329036565601016,0.006585105233132097,1.720403268363951,0.08535916331461187
D: GPR + TPU,gpr,HAC(4),0.011329036565601016,0.006566625763723077,1.7252447410948233,0.08448337577172678
D: GPR + TPU,gpr,HAC(5),0.011329036565601016,0.006546154599747839,1.73063993417409,0.08351600450316718
D: GPR + TPU,gpr,HAC(6),0.011329036565601016,0.006525744824987834,1.7360526452430105,0.08255452640843655
D: GPR + TPU,gpr,HAC(7),0.011329036565601016,0.00649162481118181,1.7451773469851146,0.08095400313828786
D: GPR + TPU,gpr,HAC(8),0.011329036565601016,0.006448435604239911,1.756865891341469,0.07894067065619864
D: GPR + TPU,gpr,HAC(10),0.011329036565601016,0.006366215622421666,1.7795558990651226,0.0751486690124414
D: GPR + TPU,gpr,HAC(12),0.011329036565601016,0.006348938525552703,1.784398528983201,0.07435892994144315
D: GPR + TPU,gpr,HAC(15),0.011329036565601016,0.00630806270722181,1.7959613103767855,0.07250067044289278
D: GPR + TPU,gpr,HAC(21),0.011329036565601016,0.0062397924092099195,1.8156111329728508,0.06943004462520976
D: GPR + TPU,gpr,HAC(7) auto,0.011329036565601016,0.00649162481118181,1.7451773469851146,0.08095400313828786
D: GPR + TPU,gpr_tariff,classical,0.18029034355485404,0.09016110659739557,1.9996465256346132,0.04567752317507887
D: GPR + TPU,gpr_tariff,HC0,0.18029034355485404,0.14742824892094095,1.2229022922976962,0.22136660266998387
D: GPR + TPU,gpr_tariff,HC1,0.18029034355485404,0.1478830415146317,1.219141435747492,0.22279051533136474
D: GPR + TPU,gpr_tariff,HC2,0.18029034355485404,0.16744603995843094,1.0767071206916077,0.28161113019558237
D: GPR + TPU,gpr_tariff,HC3,0.18029034355485404,0.19129047625836496,0.9424951366180213,0.34593919990595934
D: GPR + TPU,gpr_tariff,HAC(0),0.18029034355485404,0.14742824892094106,1.2229022922976953,0.2213666026699841
D: GPR + TPU,gpr_tariff,HAC(1),0.18029034355485404,0.1436189550111989,1.255338082224562,0.2093560561901444
D: GPR + TPU,gpr_tariff,HAC(2),0.18029034355485404,0.13055225062960532,1.38098227097105,0.16728441190216192
D: GPR + TPU,gpr_tariff,HAC(3),0.18029034355485404,0.10991355413044251,1.6402921821715473,0.10094443034489982
D: GPR + TPU,gpr_tariff,HAC(4),0.18029034355485404,0.09983636898035467,1.8058583800291328,0.07094046362791293
D: GPR + TPU,gpr_tariff,HAC(5),0.18029034355485404,0.0997465329981726,1.8074848131128232,0.070686720519316
D: GPR + TPU,gpr_tariff,HAC(6),0.18029034355485404,0.09998048695322043,1.8032553055998772,0.0713481283525235
D: GPR + TPU,gpr_tariff,HAC(7),0.18029034355485404,0.09931851147182168,1.8152743218066194,0.0694817630938963
D: GPR + TPU,gpr_tariff,HAC(8),0.18029034355485404,0.09912628565223788,1.818794504087058,0.06894278719346775
D: GPR + TPU,gpr_tariff,HAC(10),0.18029034355485404,0.0996900283185035,1.8085093022427228,0.07052727035503344
D: GPR + TPU,gpr_tariff,HAC(12),0.18029034355485404,0.0940692243597172,1.9165709591208122,0.05529246037187627
D: GPR + TPU,gpr_tariff,HAC(15),0.18029034355485404,0.09172103741379332,1.9656378584281184,0.049340457683996614
D: GPR + TPU,gpr_tariff,HAC(21),0.18029034355485404,0.0794161727686747,2.2701968285478578,0.02319564335215118
D: GPR + TPU,gpr_tariff,HAC(7) auto,0.18029034355485404,0.09931851147182168,1.8152743218066194,0.0694817630938963
D: GPR + TPU,tpu_tariff,classical,-0.021604034852800887,0.02482874967956841,-0.8701217391779844,0.3843414149415006
D: GPR + TPU,tpu_tariff,HC0,-0.021604034852800887,0.04163347541567974,-0.5189101951518684,0.6038233678698279
D: GPR + TPU,tpu_tariff,HC1,-0.021604034852800887,0.04176190803566432,-0.517314362992017,0.6049367292762624
D: GPR + TPU,tpu_tariff,HC2,-0.021604034852800887,0.04721543536403831,-0.4575629703767515,0.6472664521611778
D: GPR + TPU,tpu_tariff,HC3,-0.021604034852800887,0.05385911138855524,-0.40112126427306083,0.6883308458229767
D: GPR + TPU,tpu_tariff,HAC(0),-0.021604034852800887,0.04163347541567963,-0.5189101951518696,0.6038233678698272
D: GPR + TPU,tpu_tariff,HAC(1),-0.021604034852800887,0.026906958726424058,-0.8029162668460401,0.4220231332553649
D: GPR + TPU,tpu_tariff,HAC(2),-0.021604034852800887,0.024002813732579124,-0.9000625965562378,0.36808693959125305
D: GPR + TPU,tpu_tariff,HAC(3),-0.021604034852800887,0.023121267136135912,-0.9343793627571664,0.35010823927546475
D: GPR + TPU,tpu_tariff,HAC(4),-0.021604034852800887,0.021388154672776865,-1.010093445803382,0.3124505220656578
D: GPR + TPU,tpu_tariff,HAC(5),-0.021604034852800887,0.01965979721792318,-1.09889408386701,0.27181426747634685
D: GPR + TPU,tpu_tariff,HAC(6),-0.021604034852800887,0.019848813113166632,-1.0884295564488908,0.27640551900084087
D: GPR + TPU,tpu_tariff,HAC(7),-0.021604034852800887,0.018615403862970635,-1.1605461268436499,0.24582652493003743
D: GPR + TPU,tpu_tariff,HAC(8),-0.021604034852800887,0.016989911991707997,-1.2715801508180167,0.20352233292511202
D: GPR + TPU,tpu_tariff,HAC(10),-0.021604034852800887,0.015697260968729383,-1.3762932842766917,0.16873085124956777
D: GPR + TPU,tpu_tariff,HAC(12),-0.021604034852800887,0.014195516291218888,-1.521891448651627,0.12803628220473665
D: GPR + TPU,tpu_tariff,HAC(15),-0.021604034852800887,0.01296924020620909,-1.6657903245910926,0.09575518391652935
D: GPR + TPU,tpu_tariff,HAC(21),-0.021604034852800887,0.011895899482355221,-1.8160909046722704,0.06935642868563062
D: GPR + TPU,tpu_tariff,HAC(7) auto,-0.021604034852800887,0.018615403862970635,-1.1605461268436499,0.24582652493003743
