typeCode,freqCode,refPeriodId,refYear,refMonth,period,reporterCode,reporterISO,reporterDesc,flowCode,flowDesc,partnerCode,partnerISO,partnerDesc,partner2Code,partner2ISO,partner2Desc,classificationCode,classificationSearchCode,isOriginalClassification,cmdCode,cmdDesc,aggrLevel,isLeaf,customsCode,customsDesc,mosCode,motCode,motDesc,qtyUnitCode,qtyUnitAbbr,qty,isQtyEstimated,altQtyUnitCode,altQtyUnitAbbr,altQty,isAltQtyEstimated,netWgt,isNetWgtEstimated,grossWgt,isGrossWgtEstimated,cifvalue,fobvalue,primaryValue,legacyEstimationFlag,isReported,isAggregate,query_label
C,A,20190101,2019,52,2019,76,BRA,Brazil,M,Import,0,W00,World,0,W00,World,H5,HS,True,2709,Petroleum oils and oils obtained from bituminous minerals; crude,4,False,C00,TOTAL CPC,0,0,TOTAL MOT,8,kg,9398316256.438,True,-1,N/A,0.0,False,9398316256.438,True,0.0,False,4813815110.0,4654709029.0,4813815110.0,6,False,True,reporter_world_2019
C,A,20190101,2019,52,2019,76,BRA,Brazil,X,Export,0,W00,World,0,W00,World,H5,HS,True,2709,Petroleum oils and oils obtained from bituminous minerals; crude,4,False,C00,TOTAL CPC,0,0,TOTAL MOT,-1,N/A,0.0,False,-1,N/A,0.0,False,,False,0.0,False,,24199539301.0,24199539301.0,0,False,True,reporter_world_2019
C,A,20190101,2019,52,2019,124,CAN,Canada,M,Import,0,W00,World,0,W00,World,H5,HS,True,2709,Petroleum oils and oils obtained from bituminous minerals; crude,4,False,C00,TOTAL CPC,0,0,TOTAL MOT,8,kg,29669981491.399,True,-1,N/A,0.0,False,29669981491.399,True,0.0,False,,14297140175.652,14297140175.652,6,False,True,reporter_world_2019
C,A,20190101,2019,52,2019,170,COL,Colombia,M,Import,0,W00,World,0,W00,World,H5,HS,True,2709,Petroleum oils and oils obtained from bituminous minerals; crude,4,False,C00,TOTAL CPC,0,0,TOTAL MOT,-1,N/A,0.0,False,-1,N/A,0.0,False,,False,0.0,False,148162456.8,145837814.27,148162456.8,0,False,True,reporter_world_2019
C,A,20190101,2019,52,2019,124,CAN,Canada,X,Export,0,W00,World,0,W00,World,H5,HS,True,2709,Petroleum oils and oils obtained from bituminous minerals; crude,4,False,C00,TOTAL CPC,0,0,TOTAL MOT,8,kg,145392729987.636,True,-1,N/A,0.0,False,145392729987.636,True,0.0,False,,68104060281.267,68104060281.267,6,False,True,reporter_world_2019
C,A,20190101,2019,52,2019,170,COL,Colombia,X,Export,0,W00,World,0,W00,World,H5,HS,True,2709,Petroleum oils and oils obtained from bituminous minerals; crude,4,False,C00,TOTAL CPC,0,0,TOTAL MOT,8,kg,32647277120.0,False,12,m³,35312066.85,False,32647277120.0,False,0.0,False,,12979915800.03,12979915800.03,0,False,True,reporter_world_2019
C,A,20190101,2019,52,2019,392,JPN,Japan,M,Import,0,W00,World,0,W00,World,H5,HS,True,2709,Petroleum oils and oils obtained from bituminous minerals; crude,4,False,C00,TOTAL CPC,0,0,TOTAL MOT,8,kg,146588112700.0,False,8,kg,146588112700.0,False,146588112700.0,False,0.0,False,73086768742.827,0.0,73086768742.827,0,False,True,reporter_world_2019
C,A,20190101,2019,52,2019,410,KOR,Rep. of Korea,M,Import,0,W00,World,0,W00,World,H5,HS,True,2709,Petroleum oils and oils obtained from bituminous minerals; crude,4,False,C00,TOTAL CPC,0,0,TOTAL MOT,8,kg,143056696295.27,False,8,kg,143056696295.27,False,143056696295.27,False,0.0,False,70251768064.0,,70251768064.0,0,False,True,reporter_world_2019
C,A,20190101,2019,52,2019,484,MEX,Mexico,M,Import,0,W00,World,0,W00,World,H4,HS,True,2709,Petroleum oils and oils obtained from bituminous minerals; crude,4,False,C00,TOTAL CPC,0,0,TOTAL MOT,8,kg,42732456.187,True,-1,N/A,0.0,False,42732456.187,True,0.0,False,,20591584.0,20591584.0,6,False,True,reporter_world_2019
C,A,20190101,2019,52,2019,410,KOR,Rep. of Korea,X,Export,0,W00,World,0,W00,World,H5,HS,True,2709,Petroleum oils and oils obtained from bituminous minerals; crude,4,False,C00,TOTAL CPC,0,0,TOTAL MOT,8,kg,1301.114,True,-1,N/A,0.0,False,1301.114,True,0.0,False,,5724.0,5724.0,6,False,True,reporter_world_2019
C,A,20190101,2019,52,2019,414,KWT,Kuwait,X,Export,0,W00,World,0,W00,World,H5,HS,True,2709,Petroleum oils and oils obtained from bituminous minerals; crude,4,False,C00,TOTAL CPC,0,0,TOTAL MOT,8,kg,115420167000.0,False,19,BBL,725913000.0,False,,False,0.0,False,,46539357988.0,46539357988.0,0,False,True,reporter_world_2019
C,A,20190101,2019,52,2019,484,MEX,Mexico,X,Export,0,W00,World,0,W00,World,H4,HS,True,2709,Petroleum oils and oils obtained from bituminous minerals; crude,4,False,C00,TOTAL CPC,0,0,TOTAL MOT,8,kg,47738020069.101,True,-1,N/A,0.0,False,47738020069.101,True,0.0,False,,22361179935.0,22361179935.0,6,False,True,reporter_world_2019
C,A,20190101,2019,52,2019,490,S19,"Other Asia, nes",M,Import,0,W00,World,0,W00,World,H5,HS,True,2709,Petroleum oils and oils obtained from bituminous minerals; crude,4,False,C00,TOTAL CPC,0,0,TOTAL MOT,8,kg,43993858000.0,False,7,l,51359214400.0,False,43993858000.0,False,0.0,False,21328832603.48,,21328832603.48,0,False,True,reporter_world_2019
C,A,20190101,2019,52,2019,579,NOR,Norway,M,Import,0,W00,World,0,W00,World,H5,HS,True,2709,Petroleum oils and oils obtained from bituminous minerals; crude,4,False,C00,TOTAL CPC,0,0,TOTAL MOT,8,kg,3489893580.0,False,-1,N/A,0.0,False,3489893580.0,False,0.0,False,1713564769.952,,1713564769.952,0,False,True,reporter_world_2019
C,A,20190101,2019,52,2019,579,NOR,Norway,X,Export,0,W00,World,0,W00,World,H5,HS,True,2709,Petroleum oils and oils obtained from bituminous minerals; crude,4,False,C00,TOTAL CPC,0,0,TOTAL MOT,8,kg,61278209950.0,False,-1,N/A,0.0,False,61278209950.0,False,0.0,False,,29305062240.449,29305062240.449,0,False,True,reporter_world_2019
C,A,20190101,2019,52,2019,682,SAU,Saudi Arabia,X,Export,0,W00,World,0,W00,World,H4,HS,True,2709,Petroleum oils and oils obtained from bituminous minerals; crude,4,False,C00,TOTAL CPC,0,0,TOTAL MOT,8,kg,356301549773.067,True,-1,N/A,0.0,False,356301549773.067,True,0.0,False,,166896805817.713,166896805817.713,6,False,True,reporter_world_2019
C,A,20190101,2019,52,2019,699,IND,India,M,Import,0,W00,World,0,W00,World,H5,HS,True,2709,Petroleum oils and oils obtained from bituminous minerals; crude,4,False,C00,TOTAL CPC,0,0,TOTAL MOT,8,kg,220115040978.987,True,-1,N/A,0.0,False,220115040978.987,True,0.0,False,101948596916.839,0.0,101948596916.839,6,False,True,reporter_world_2019
C,A,20190101,2019,52,2019,764,THA,Thailand,M,Import,0,W00,World,0,W00,World,H5,HS,True,2709,Petroleum oils and oils obtained from bituminous minerals; crude,4,False,C00,TOTAL CPC,0,0,TOTAL MOT,8,kg,7141224974.0,False,7,l,48190795273.0,False,,False,0.0,False,21194651405.887,,21194651405.887,0,False,True,reporter_world_2019
C,A,20190101,2019,52,2019,764,THA,Thailand,X,Export,0,W00,World,0,W00,World,H5,HS,True,2709,Petroleum oils and oils obtained from bituminous minerals; crude,4,False,C00,TOTAL CPC,0,0,TOTAL MOT,8,kg,1397479883.0,False,7,l,1625124264.0,False,1397479883.0,False,0.0,False,,659258735.053,659258735.053,0,False,True,reporter_world_2019
C,A,20200101,2020,52,2020,76,BRA,Brazil,M,Import,0,W00,World,0,W00,World,H5,HS,True,2709,Petroleum oils and oils obtained from bituminous minerals; crude,4,False,C00,TOTAL CPC,0,0,TOTAL MOT,8,kg,6639268733.559,True,-1,N/A,0.0,False,6639268733.559,True,0.0,False,2761144320.0,2613733600.0,2761144320.0,6,False,True,reporter_world_2020
C,A,20200101,2020,52,2020,76,BRA,Brazil,X,Export,0,W00,World,0,W00,World,H5,HS,True,2709,Petroleum oils and oils obtained from bituminous minerals; crude,4,False,C00,TOTAL CPC,0,0,TOTAL MOT,8,kg,70009939004.144,True,-1,N/A,0.0,False,70009939004.144,True,0.0,False,,19613857928.0,19613857928.0,6,False,True,reporter_world_2020
C,A,20200101,2020,52,2020,124,CAN,Canada,M,Import,0,W00,World,0,W00,World,H5,HS,True,2709,Petroleum oils and oils obtained from bituminous minerals; crude,4,False,C00,TOTAL CPC,0,0,TOTAL MOT,8,kg,25940060901.776,True,-1,N/A,0.0,False,25940060901.776,True,0.0,False,,8460404183.547,8460404183.547,6,False,True,reporter_world_2020
C,A,20200101,2020,52,2020,170,COL,Colombia,M,Import,0,W00,World,0,W00,World,H5,HS,True,2709,Petroleum oils and oils obtained from bituminous minerals; crude,4,False,C00,TOTAL CPC,0,0,TOTAL MOT,-1,N/A,0.0,False,-1,N/A,0.0,False,,False,0.0,False,25024697.59,23764558.87,25024697.59,0,False,True,reporter_world_2020
C,A,20200101,2020,52,2020,124,CAN,Canada,X,Export,0,W00,World,0,W00,World,H5,HS,True,2709,Petroleum oils and oils obtained from bituminous minerals; crude,4,False,C00,TOTAL CPC,0,0,TOTAL MOT,8,kg,156876691871.574,True,-1,N/A,0.0,False,156876691871.574,True,0.0,False,,47574336106.392,47574336106.392,6,False,True,reporter_world_2020
C,A,20200101,2020,52,2020,170,COL,Colombia,X,Export,0,W00,World,0,W00,World,H5,HS,True,2709,Petroleum oils and oils obtained from bituminous minerals; crude,4,False,C00,TOTAL CPC,0,0,TOTAL MOT,8,kg,29252400181.2,False,12,m³,31640351.23,False,29252400181.2,False,0.0,False,,7130106325.35,7130106325.35,0,False,True,reporter_world_2020
C,A,20200101,2020,52,2020,392,JPN,Japan,M,Import,0,W00,World,0,W00,World,H5,HS,True,2709,Petroleum oils and oils obtained from bituminous minerals; crude,4,False,C00,TOTAL CPC,0,0,TOTAL MOT,8,kg,123156541900.0,False,8,kg,123156541900.0,False,123156541900.0,False,0.0,False,43495449526.743,0.0,43495449526.743,0,False,True,reporter_world_2020
C,A,20200101,2020,52,2020,410,KOR,Rep. of Korea,M,Import,0,W00,World,0,W00,World,H5,HS,True,2709,Petroleum oils and oils obtained from bituminous minerals; crude,4,False,C00,TOTAL CPC,0,0,TOTAL MOT,8,kg,131433032990.873,True,-1,N/A,0.0,False,131433032990.873,True,0.0,False,44455595815.0,,44455595815.0,6,False,True,reporter_world_2020
C,A,20200101,2020,52,2020,410,KOR,Rep. of Korea,X,Export,0,W00,World,0,W00,World,H5,HS,True,2709,Petroleum oils and oils obtained from bituminous minerals; crude,4,False,C00,TOTAL CPC,0,0,TOTAL MOT,8,kg,1401.744,False,8,kg,1401.744,False,1401.744,False,0.0,False,,3234.0,3234.0,0,False,True,reporter_world_2020
C,A,20200101,2020,52,2020,414,KWT,Kuwait,X,Export,0,W00,World,0,W00,World,H5,HS,True,2709,Petroleum oils and oils obtained from bituminous minerals; crude,4,False,C00,TOTAL CPC,0,0,TOTAL MOT,-1,N/A,0.0,True,-1,N/A,0.0,False,0.0,True,0.0,False,0.0,28629492308.0,28629492308.0,6,False,True,reporter_world_2020
C,A,20200101,2020,52,2020,484,MEX,Mexico,X,Export,0,W00,World,0,W00,World,H4,HS,True,2709,Petroleum oils and oils obtained from bituminous minerals; crude,4,False,C00,TOTAL CPC,0,0,TOTAL MOT,8,kg,48419567931.325,True,-1,N/A,0.0,False,48419567931.325,True,0.0,False,,14683690556.0,14683690556.0,6,False,True,reporter_world_2020
C,A,20200101,2020,52,2020,490,S19,"Other Asia, nes",M,Import,0,W00,World,0,W00,World,H5,HS,True,2709,Petroleum oils and oils obtained from bituminous minerals; crude,4,False,C00,TOTAL CPC,0,0,TOTAL MOT,8,kg,36110562000.0,False,7,l,42216270100.0,False,36110562000.0,False,0.0,False,12636707015.557,0.0,12636707015.557,0,False,True,reporter_world_2020
C,A,20200101,2020,52,2020,579,NOR,Norway,M,Import,0,W00,World,0,W00,World,H5,HS,True,2709,Petroleum oils and oils obtained from bituminous minerals; crude,4,False,C00,TOTAL CPC,0,0,TOTAL MOT,8,kg,3235819500.0,False,-1,N/A,0.0,False,3235819500.0,False,0.0,False,1036073856.993,0.0,1036073856.993,0,False,True,reporter_world_2020
C,A,20200101,2020,52,2020,579,NOR,Norway,X,Export,0,W00,World,0,W00,World,H5,HS,True,2709,Petroleum oils and oils obtained from bituminous minerals; crude,4,False,C00,TOTAL CPC,0,0,TOTAL MOT,8,kg,75958060280.0,False,-1,N/A,0.0,False,75958060280.0,False,0.0,False,0.0,22558847311.643,22558847311.643,0,False,True,reporter_world_2020
C,A,20200101,2020,52,2020,682,SAU,Saudi Arabia,X,Export,0,W00,World,0,W00,World,H4,HS,True,2709,Petroleum oils and oils obtained from bituminous minerals; crude,4,False,C00,TOTAL CPC,0,0,TOTAL MOT,8,kg,335109400000.0,False,8,kg,335109400000.0,False,335109400000.0,False,0.0,False,,100382507626.704,100382507626.704,0,False,True,reporter_world_2020
C,A,20200101,2020,52,2020,699,IND,India,M,Import,0,W00,World,0,W00,World,H5,HS,True,2709,Petroleum oils and oils obtained from bituminous minerals; crude,4,False,C00,TOTAL CPC,0,0,TOTAL MOT,8,kg,196914648567.86,True,-1,N/A,0.0,False,196914648567.86,True,0.0,False,64579747983.623,0.0,64579747983.623,6,False,True,reporter_world_2020
C,A,20200101,2020,52,2020,764,THA,Thailand,M,Import,0,W00,World,0,W00,World,H5,HS,True,2709,Petroleum oils and oils obtained from bituminous minerals; crude,4,False,C00,TOTAL CPC,0,0,TOTAL MOT,8,kg,41660827869.0,False,7,l,53670478407.0,False,,False,0.0,False,16128573982.305,,16128573982.305,0,False,True,reporter_world_2020
C,A,20200101,2020,52,2020,764,THA,Thailand,X,Export,0,W00,World,0,W00,World,H5,HS,True,2709,Petroleum oils and oils obtained from bituminous minerals; crude,4,False,C00,TOTAL CPC,0,0,TOTAL MOT,8,kg,1255191893.042,True,-1,N/A,0.0,False,1255191893.042,True,0.0,False,,369503254.236,369503254.236,6,False,True,reporter_world_2020
C,A,20210101,2021,52,2021,76,BRA,Brazil,M,Import,0,W00,World,0,W00,World,H5,HS,True,2709,Petroleum oils and oils obtained from bituminous minerals; crude,4,False,C00,TOTAL CPC,0,0,TOTAL MOT,-1,N/A,0.0,False,-1,N/A,0.0,False,,False,0.0,False,4093484412.0,3995458870.0,4093484412.0,0,False,True,reporter_world_2021
C,A,20210101,2021,52,2021,76,BRA,Brazil,X,Export,0,W00,World,0,W00,World,H5,HS,True,2709,Petroleum oils and oils obtained from bituminous minerals; crude,4,False,C00,TOTAL CPC,0,0,TOTAL MOT,8,kg,67564853418.18,True,-1,N/A,0.0,False,67564853418.18,True,0.0,False,,30608981810.0,30608981810.0,6,False,True,reporter_world_2021
C,A,20210101,2021,52,2021,124,CAN,Canada,M,Import,0,W00,World,0,W00,World,H5,HS,True,2709,Petroleum oils and oils obtained from bituminous minerals; crude,4,False,C00,TOTAL CPC,0,0,TOTAL MOT,8,kg,23298264477.043,True,-1,N/A,0.0,False,23298264477.043,True,0.0,False,,11824567143.042,11824567143.042,6,False,True,reporter_world_2021
C,A,20210101,2021,52,2021,170,COL,Colombia,M,Import,0,W00,World,0,W00,World,H5,HS,True,2709,Petroleum oils and oils obtained from bituminous minerals; crude,4,False,C00,TOTAL CPC,0,0,TOTAL MOT,-1,N/A,0.0,False,-1,N/A,0.0,False,,False,0.0,False,149657908.13,146582115.58,149657908.13,0,False,True,reporter_world_2021
C,A,20210101,2021,52,2021,124,CAN,Canada,X,Export,0,W00,World,0,W00,World,H5,HS,True,2709,Petroleum oils and oils obtained from bituminous minerals; crude,4,False,C00,TOTAL CPC,0,0,TOTAL MOT,8,kg,173111068694.86,True,-1,N/A,0.0,False,173111068694.86,True,0.0,False,,81939749590.761,81939749590.761,6,False,True,reporter_world_2021
C,A,20210101,2021,52,2021,170,COL,Colombia,X,Export,0,W00,World,0,W00,World,H5,HS,True,2709,Petroleum oils and oils obtained from bituminous minerals; crude,4,False,C00,TOTAL CPC,0,0,TOTAL MOT,8,kg,24961839966.237,True,-1,N/A,0.0,False,24961839966.237,True,0.0,False,,11200541488.13,11200541488.13,6,False,True,reporter_world_2021
C,A,20210101,2021,52,2021,392,JPN,Japan,M,Import,0,W00,World,0,W00,World,H5,HS,True,2709,Petroleum oils and oils obtained from bituminous minerals; crude,4,False,C00,TOTAL CPC,0,0,TOTAL MOT,8,kg,122050281900.0,False,8,kg,122050281900.0,False,122050281900.0,False,0.0,False,63103354048.043,0.0,63103354048.043,0,False,True,reporter_world_2021
C,A,20210101,2021,52,2021,410,KOR,Rep. of Korea,M,Import,0,W00,World,0,W00,World,H5,HS,True,2709,Petroleum oils and oils obtained from bituminous minerals; crude,4,False,C00,TOTAL CPC,0,0,TOTAL MOT,8,kg,129008209252.63,False,8,kg,129008209252.63,False,129008209252.63,False,0.0,False,67012528175.0,,67012528175.0,0,False,True,reporter_world_2021
C,A,20210101,2021,52,2021,392,JPN,Japan,X,Export,0,W00,World,0,W00,World,H5,HS,True,2709,Petroleum oils and oils obtained from bituminous minerals; crude,4,False,C00,TOTAL CPC,0,0,TOTAL MOT,8,kg,199916.0,False,8,kg,199916.0,False,199916.0,False,0.0,False,0.0,110164.124,110164.124,0,False,True,reporter_world_2021
C,A,20210101,2021,52,2021,410,KOR,Rep. of Korea,X,Export,0,W00,World,0,W00,World,H5,HS,True,2709,Petroleum oils and oils obtained from bituminous minerals; crude,4,False,C00,TOTAL CPC,0,0,TOTAL MOT,8,kg,1.744,False,8,kg,1.744,False,1.744,False,0.0,False,,9.0,9.0,0,False,True,reporter_world_2021
C,A,20210101,2021,52,2021,414,KWT,Kuwait,X,Export,0,W00,World,0,W00,World,H5,HS,True,2709,Petroleum oils and oils obtained from bituminous minerals; crude,4,False,C00,TOTAL CPC,0,0,TOTAL MOT,-1,N/A,0.0,False,-1,N/A,0.0,False,,False,0.0,False,,41770746523.0,41770746523.0,0,False,True,reporter_world_2021
C,A,20210101,2021,52,2021,484,MEX,Mexico,X,Export,0,W00,World,0,W00,World,H5,HS,True,2709,Petroleum oils and oils obtained from bituminous minerals; crude,4,False,C00,TOTAL CPC,0,0,TOTAL MOT,8,kg,50979735739.51,True,-1,N/A,0.0,False,50979735739.51,True,0.0,False,,24130558561.0,24130558561.0,6,False,True,reporter_world_2021
C,A,20210101,2021,52,2021,490,S19,"Other Asia, nes",M,Import,0,W00,World,0,W00,World,H5,HS,True,2709,Petroleum oils and oils obtained from bituminous minerals; crude,4,False,C00,TOTAL CPC,0,0,TOTAL MOT,8,kg,38323685000.0,False,7,l,44883044200.0,False,38323685000.0,False,0.0,False,19893277357.602,0.0,19893277357.602,0,False,True,reporter_world_2021
C,A,20210101,2021,52,2021,579,NOR,Norway,M,Import,0,W00,World,0,W00,World,H5,HS,True,2709,Petroleum oils and oils obtained from bituminous minerals; crude,4,False,C00,TOTAL CPC,0,0,TOTAL MOT,8,kg,2470410200.0,False,-1,N/A,0.0,False,2470410200.0,False,0.0,False,1214067068.469,,1214067068.469,0,False,True,reporter_world_2021
C,A,20210101,2021,52,2021,579,NOR,Norway,X,Export,0,W00,World,0,W00,World,H5,HS,True,2709,Petroleum oils and oils obtained from bituminous minerals; crude,4,False,C00,TOTAL CPC,0,0,TOTAL MOT,8,kg,79998015400.0,False,-1,N/A,0.0,False,79998015400.0,False,0.0,False,,41896621057.974,41896621057.974,0,False,True,reporter_world_2021
C,A,20210101,2021,52,2021,682,SAU,Saudi Arabia,X,Export,0,W00,World,0,W00,World,H5,HS,True,2709,Petroleum oils and oils obtained from bituminous minerals; crude,4,False,C00,TOTAL CPC,0,0,TOTAL MOT,8,kg,309427500000.0,False,8,kg,309427500000.0,False,309427500000.0,False,0.0,False,,161020161386.229,161020161386.229,0,False,True,reporter_world_2021
C,A,20210101,2021,52,2021,699,IND,India,M,Import,0,W00,World,0,W00,World,H5,HS,True,2709,Petroleum oils and oils obtained from bituminous minerals; crude,4,False,C00,TOTAL CPC,0,0,TOTAL MOT,8,kg,213828494300.0,False,-1,N/A,0.0,False,213828494300.0,False,0.0,False,106406786611.469,0.0,106406786611.469,0,False,True,reporter_world_2021
C,A,20210101,2021,52,2021,764,THA,Thailand,M,Import,0,W00,World,0,W00,World,H5,HS,True,2709,Petroleum oils and oils obtained from bituminous minerals; crude,4,False,C00,TOTAL CPC,0,0,TOTAL MOT,8,kg,44108860270.0,False,7,l,51930875364.0,False,,False,0.0,False,23506593457.547,,23506593457.547,0,False,True,reporter_world_2021
C,A,20210101,2021,52,2021,764,THA,Thailand,X,Export,0,W00,World,0,W00,World,H5,HS,True,2709,Petroleum oils and oils obtained from bituminous minerals; crude,4,False,C00,TOTAL CPC,0,0,TOTAL MOT,8,kg,860019040.0,False,7,l,1196239147.0,False,860019040.0,False,0.0,False,,424444023.682,424444023.682,0,False,True,reporter_world_2021
C,A,20220101,2022,52,2022,76,BRA,Brazil,M,Import,0,W00,World,0,W00,World,H6,HS,True,2709,Petroleum oils and oils obtained from bituminous minerals; crude,4,False,C00,TOTAL CPC,0,0,TOTAL MOT,-1,N/A,0.0,False,-1,N/A,0.0,False,0.0,False,0.0,False,10145098434.0,9916246945.0,10145098434.0,0,False,True,reporter_world_2022
C,A,20220101,2022,52,2022,76,BRA,Brazil,X,Export,0,W00,World,0,W00,World,H6,HS,True,2709,Petroleum oils and oils obtained from bituminous minerals; crude,4,False,C00,TOTAL CPC,0,0,TOTAL MOT,-1,N/A,0.0,False,-1,N/A,0.0,False,0.0,False,0.0,False,0.0,42688098560.0,42688098560.0,0,False,True,reporter_world_2022
C,A,20220101,2022,52,2022,124,CAN,Canada,M,Import,0,W00,World,0,W00,World,H6,HS,True,2709,Petroleum oils and oils obtained from bituminous minerals; crude,4,False,C00,TOTAL CPC,0,0,TOTAL MOT,8,kg,22021269816.981,True,-1,N/A,0.0,False,22021269816.981,True,0.0,False,,16604996383.484,16604996383.484,6,False,True,reporter_world_2022
C,A,20220101,2022,52,2022,170,COL,Colombia,M,Import,0,W00,World,0,W00,World,H6,HS,True,2709,Petroleum oils and oils obtained from bituminous minerals; crude,4,False,C00,TOTAL CPC,0,0,TOTAL MOT,-1,N/A,0.0,False,-1,N/A,0.0,False,,False,0.0,False,327381753.6,320770531.2,327381753.6,0,False,True,reporter_world_2022
C,A,20220101,2022,52,2022,124,CAN,Canada,X,Export,0,W00,World,0,W00,World,H6,HS,True,2709,Petroleum oils and oils obtained from bituminous minerals; crude,4,False,C00,TOTAL CPC,0,0,TOTAL MOT,8,kg,178306480693.338,True,-1,N/A,0.0,False,178306480693.338,True,0.0,False,,120391288495.247,120391288495.247,6,False,True,reporter_world_2022
C,A,20220101,2022,52,2022,170,COL,Colombia,X,Export,0,W00,World,0,W00,World,H6,HS,True,2709,Petroleum oils and oils obtained from bituminous minerals; crude,4,False,C00,TOTAL CPC,0,0,TOTAL MOT,8,kg,25941153340.97,False,12,m³,28058798.57,False,25941153340.97,False,0.0,False,,15836623713.1,15836623713.1,0,False,True,reporter_world_2022
C,A,20220101,2022,52,2022,392,JPN,Japan,M,Import,0,W00,World,0,W00,World,H6,HS,True,2709,Petroleum oils and oils obtained from bituminous minerals; crude,4,False,C00,TOTAL CPC,0,0,TOTAL MOT,8,kg,132511409200.0,False,8,kg,132511409200.0,False,132511409200.0,False,0.0,False,100922291093.4,0.0,100922291093.4,0,False,True,reporter_world_2022
C,A,20220101,2022,52,2022,410,KOR,Rep. of Korea,M,Import,0,W00,World,0,W00,World,H6,HS,True,2709,Petroleum oils and oils obtained from bituminous minerals; crude,4,False,C00,TOTAL CPC,0,0,TOTAL MOT,8,kg,138263951877.75,False,8,kg,138263951877.75,False,138263951877.75,False,0.0,False,105963515690.0,,105963515690.0,0,False,True,reporter_world_2022
C,A,20220101,2022,52,2022,392,JPN,Japan,X,Export,0,W00,World,0,W00,World,H6,HS,True,2709,Petroleum oils and oils obtained from bituminous minerals; crude,4,False,C00,TOTAL CPC,0,0,TOTAL MOT,8,kg,13067100.0,False,8,kg,13067100.0,False,13067100.0,False,0.0,False,0.0,4915255.64,4915255.64,0,False,True,reporter_world_2022
C,A,20220101,2022,52,2022,410,KOR,Rep. of Korea,X,Export,0,W00,World,0,W00,World,H6,HS,True,2709,Petroleum oils and oils obtained from bituminous minerals; crude,4,False,C00,TOTAL CPC,0,0,TOTAL MOT,8,kg,4462.3,False,8,kg,4462.3,False,4462.3,False,0.0,False,,9382.0,9382.0,0,False,True,reporter_world_2022
C,A,20220101,2022,52,2022,414,KWT,Kuwait,X,Export,0,W00,World,0,W00,World,H6,HS,True,2709,Petroleum oils and oils obtained from bituminous minerals; crude,4,False,C00,TOTAL CPC,0,0,TOTAL MOT,8,kg,100765410308.068,True,-1,N/A,0.0,False,100765410308.068,True,0.0,False,,68036100177.451,68036100177.451,6,False,True,reporter_world_2022
C,A,20220101,2022,52,2022,484,MEX,Mexico,X,Export,0,W00,World,0,W00,World,H6,HS,True,2709,Petroleum oils and oils obtained from bituminous minerals; crude,4,False,C00,TOTAL CPC,0,0,TOTAL MOT,8,kg,46782698701.021,True,-1,N/A,0.0,False,46782698701.021,True,0.0,False,,31587350914.0,31587350914.0,6,False,True,reporter_world_2022
C,A,20220101,2022,52,2022,490,S19,"Other Asia, nes",M,Import,0,W00,World,0,W00,World,H5,HS,True,2709,Petroleum oils and oils obtained from bituminous minerals; crude,4,False,C00,TOTAL CPC,0,0,TOTAL MOT,8,kg,47877144800.0,False,7,l,47877144800.0,False,,False,0.0,False,31066609956.63,,31066609956.63,0,False,True,reporter_world_2022
C,A,20220101,2022,52,2022,579,NOR,Norway,M,Import,0,W00,World,0,W00,World,H6,HS,True,2709,Petroleum oils and oils obtained from bituminous minerals; crude,4,False,C00,TOTAL CPC,0,0,TOTAL MOT,8,kg,819347200.0,False,-1,N/A,0.0,False,819347200.0,False,0.0,False,605228769.613,,605228769.613,0,False,True,reporter_world_2022
C,A,20220101,2022,52,2022,579,NOR,Norway,X,Export,0,W00,World,0,W00,World,H6,HS,True,2709,Petroleum oils and oils obtained from bituminous minerals; crude,4,False,C00,TOTAL CPC,0,0,TOTAL MOT,8,kg,77728819900.0,False,-1,N/A,0.0,False,77728819900.0,False,0.0,False,,56750851151.13,56750851151.13,0,False,True,reporter_world_2022
C,A,20220101,2022,52,2022,682,SAU,Saudi Arabia,X,Export,0,W00,World,0,W00,World,H6,HS,True,2709,Petroleum oils and oils obtained from bituminous minerals; crude,4,False,C00,TOTAL CPC,0,0,TOTAL MOT,8,kg,350466700000.0,False,8,kg,350466700000.0,False,350466700000.0,False,0.0,False,,258544564094.252,258544564094.252,0,False,True,reporter_world_2022
C,A,20220101,2022,52,2022,699,IND,India,M,Import,0,W00,World,0,W00,World,H6,HS,True,2709,Petroleum oils and oils obtained from bituminous minerals; crude,4,False,C00,TOTAL CPC,0,0,TOTAL MOT,8,kg,243308360156.0,False,8,kg,243308360156.0,False,243308360156.0,False,0.0,False,173515902760.238,,173515902760.238,0,False,True,reporter_world_2022
C,A,20220101,2022,52,2022,764,THA,Thailand,M,Import,0,W00,World,0,W00,World,H6,HS,True,2709,Petroleum oils and oils obtained from bituminous minerals; crude,4,False,C00,TOTAL CPC,0,0,TOTAL MOT,8,kg,43418875753.0,False,7,l,53113192426.0,False,43418875753.0,False,0.0,False,35999781951.51,,35999781951.51,0,False,True,reporter_world_2022
C,A,20220101,2022,52,2022,764,THA,Thailand,X,Export,0,W00,World,0,W00,World,H6,HS,True,2709,Petroleum oils and oils obtained from bituminous minerals; crude,4,False,C00,TOTAL CPC,0,0,TOTAL MOT,8,kg,836889372.0,False,7,l,979547721.0,False,836889372.0,False,0.0,False,,600761481.017,600761481.017,0,False,True,reporter_world_2022
C,A,20230101,2023,52,2023,76,BRA,Brazil,M,Import,0,W00,World,0,W00,World,H6,HS,True,2709,Petroleum oils and oils obtained from bituminous minerals; crude,4,False,C00,TOTAL CPC,0,0,TOTAL MOT,-1,N/A,0.0,False,-1,N/A,0.0,False,,False,0.0,False,9382113744.0,9059114573.0,9382113744.0,0,False,True,reporter_world_2023
C,A,20230101,2023,52,2023,76,BRA,Brazil,X,Export,0,W00,World,0,W00,World,H6,HS,True,2709,Petroleum oils and oils obtained from bituminous minerals; crude,4,False,C00,TOTAL CPC,0,0,TOTAL MOT,8,kg,81409576397.0,False,-1,N/A,0.0,False,81409576397.0,False,0.0,False,,42611148597.0,42611148597.0,0,False,True,reporter_world_2023
C,A,20230101,2023,52,2023,124,CAN,Canada,M,Import,0,W00,World,0,W00,World,H6,HS,True,2709,Petroleum oils and oils obtained from bituminous minerals; crude,4,False,C00,TOTAL CPC,0,0,TOTAL MOT,8,kg,23418713040.5,True,-1,N/A,0.0,False,23418713040.5,True,0.0,False,,14558631028.071,14558631028.071,6,False,True,reporter_world_2023
C,A,20230101,2023,52,2023,170,COL,Colombia,M,Import,0,W00,World,0,W00,World,H6,HS,True,2709,Petroleum oils and oils obtained from bituminous minerals; crude,4,False,C00,TOTAL CPC,0,0,TOTAL MOT,-1,N/A,0.0,False,-1,N/A,0.0,False,,False,0.0,False,768159692.96,745075202.99,768159692.96,0,False,True,reporter_world_2023
C,A,20230101,2023,52,2023,124,CAN,Canada,X,Export,0,W00,World,0,W00,World,H6,HS,True,2709,Petroleum oils and oils obtained from bituminous minerals; crude,4,False,C00,TOTAL CPC,0,0,TOTAL MOT,8,kg,183082503238.57,True,-1,N/A,0.0,False,183082503238.57,True,0.0,False,,99464941105.395,99464941105.395,6,False,True,reporter_world_2023
C,A,20230101,2023,52,2023,170,COL,Colombia,X,Export,0,W00,World,0,W00,World,H6,HS,True,2709,Petroleum oils and oils obtained from bituminous minerals; crude,4,False,C00,TOTAL CPC,0,0,TOTAL MOT,8,kg,26411720200.0,False,12,m³,28567776.7,False,26411720200.0,False,0.0,False,,12659153725.32,12659153725.32,0,False,True,reporter_world_2023
C,A,20230101,2023,52,2023,392,JPN,Japan,M,Import,0,W00,World,0,W00,World,H6,HS,True,2709,Petroleum oils and oils obtained from bituminous minerals; crude,4,False,C00,TOTAL CPC,0,0,TOTAL MOT,8,kg,125141686278.0,False,7,l,148595927000.0,False,125141686278.0,False,0.0,False,80928327590.753,,80928327590.753,0,False,True,reporter_world_2023
C,A,20230101,2023,52,2023,410,KOR,Rep. of Korea,M,Import,0,W00,World,0,W00,World,H6,HS,True,2709,Petroleum oils and oils obtained from bituminous minerals; crude,4,False,C00,TOTAL CPC,0,0,TOTAL MOT,8,kg,134004712114.225,False,8,kg,134004712114.225,False,134004712114.225,False,0.0,False,86158418645.0,,86158418645.0,0,False,True,reporter_world_2023
C,A,20230101,2023,52,2023,410,KOR,Rep. of Korea,X,Export,0,W00,World,0,W00,World,H6,HS,True,2709,Petroleum oils and oils obtained from bituminous minerals; crude,4,False,C00,TOTAL CPC,0,0,TOTAL MOT,8,kg,368.9,False,8,kg,368.9,False,368.9,False,0.0,False,,7078.0,7078.0,0,False,True,reporter_world_2023
C,A,20230101,2023,52,2023,414,KWT,Kuwait,X,Export,0,W00,World,0,W00,World,H6,HS,True,2709,Petroleum oils and oils obtained from bituminous minerals; crude,4,False,C00,TOTAL CPC,0,0,TOTAL MOT,8,kg,82006660000.0,False,8,kg,82006660000.0,False,82006660000.0,False,0.0,False,,49827754836.684,49827754836.684,0,False,True,reporter_world_2023
C,A,20230101,2023,52,2023,484,MEX,Mexico,X,Export,0,W00,World,0,W00,World,H6,HS,True,2709,Petroleum oils and oils obtained from bituminous minerals; crude,4,False,C00,TOTAL CPC,0,0,TOTAL MOT,8,kg,50758538162.582,True,-1,N/A,0.0,False,50758538162.582,True,0.0,False,,27576064996.0,27576064996.0,6,False,True,reporter_world_2023
C,A,20230101,2023,52,2023,490,S19,"Other Asia, nes",M,Import,0,W00,World,0,W00,World,H6,HS,True,2709,Petroleum oils and oils obtained from bituminous minerals; crude,4,False,C00,TOTAL CPC,0,0,TOTAL MOT,8,kg,39395404000.0,False,21,1000 KG,39395404.0,False,46480451600.0,False,0.0,False,25095507938.09,,25095507938.09,0,False,True,reporter_world_2023
C,A,20230101,2023,52,2023,579,NOR,Norway,M,Import,0,W00,World,0,W00,World,H6,HS,True,2709,Petroleum oils and oils obtained from bituminous minerals; crude,4,False,C00,TOTAL CPC,0,0,TOTAL MOT,8,kg,1767148200.0,False,-1,N/A,0.0,False,1767148200.0,False,0.0,False,1209585410.4,,1209585410.4,0,False,True,reporter_world_2023
C,A,20230101,2023,52,2023,579,NOR,Norway,X,Export,0,W00,World,0,W00,World,H6,HS,True,2709,Petroleum oils and oils obtained from bituminous minerals; crude,4,False,C00,TOTAL CPC,0,0,TOTAL MOT,8,kg,84567982500.0,False,-1,N/A,0.0,False,84567982500.0,False,0.0,False,,50212905016.023,50212905016.023,0,False,True,reporter_world_2023
C,A,20230101,2023,52,2023,682,SAU,Saudi Arabia,X,Export,0,W00,World,0,W00,World,H6,HS,True,2709,Petroleum oils and oils obtained from bituminous minerals; crude,4,False,C00,TOTAL CPC,0,0,TOTAL MOT,8,kg,323946156311.474,True,-1,N/A,0.0,False,323946156311.474,True,0.0,False,,175993253253.989,175993253253.989,6,False,True,reporter_world_2023
C,A,20230101,2023,52,2023,699,IND,India,M,Import,0,W00,World,0,W00,World,H6,HS,True,2709,Petroleum oils and oils obtained from bituminous minerals; crude,4,False,C00,TOTAL CPC,0,0,TOTAL MOT,8,kg,235257782447.0,False,8,kg,235257782447.0,False,235257782447.0,False,0.0,False,140386299645.495,,140386299645.495,0,False,True,reporter_world_2023
C,A,20230101,2023,52,2023,764,THA,Thailand,M,Import,0,W00,World,0,W00,World,H6,HS,True,2709,Petroleum oils and oils obtained from bituminous minerals; crude,4,False,C00,TOTAL CPC,0,0,TOTAL MOT,8,kg,301679534233.0,False,7,l,58052508787.0,False,,False,0.0,False,32178787769.988,,32178787769.988,0,False,True,reporter_world_2023
C,A,20230101,2023,52,2023,764,THA,Thailand,X,Export,0,W00,World,0,W00,World,H6,HS,True,2709,Petroleum oils and oils obtained from bituminous minerals; crude,4,False,C00,TOTAL CPC,0,0,TOTAL MOT,8,kg,593043949.674,True,-1,N/A,0.0,False,593043949.674,True,0.0,False,,357486570.611,357486570.611,6,False,True,reporter_world_2023
C,A,20240101,2024,52,2024,76,BRA,Brazil,M,Import,0,W00,World,0,W00,World,H6,HS,True,2709,Petroleum oils and oils obtained from bituminous minerals; crude,4,False,C00,TOTAL CPC,0,0,TOTAL MOT,-1,N/A,0.0,False,-1,N/A,0.0,False,,False,0.0,False,8943296861.0,8692588542.0,8943296861.0,0,False,True,reporter_world_2024
C,A,20240101,2024,52,2024,76,BRA,Brazil,X,Export,0,W00,World,0,W00,World,H6,HS,True,2709,Petroleum oils and oils obtained from bituminous minerals; crude,4,False,C00,TOTAL CPC,0,0,TOTAL MOT,8,kg,89660869085.67,True,-1,N/A,0.0,False,89660869085.67,True,0.0,False,,44842761197.0,44842761197.0,6,False,True,reporter_world_2024
C,A,20240101,2024,52,2024,124,CAN,Canada,M,Import,0,W00,World,0,W00,World,H6,HS,True,2709,Petroleum oils and oils obtained from bituminous minerals; crude,4,False,C00,TOTAL CPC,0,0,TOTAL MOT,8,kg,24774635123.58,True,-1,N/A,0.0,False,24774635123.58,True,0.0,False,,15154800354.105,15154800354.105,6,False,True,reporter_world_2024
C,A,20240101,2024,52,2024,170,COL,Colombia,M,Import,0,W00,World,0,W00,World,H6,HS,True,2709,Petroleum oils and oils obtained from bituminous minerals; crude,4,False,C00,TOTAL CPC,0,0,TOTAL MOT,8,kg,736285203.32,False,12,m³,902806.65,False,736285203.32,False,0.0,False,460003577.08,449477884.31,460003577.08,0,False,True,reporter_world_2024
C,A,20240101,2024,52,2024,124,CAN,Canada,X,Export,0,W00,World,0,W00,World,H6,HS,True,2709,Petroleum oils and oils obtained from bituminous minerals; crude,4,False,C00,TOTAL CPC,0,0,TOTAL MOT,8,kg,197547482873.995,True,-1,N/A,0.0,False,197547482873.995,True,0.0,False,,107516759357.17,107516759357.17,6,False,True,reporter_world_2024
C,A,20240101,2024,52,2024,170,COL,Colombia,X,Export,0,W00,World,0,W00,World,H6,HS,True,2709,Petroleum oils and oils obtained from bituminous minerals; crude,4,False,C00,TOTAL CPC,0,0,TOTAL MOT,8,kg,25433314059.31,False,12,m³,27509502.8,False,25433314059.31,False,0.0,False,,12069395851.83,12069395851.83,0,False,True,reporter_world_2024
C,A,20240101,2024,52,2024,392,JPN,Japan,M,Import,0,W00,World,0,W00,World,H6,HS,True,2709,Petroleum oils and oils obtained from bituminous minerals; crude,4,False,C00,TOTAL CPC,0,0,TOTAL MOT,8,kg,114958618700.0,False,20,1000 L,136732521.0,False,114958618700.0,False,0.0,False,71811869887.915,,71811869887.915,0,False,True,reporter_world_2024
C,A,20240101,2024,52,2024,410,KOR,Rep. of Korea,M,Import,0,W00,World,0,W00,World,H6,HS,True,2709,Petroleum oils and oils obtained from bituminous minerals; crude,4,False,C00,TOTAL CPC,0,0,TOTAL MOT,8,kg,137180040598.918,True,-1,N/A,0.0,False,137180040598.918,True,0.0,False,85334419380.0,,85334419380.0,6,False,True,reporter_world_2024
C,A,20240101,2024,52,2024,410,KOR,Rep. of Korea,X,Export,0,W00,World,0,W00,World,H6,HS,True,2709,Petroleum oils and oils obtained from bituminous minerals; crude,4,False,C00,TOTAL CPC,0,0,TOTAL MOT,8,kg,6.8,False,8,kg,6.8,False,6.8,False,0.0,False,,50.0,50.0,0,False,True,reporter_world_2024
C,A,20240101,2024,52,2024,414,KWT,Kuwait,X,Export,0,W00,World,0,W00,World,H6,HS,True,2709,Petroleum oils and oils obtained from bituminous minerals; crude,4,False,C00,TOTAL CPC,0,0,TOTAL MOT,8,kg,65281581279.685,True,-1,N/A,0.0,False,65281581279.685,True,0.0,False,,35530010116.0,35530010116.0,6,False,True,reporter_world_2024
C,A,20240101,2024,52,2024,484,MEX,Mexico,X,Export,0,W00,World,0,W00,World,H6,HS,True,2709,Petroleum oils and oils obtained from bituminous minerals; crude,4,False,C00,TOTAL CPC,0,0,TOTAL MOT,8,kg,40823833226.219,True,-1,N/A,0.0,False,40823833226.219,True,0.0,False,,22218689852.0,22218689852.0,6,False,True,reporter_world_2024
C,A,20240101,2024,52,2024,490,S19,"Other Asia, nes",M,Import,0,W00,World,0,W00,World,H6,HS,True,2709,Petroleum oils and oils obtained from bituminous minerals; crude,4,False,C00,TOTAL CPC,0,0,TOTAL MOT,8,kg,45330130000.0,False,7,l,45330130000.0,False,45330130000.0,False,0.0,False,23874236648.498,,23874236648.498,0,False,True,reporter_world_2024
C,A,20240101,2024,52,2024,579,NOR,Norway,M,Import,0,W00,World,0,W00,World,H6,HS,True,2709,Petroleum oils and oils obtained from bituminous minerals; crude,4,False,C00,TOTAL CPC,0,0,TOTAL MOT,8,kg,1138175403.0,False,8,kg,1138175403.0,False,1138175403.0,False,0.0,False,722302746.207,,722302746.207,0,False,True,reporter_world_2024
C,A,20240101,2024,52,2024,579,NOR,Norway,X,Export,0,W00,World,0,W00,World,H6,HS,True,2709,Petroleum oils and oils obtained from bituminous minerals; crude,4,False,C00,TOTAL CPC,0,0,TOTAL MOT,8,kg,84025141327.0,False,8,kg,84025141327.0,False,84025141327.0,False,0.0,False,,49315597174.495,49315597174.495,0,False,True,reporter_world_2024
C,A,20240101,2024,52,2024,682,SAU,Saudi Arabia,X,Export,0,W00,World,0,W00,World,H6,HS,True,2709,Petroleum oils and oils obtained from bituminous minerals; crude,4,False,C00,TOTAL CPC,0,0,TOTAL MOT,8,kg,300558000000.0,False,8,kg,300558000000.0,False,300558000000.0,False,0.0,False,,179494074921.181,179494074921.181,0,False,True,reporter_world_2024
C,A,20240101,2024,52,2024,699,IND,India,M,Import,0,W00,World,0,W00,World,H6,HS,True,2709,Petroleum oils and oils obtained from bituminous minerals; crude,4,False,C00,TOTAL CPC,0,0,TOTAL MOT,8,kg,241750225067.0,False,8,kg,241750225067.0,False,241750225067.0,False,0.0,False,141532322252.516,,141532322252.516,0,False,True,reporter_world_2024
C,A,20240101,2024,52,2024,764,THA,Thailand,M,Import,0,W00,World,0,W00,World,H6,HS,True,2709,Petroleum oils and oils obtained from bituminous minerals; crude,4,False,C00,TOTAL CPC,0,0,TOTAL MOT,8,kg,251599083375.0,False,7,l,59122873832.0,False,,False,0.0,False,31334742360.5,,31334742360.5,0,False,True,reporter_world_2024
C,A,20240101,2024,52,2024,764,THA,Thailand,X,Export,0,W00,World,0,W00,World,H6,HS,True,2709,Petroleum oils and oils obtained from bituminous minerals; crude,4,False,C00,TOTAL CPC,0,0,TOTAL MOT,8,kg,975733828.0,False,7,l,1114176604.0,False,975733828.0,False,0.0,False,,552937983.389,552937983.389,0,False,True,reporter_world_2024
