typeCode,freqCode,refPeriodId,refYear,refMonth,period,reporterCode,reporterISO,reporterDesc,flowCode,flowDesc,partnerCode,partnerISO,partnerDesc,partner2Code,partner2ISO,partner2Desc,classificationCode,classificationSearchCode,isOriginalClassification,cmdCode,cmdDesc,aggrLevel,isLeaf,customsCode,customsDesc,mosCode,motCode,motDesc,qtyUnitCode,qtyUnitAbbr,qty,isQtyEstimated,altQtyUnitCode,altQtyUnitAbbr,altQty,isAltQtyEstimated,netWgt,isNetWgtEstimated,grossWgt,isGrossWgtEstimated,cifvalue,fobvalue,primaryValue,legacyEstimationFlag,isReported,isAggregate,query_label,target_iso,target_flow
C,A,20190101,2019,52,2019,31,AZE,Azerbaijan,X,Export,792,TUR,Türkiye,0,W00,World,H5,HS,True,2709,Petroleum oils and oils obtained from bituminous minerals; crude,4,False,C00,TOTAL CPC,0,0,TOTAL MOT,8,kg,970054000.0,False,8,kg,970054000.0,False,970054000.0,False,0.0,False,,417087026.89,417087026.89,0,False,True,mirror_TUR_target_M_2019,TUR,M
C,A,20190101,2019,52,2019,398,KAZ,Kazakhstan,X,Export,792,TUR,Türkiye,0,W00,World,H5,HS,True,2709,Petroleum oils and oils obtained from bituminous minerals; crude,4,False,C00,TOTAL CPC,0,0,TOTAL MOT,8,kg,3356770000.0,False,8,kg,3356770000.0,False,3356770000.0,False,0.0,False,,1558281169.21,1558281169.21,0,False,True,mirror_TUR_target_M_2019,TUR,M
C,A,20190101,2019,52,2019,434,LBY,Libya,X,Export,792,TUR,Türkiye,0,W00,World,H5,HS,True,2709,Petroleum oils and oils obtained from bituminous minerals; crude,4,False,C00,TOTAL CPC,0,0,TOTAL MOT,8,kg,99341400.0,False,21,1000 KG,99341.4,False,99341400.0,False,0.0,False,0.0,43834771.622,43834771.622,0,False,True,mirror_TUR_target_M_2019,TUR,M
C,A,20190101,2019,52,2019,528,NLD,Netherlands,X,Export,792,TUR,Türkiye,0,W00,World,H5,HS,True,2709,Petroleum oils and oils obtained from bituminous minerals; crude,4,False,C00,TOTAL CPC,0,0,TOTAL MOT,8,kg,3.0,False,8,kg,3.0,False,3.0,False,0.0,False,,1.119,1.119,0,False,True,mirror_TUR_target_M_2019,TUR,M
C,A,20190101,2019,52,2019,566,NGA,Nigeria,X,Export,792,TUR,Türkiye,0,W00,World,H4,HS,True,2709,Petroleum oils and oils obtained from bituminous minerals; crude,4,False,C00,TOTAL CPC,0,0,TOTAL MOT,-1,,0.0,True,-1,,0.0,False,,True,0.0,False,,779096251.2,779096251.2,6,False,True,mirror_TUR_target_M_2019,TUR,M
C,A,20190101,2019,52,2019,579,NOR,Norway,X,Export,792,TUR,Türkiye,0,W00,World,H5,HS,True,2709,Petroleum oils and oils obtained from bituminous minerals; crude,4,False,C00,TOTAL CPC,0,0,TOTAL MOT,8,kg,232585000.0,False,19,BBL,1661010.0,False,232585000.0,False,0.0,False,,114763300.069,114763300.069,0,False,True,mirror_TUR_target_M_2019,TUR,M
C,A,20190101,2019,52,2019,643,RUS,Russian Federation,X,Export,792,TUR,Türkiye,0,W00,World,H5,HS,True,2709,Petroleum oils and oils obtained from bituminous minerals; crude,4,False,C00,TOTAL CPC,0,0,TOTAL MOT,8,kg,8155091000.0,False,8,kg,8155091000.0,False,8155091000.0,False,0.0,False,,3681710888.35,3681710888.35,0,False,True,mirror_TUR_target_M_2019,TUR,M
C,A,20200101,2020,52,2020,24,AGO,Angola,X,Export,792,TUR,Türkiye,0,W00,World,H5,HS,True,2709,Petroleum oils and oils obtained from bituminous minerals; crude,4,False,C00,TOTAL CPC,0,0,TOTAL MOT,8,kg,158298651.0,False,19,BBL,995589.0,False,158298651.0,False,0.0,False,44321631.102,44321631.102,44321631.102,0,False,True,mirror_TUR_target_M_2020,TUR,M
C,A,20200101,2020,52,2020,31,AZE,Azerbaijan,X,Export,792,TUR,Türkiye,0,W00,World,H5,HS,True,2709,Petroleum oils and oils obtained from bituminous minerals; crude,4,False,C00,TOTAL CPC,0,0,TOTAL MOT,8,kg,675400000.0,False,8,kg,675400000.0,False,675400000.0,False,0.0,False,,225150801.8,225150801.8,0,False,True,mirror_TUR_target_M_2020,TUR,M
C,A,20200101,2020,52,2020,300,GRC,Greece,X,Export,792,TUR,Türkiye,0,W00,World,H5,HS,True,2709,Petroleum oils and oils obtained from bituminous minerals; crude,4,False,C00,TOTAL CPC,0,0,TOTAL MOT,8,kg,29871400.0,False,8,kg,29871400.0,False,29871400.0,False,0.0,False,0.0,7634136.524,7634136.524,0,False,True,mirror_TUR_target_M_2020,TUR,M
C,A,20200101,2020,52,2020,398,KAZ,Kazakhstan,X,Export,792,TUR,Türkiye,0,W00,World,H5,HS,True,2709,Petroleum oils and oils obtained from bituminous minerals; crude,4,False,C00,TOTAL CPC,0,0,TOTAL MOT,8,kg,3473162000.0,False,8,kg,3473162000.0,False,3473162000.0,False,0.0,False,,1243808594.97,1243808594.97,0,False,True,mirror_TUR_target_M_2020,TUR,M
C,A,20200101,2020,52,2020,528,NLD,Netherlands,X,Export,792,TUR,Türkiye,0,W00,World,H5,HS,True,2709,Petroleum oils and oils obtained from bituminous minerals; crude,4,False,C00,TOTAL CPC,0,0,TOTAL MOT,8,kg,3.0,False,8,kg,3.0,False,3.0,False,0.0,False,0.0,1.142,1.142,0,False,True,mirror_TUR_target_M_2020,TUR,M
C,A,20200101,2020,52,2020,566,NGA,Nigeria,X,Export,792,TUR,Türkiye,0,W00,World,H4,HS,True,2709,Petroleum oils and oils obtained from bituminous minerals; crude,4,False,C00,TOTAL CPC,0,0,TOTAL MOT,8,kg,2518145000.0,False,8,kg,2518145000.0,False,2518145000.0,False,0.0,False,0.0,823716859.434,823716859.434,0,False,True,mirror_TUR_target_M_2020,TUR,M
C,A,20200101,2020,52,2020,579,NOR,Norway,X,Export,792,TUR,Türkiye,0,W00,World,H5,HS,True,2709,Petroleum oils and oils obtained from bituminous minerals; crude,4,False,C00,TOTAL CPC,0,0,TOTAL MOT,8,kg,2647833000.0,False,19,BBL,18945163.0,False,2647833000.0,False,0.0,False,0.0,741025163.156,741025163.156,0,False,True,mirror_TUR_target_M_2020,TUR,M
C,A,20200101,2020,52,2020,643,RUS,Russian Federation,X,Export,792,TUR,Türkiye,0,W00,World,H5,HS,True,2709,Petroleum oils and oils obtained from bituminous minerals; crude,4,False,C00,TOTAL CPC,0,0,TOTAL MOT,8,kg,2645633800.0,False,8,kg,2645633800.0,False,2645633800.0,False,0.0,False,0.0,896870201.71,896870201.71,0,False,True,mirror_TUR_target_M_2020,TUR,M
C,A,20200101,2020,52,2020,788,TUN,Tunisia,X,Export,792,TUR,Türkiye,0,W00,World,H5,HS,True,2709,Petroleum oils and oils obtained from bituminous minerals; crude,4,False,C00,TOTAL CPC,0,0,TOTAL MOT,8,kg,75905900.0,False,8,kg,75905900.0,False,75905900.0,False,0.0,False,0.0,31119138.1,31119138.1,0,False,True,mirror_TUR_target_M_2020,TUR,M
C,A,20200101,2020,52,2020,818,EGY,Egypt,X,Export,792,TUR,Türkiye,0,W00,World,H4,HS,True,2709,Petroleum oils and oils obtained from bituminous minerals; crude,4,False,C00,TOTAL CPC,0,0,TOTAL MOT,8,kg,125816729.021,True,-1,,0.0,False,125816729.021,True,0.0,False,,38155109.487,38155109.487,6,False,True,mirror_TUR_target_M_2020,TUR,M
C,A,20210101,2021,52,2021,31,AZE,Azerbaijan,X,Export,792,TUR,Türkiye,0,W00,World,H5,HS,True,2709,Petroleum oils and oils obtained from bituminous minerals; crude,4,False,C00,TOTAL CPC,0,0,TOTAL MOT,8,kg,690645000.0,False,8,kg,690645000.0,False,690645000.0,False,0.0,False,,331599284.56,331599284.56,0,False,True,mirror_TUR_target_M_2021,TUR,M
C,A,20210101,2021,52,2021,191,HRV,Croatia,X,Export,792,TUR,Türkiye,0,W00,World,H5,HS,True,2709,Petroleum oils and oils obtained from bituminous minerals; crude,4,False,C00,TOTAL CPC,0,0,TOTAL MOT,8,kg,25.0,False,8,kg,25.0,False,25.0,False,0.0,False,0.0,30.0,30.0,0,False,True,mirror_TUR_target_M_2021,TUR,M
C,A,20210101,2021,52,2021,266,GAB,Gabon,X,Export,792,TUR,Türkiye,0,W00,World,H5,HS,True,2709,Petroleum oils and oils obtained from bituminous minerals; crude,4,False,C00,TOTAL CPC,0,0,TOTAL MOT,8,kg,5.0,False,19,BBL,5.0,False,5.0,False,0.0,False,,17.991,17.991,0,False,True,mirror_TUR_target_M_2021,TUR,M
C,A,20210101,2021,52,2021,300,GRC,Greece,X,Export,792,TUR,Türkiye,0,W00,World,H5,HS,True,2709,Petroleum oils and oils obtained from bituminous minerals; crude,4,False,C00,TOTAL CPC,0,0,TOTAL MOT,8,kg,56132500.0,False,8,kg,56132500.0,False,56132500.0,False,0.0,False,0.0,24030116.903,24030116.903,0,False,True,mirror_TUR_target_M_2021,TUR,M
C,A,20210101,2021,52,2021,380,ITA,Italy,X,Export,792,TUR,Türkiye,0,W00,World,H5,HS,True,2709,Petroleum oils and oils obtained from bituminous minerals; crude,4,False,C00,TOTAL CPC,0,0,TOTAL MOT,8,kg,171213000.0,False,8,kg,171213000.0,False,171213000.0,False,0.0,False,,64696226.124,64696226.124,0,False,True,mirror_TUR_target_M_2021,TUR,M
C,A,20210101,2021,52,2021,398,KAZ,Kazakhstan,X,Export,792,TUR,Türkiye,0,W00,World,H5,HS,True,2709,Petroleum oils and oils obtained from bituminous minerals; crude,4,False,C00,TOTAL CPC,0,0,TOTAL MOT,8,kg,3484240000.0,False,8,kg,3484240000.0,False,3484240000.0,False,0.0,False,,1668300999.36,1668300999.36,0,False,True,mirror_TUR_target_M_2021,TUR,M
C,A,20210101,2021,52,2021,566,NGA,Nigeria,X,Export,792,TUR,Türkiye,0,W00,World,H4,HS,True,2709,Petroleum oils and oils obtained from bituminous minerals; crude,4,False,C00,TOTAL CPC,0,0,TOTAL MOT,-1,,0.0,False,-1,,0.0,False,0.0,False,0.0,False,0.0,518174930.167,518174930.167,0,False,True,mirror_TUR_target_M_2021,TUR,M
C,A,20210101,2021,52,2021,579,NOR,Norway,X,Export,792,TUR,Türkiye,0,W00,World,H5,HS,True,2709,Petroleum oils and oils obtained from bituminous minerals; crude,4,False,C00,TOTAL CPC,0,0,TOTAL MOT,8,kg,1694894000.0,False,19,BBL,12106331.0,False,1694894000.0,False,0.0,False,,860347898.466,860347898.466,0,False,True,mirror_TUR_target_M_2021,TUR,M
C,A,20210101,2021,52,2021,643,RUS,Russian Federation,X,Export,792,TUR,Türkiye,0,W00,World,H5,HS,True,2709,Petroleum oils and oils obtained from bituminous minerals; crude,4,False,C00,TOTAL CPC,0,0,TOTAL MOT,8,kg,4196895821.0,False,8,kg,4196895821.0,False,4196895821.0,False,0.0,False,0.0,2105830777.36,2105830777.36,0,False,True,mirror_TUR_target_M_2021,TUR,M
C,A,20210101,2021,52,2021,688,SRB,Serbia,X,Export,792,TUR,Türkiye,0,W00,World,H5,HS,True,2709,Petroleum oils and oils obtained from bituminous minerals; crude,4,False,C00,TOTAL CPC,0,0,TOTAL MOT,8,kg,8.0,False,8,kg,8.0,False,8.0,False,0.0,False,12.0,11.0,11.0,0,False,True,mirror_TUR_target_M_2021,TUR,M
C,A,20210101,2021,52,2021,757,CHE,Switzerland,X,Export,792,TUR,Türkiye,0,W00,World,H5,HS,True,2709,Petroleum oils and oils obtained from bituminous minerals; crude,4,False,C00,TOTAL CPC,0,0,TOTAL MOT,8,kg,5.0,False,7,l,5.0,False,5.0,False,0.0,False,0.0,108.321,108.321,0,False,True,mirror_TUR_target_M_2021,TUR,M
C,A,20210101,2021,52,2021,788,TUN,Tunisia,X,Export,792,TUR,Türkiye,0,W00,World,H5,HS,True,2709,Petroleum oils and oils obtained from bituminous minerals; crude,4,False,C00,TOTAL CPC,0,0,TOTAL MOT,8,kg,121830400.0,False,8,kg,121830400.0,False,121830400.0,False,0.0,False,0.0,51198631.441,51198631.441,0,False,True,mirror_TUR_target_M_2021,TUR,M
C,A,20210101,2021,52,2021,818,EGY,Egypt,X,Export,792,TUR,Türkiye,0,W00,World,H4,HS,True,2709,Petroleum oils and oils obtained from bituminous minerals; crude,4,False,C00,TOTAL CPC,0,0,TOTAL MOT,8,kg,229245050.881,True,-1,,0.0,False,229245050.881,True,0.0,False,,108510000.0,108510000.0,6,False,True,mirror_TUR_target_M_2021,TUR,M
C,A,20220101,2022,52,2022,31,AZE,Azerbaijan,X,Export,792,TUR,Türkiye,0,W00,World,H6,HS,True,2709,Petroleum oils and oils obtained from bituminous minerals; crude,4,False,C00,TOTAL CPC,0,0,TOTAL MOT,8,kg,768726000.0,False,8,kg,768726000.0,False,768726000.0,False,0.0,False,,502220045.5,502220045.5,0,False,True,mirror_TUR_target_M_2022,TUR,M
C,A,20220101,2022,52,2022,208,DNK,Denmark,X,Export,792,TUR,Türkiye,0,W00,World,H6,HS,True,2709,Petroleum oils and oils obtained from bituminous minerals; crude,4,False,C00,TOTAL CPC,0,0,TOTAL MOT,8,kg,27916300.0,False,8,kg,27916300.0,False,27916300.0,False,0.0,False,,14296376.922,14296376.922,0,False,True,mirror_TUR_target_M_2022,TUR,M
C,A,20220101,2022,52,2022,266,GAB,Gabon,X,Export,792,TUR,Türkiye,0,W00,World,H5,HS,True,2709,Petroleum oils and oils obtained from bituminous minerals; crude,4,False,C00,TOTAL CPC,0,0,TOTAL MOT,8,kg,63253100.0,False,19,BBL,453465.0,False,63253100.0,False,0.0,False,,54767098.01,54767098.01,0,False,True,mirror_TUR_target_M_2022,TUR,M
C,A,20220101,2022,52,2022,380,ITA,Italy,X,Export,792,TUR,Türkiye,0,W00,World,H6,HS,True,2709,Petroleum oils and oils obtained from bituminous minerals; crude,4,False,C00,TOTAL CPC,0,0,TOTAL MOT,8,kg,60870300.0,False,8,kg,60870300.0,False,60870300.0,False,0.0,False,,33939044.431,33939044.431,0,False,True,mirror_TUR_target_M_2022,TUR,M
C,A,20220101,2022,52,2022,398,KAZ,Kazakhstan,X,Export,792,TUR,Türkiye,0,W00,World,H6,HS,True,2709,Petroleum oils and oils obtained from bituminous minerals; crude,4,False,C00,TOTAL CPC,0,0,TOTAL MOT,8,kg,4055892000.0,False,8,kg,4055892000.0,False,4055892000.0,False,0.0,False,,2898124162.56,2898124162.56,0,False,True,mirror_TUR_target_M_2022,TUR,M
C,A,20220101,2022,52,2022,566,NGA,Nigeria,X,Export,792,TUR,Türkiye,0,W00,World,H6,HS,True,2709,Petroleum oils and oils obtained from bituminous minerals; crude,4,False,C00,TOTAL CPC,0,0,TOTAL MOT,8,kg,959438228.796,True,-1,,0.0,False,959438228.796,True,0.0,False,,865150206.79,865150206.79,6,False,True,mirror_TUR_target_M_2022,TUR,M
C,A,20220101,2022,52,2022,579,NOR,Norway,X,Export,792,TUR,Türkiye,0,W00,World,H6,HS,True,2709,Petroleum oils and oils obtained from bituminous minerals; crude,4,False,C00,TOTAL CPC,0,0,TOTAL MOT,8,kg,293836000.0,False,7,l,333646000.0,False,293836000.0,False,0.0,False,,198788882.348,198788882.348,0,False,True,mirror_TUR_target_M_2022,TUR,M
C,A,20220101,2022,52,2022,642,ROU,Romania,X,Export,792,TUR,Türkiye,0,W00,World,H6,HS,True,2709,Petroleum oils and oils obtained from bituminous minerals; crude,4,False,C00,TOTAL CPC,0,0,TOTAL MOT,8,kg,1.0,False,8,kg,1.0,False,1.0,False,0.0,False,,53.1,53.1,0,False,True,mirror_TUR_target_M_2022,TUR,M
C,A,20220101,2022,52,2022,788,TUN,Tunisia,X,Export,792,TUR,Türkiye,0,W00,World,H5,HS,True,2709,Petroleum oils and oils obtained from bituminous minerals; crude,4,False,C00,TOTAL CPC,0,0,TOTAL MOT,8,kg,77565900.0,False,8,kg,77565900.0,False,77565900.0,False,0.0,False,,62289291.281,62289291.281,0,False,True,mirror_TUR_target_M_2022,TUR,M
C,A,20220101,2022,52,2022,860,UZB,Uzbekistan,X,Export,792,TUR,Türkiye,0,W00,World,H5,HS,True,2709,Petroleum oils and oils obtained from bituminous minerals; crude,4,False,C00,TOTAL CPC,0,0,TOTAL MOT,8,kg,10.0,False,21,1000 KG,0.01,False,10.0,False,0.0,False,0.0,4.0,4.0,0,False,True,mirror_TUR_target_M_2022,TUR,M
C,A,20230101,2023,52,2023,31,AZE,Azerbaijan,X,Export,792,TUR,Türkiye,0,W00,World,H6,HS,True,2709,Petroleum oils and oils obtained from bituminous minerals; crude,4,False,C00,TOTAL CPC,0,0,TOTAL MOT,8,kg,1202210000.0,False,8,kg,1202210000.0,False,1202210000.0,False,0.0,False,,676306622.98,676306622.98,0,False,True,mirror_TUR_target_M_2023,TUR,M
C,A,20230101,2023,52,2023,56,BEL,Belgium,X,Export,792,TUR,Türkiye,0,W00,World,H6,HS,True,2709,Petroleum oils and oils obtained from bituminous minerals; crude,4,False,C00,TOTAL CPC,0,0,TOTAL MOT,8,kg,8.55,False,8,kg,8.55,False,8.55,False,0.0,False,,2.322,2.322,0,False,True,mirror_TUR_target_M_2023,TUR,M
C,A,20230101,2023,52,2023,266,GAB,Gabon,X,Export,792,TUR,Türkiye,0,W00,World,H6,HS,True,2709,Petroleum oils and oils obtained from bituminous minerals; crude,4,False,C00,TOTAL CPC,0,0,TOTAL MOT,8,kg,127141000.0,False,19,BBL,898904.0,False,127141000.0,False,0.0,False,,66756732.572,66756732.572,0,False,True,mirror_TUR_target_M_2023,TUR,M
C,A,20230101,2023,52,2023,380,ITA,Italy,X,Export,792,TUR,Türkiye,0,W00,World,H6,HS,True,2709,Petroleum oils and oils obtained from bituminous minerals; crude,4,False,C00,TOTAL CPC,0,0,TOTAL MOT,8,kg,645909211.0,False,8,kg,645909211.0,False,645909211.0,False,0.0,False,,284811575.989,284811575.989,0,False,True,mirror_TUR_target_M_2023,TUR,M
C,A,20230101,2023,52,2023,398,KAZ,Kazakhstan,X,Export,792,TUR,Türkiye,0,W00,World,H6,HS,True,2709,Petroleum oils and oils obtained from bituminous minerals; crude,4,False,C00,TOTAL CPC,0,0,TOTAL MOT,8,kg,3478574000.0,False,8,kg,3478574000.0,False,3478574000.0,False,0.0,False,,2101964301.58,2101964301.58,0,False,True,mirror_TUR_target_M_2023,TUR,M
C,A,20230101,2023,52,2023,566,NGA,Nigeria,X,Export,792,TUR,Türkiye,0,W00,World,H6,HS,True,2709,Petroleum oils and oils obtained from bituminous minerals; crude,4,False,C00,TOTAL CPC,0,0,TOTAL MOT,8,kg,1202603579.43,True,-1,,0.0,False,1202603579.43,True,0.0,False,,996058175.244,996058175.244,6,False,True,mirror_TUR_target_M_2023,TUR,M
C,A,20230101,2023,52,2023,579,NOR,Norway,X,Export,792,TUR,Türkiye,0,W00,World,H6,HS,True,2709,Petroleum oils and oils obtained from bituminous minerals; crude,4,False,C00,TOTAL CPC,0,0,TOTAL MOT,8,kg,378111000.0,False,-1,,0.0,False,378111000.0,False,0.0,False,,208655890.976,208655890.976,0,False,True,mirror_TUR_target_M_2023,TUR,M
C,A,20230101,2023,52,2023,842,USA,USA,X,Export,792,TUR,Türkiye,0,W00,World,H6,HS,True,2709,Petroleum oils and oils obtained from bituminous minerals; crude,4,False,C00,TOTAL CPC,0,0,TOTAL MOT,8,kg,390430860.0,False,19,BBL,2455540.0,False,390430860.0,False,0.0,False,,165641274.0,165641274.0,0,False,True,mirror_TUR_target_M_2023,TUR,M
C,A,20240101,2024,52,2024,31,AZE,Azerbaijan,X,Export,792,TUR,Türkiye,0,W00,World,H6,HS,True,2709,Petroleum oils and oils obtained from bituminous minerals; crude,4,False,C00,TOTAL CPC,0,0,TOTAL MOT,8,kg,430522000.0,False,8,kg,430522000.0,False,430522000.0,False,0.0,False,,232411457.25,232411457.25,0,False,True,mirror_TUR_target_M_2024,TUR,M
C,A,20240101,2024,52,2024,56,BEL,Belgium,X,Export,792,TUR,Türkiye,0,W00,World,H6,HS,True,2709,Petroleum oils and oils obtained from bituminous minerals; crude,4,False,C00,TOTAL CPC,0,0,TOTAL MOT,8,kg,0.5,False,8,kg,0.5,False,0.5,False,0.0,False,,1.572,1.572,0,False,True,mirror_TUR_target_M_2024,TUR,M
C,A,20240101,2024,52,2024,300,GRC,Greece,X,Export,792,TUR,Türkiye,0,W00,World,H6,HS,True,2709,Petroleum oils and oils obtained from bituminous minerals; crude,4,False,C00,TOTAL CPC,0,0,TOTAL MOT,8,kg,59703800.0,False,8,kg,59703800.0,False,59703800.0,False,0.0,False,,32165626.167,32165626.167,0,False,True,mirror_TUR_target_M_2024,TUR,M
C,A,20240101,2024,52,2024,328,GUY,Guyana,X,Export,792,TUR,Türkiye,0,W00,World,H5,HS,True,2709,Petroleum oils and oils obtained from bituminous minerals; crude,4,False,C00,TOTAL CPC,0,0,TOTAL MOT,8,kg,3000000.0,False,8,kg,3000000.0,False,3000000.0,False,0.0,False,,230218942.66,230218942.66,0,False,True,mirror_TUR_target_M_2024,TUR,M
C,A,20240101,2024,52,2024,380,ITA,Italy,X,Export,792,TUR,Türkiye,0,W00,World,H6,HS,True,2709,Petroleum oils and oils obtained from bituminous minerals; crude,4,False,C00,TOTAL CPC,0,0,TOTAL MOT,8,kg,629410433.0,False,8,kg,629410433.0,False,629410433.0,False,0.0,False,,277724718.289,277724718.289,0,False,True,mirror_TUR_target_M_2024,TUR,M
C,A,20240101,2024,52,2024,398,KAZ,Kazakhstan,X,Export,792,TUR,Türkiye,0,W00,World,H6,HS,True,2709,Petroleum oils and oils obtained from bituminous minerals; crude,4,False,C00,TOTAL CPC,0,0,TOTAL MOT,8,kg,1978386000.0,False,8,kg,1978386000.0,False,1978386000.0,False,0.0,False,,1217715136.86,1217715136.86,0,False,True,mirror_TUR_target_M_2024,TUR,M
C,A,20240101,2024,52,2024,566,NGA,Nigeria,X,Export,792,TUR,Türkiye,0,W00,World,H6,HS,True,2709,Petroleum oils and oils obtained from bituminous minerals; crude,4,False,C00,TOTAL CPC,0,0,TOTAL MOT,8,kg,481574667.708,True,-1,,0.0,False,481574667.708,True,0.0,False,,382663930.827,382663930.827,6,False,True,mirror_TUR_target_M_2024,TUR,M
C,A,20240101,2024,52,2024,579,NOR,Norway,X,Export,792,TUR,Türkiye,0,W00,World,H6,HS,True,2709,Petroleum oils and oils obtained from bituminous minerals; crude,4,False,C00,TOTAL CPC,0,0,TOTAL MOT,8,kg,809804000.0,False,8,kg,809804000.0,False,809804000.0,False,0.0,False,,458583874.134,458583874.134,0,False,True,mirror_TUR_target_M_2024,TUR,M
C,A,20240101,2024,52,2024,788,TUN,Tunisia,X,Export,792,TUR,Türkiye,0,W00,World,H6,HS,True,2709,Petroleum oils and oils obtained from bituminous minerals; crude,4,False,C00,TOTAL CPC,0,0,TOTAL MOT,8,kg,87851519.898,True,-1,,0.0,False,87851519.898,True,0.0,False,,47386428.614,47386428.614,6,False,True,mirror_TUR_target_M_2024,TUR,M
C,A,20240101,2024,52,2024,818,EGY,Egypt,X,Export,792,TUR,Türkiye,0,W00,World,H6,HS,True,2709,Petroleum oils and oils obtained from bituminous minerals; crude,4,False,C00,TOTAL CPC,0,0,TOTAL MOT,8,kg,66756514.136,True,-1,,0.0,False,66756514.136,True,0.0,False,,37048000.0,37048000.0,6,False,True,mirror_TUR_target_M_2024,TUR,M
C,A,20240101,2024,52,2024,842,USA,USA,X,Export,792,TUR,Türkiye,0,W00,World,H6,HS,True,2709,Petroleum oils and oils obtained from bituminous minerals; crude,4,False,C00,TOTAL CPC,0,0,TOTAL MOT,8,kg,293703846.0,False,19,BBL,1847194.0,False,293703846.0,False,0.0,False,,158632266.0,158632266.0,0,False,True,mirror_TUR_target_M_2024,TUR,M
C,A,20190101,2019,52,2019,31,AZE,Azerbaijan,M,Import,792,TUR,Türkiye,0,W00,World,H5,HS,True,2709,Petroleum oils and oils obtained from bituminous minerals; crude,4,False,C00,TOTAL CPC,0,0,TOTAL MOT,8,kg,33.41,False,8,kg,33.41,False,33.41,False,0.0,False,20.84,,20.84,0,False,True,mirror_TUR_target_X_2019,TUR,X
C,A,20190101,2019,52,2019,100,BGR,Bulgaria,M,Import,792,TUR,Türkiye,0,W00,World,H5,HS,True,2709,Petroleum oils and oils obtained from bituminous minerals; crude,4,False,C00,TOTAL CPC,0,0,TOTAL MOT,8,kg,79741800.0,False,8,kg,79741800.0,False,79741800.0,False,0.0,False,36370779.451,,36370779.451,0,False,True,mirror_TUR_target_X_2019,TUR,X
C,A,20190101,2019,52,2019,124,CAN,Canada,M,Import,792,TUR,Türkiye,0,W00,World,H5,HS,True,2709,Petroleum oils and oils obtained from bituminous minerals; crude,4,False,C00,TOTAL CPC,0,0,TOTAL MOT,8,kg,175.179,True,-1,,0.0,False,175.179,True,0.0,False,,84.414,84.414,6,False,True,mirror_TUR_target_X_2019,TUR,X
C,A,20190101,2019,52,2019,380,ITA,Italy,M,Import,792,TUR,Türkiye,0,W00,World,H5,HS,True,2709,Petroleum oils and oils obtained from bituminous minerals; crude,4,False,C00,TOTAL CPC,0,0,TOTAL MOT,8,kg,178479000.0,False,8,kg,178479000.0,False,178479000.0,False,0.0,False,79748136.486,,79748136.486,0,False,True,mirror_TUR_target_X_2019,TUR,X
C,A,20190101,2019,52,2019,384,CIV,Côte d'Ivoire,M,Import,792,TUR,Türkiye,0,W00,World,H5,HS,True,2709,Petroleum oils and oils obtained from bituminous minerals; crude,4,False,C00,TOTAL CPC,0,0,TOTAL MOT,8,kg,40.0,False,8,kg,40.0,False,40.0,False,0.0,False,495.005,,495.005,0,False,True,mirror_TUR_target_X_2019,TUR,X
C,A,20190101,2019,52,2019,410,KOR,Rep. of Korea,M,Import,792,TUR,Türkiye,0,W00,World,H5,HS,True,2709,Petroleum oils and oils obtained from bituminous minerals; crude,4,False,C00,TOTAL CPC,0,0,TOTAL MOT,8,kg,54.0,False,8,kg,54.0,False,54.0,False,0.0,False,181.0,,181.0,0,False,True,mirror_TUR_target_X_2019,TUR,X
C,A,20190101,2019,52,2019,528,NLD,Netherlands,M,Import,792,TUR,Türkiye,0,W00,World,H5,HS,True,2709,Petroleum oils and oils obtained from bituminous minerals; crude,4,False,C00,TOTAL CPC,0,0,TOTAL MOT,8,kg,245.0,False,8,kg,245.0,False,245.0,False,0.0,False,114.191,,114.191,0,False,True,mirror_TUR_target_X_2019,TUR,X
C,A,20190101,2019,52,2019,634,QAT,Qatar,M,Import,792,TUR,Türkiye,0,W00,World,H4,HS,True,2709,Petroleum oils and oils obtained from bituminous minerals; crude,4,False,C00,TOTAL CPC,0,0,TOTAL MOT,8,kg,27361400.0,False,8,kg,27361400.0,False,27361400.0,False,0.0,False,11737712.899,,11737712.899,0,False,True,mirror_TUR_target_X_2019,TUR,X
C,A,20190101,2019,52,2019,699,IND,India,M,Import,792,TUR,Türkiye,0,W00,World,H5,HS,True,2709,Petroleum oils and oils obtained from bituminous minerals; crude,4,False,C00,TOTAL CPC,0,0,TOTAL MOT,8,kg,1705000000.0,False,-1,,0.0,False,1705000000.0,False,0.0,False,910087345.912,0.0,910087345.912,0,False,True,mirror_TUR_target_X_2019,TUR,X
C,A,20190101,2019,52,2019,724,ESP,Spain,M,Import,792,TUR,Türkiye,0,W00,World,H5,HS,True,2709,Petroleum oils and oils obtained from bituminous minerals; crude,4,False,C00,TOTAL CPC,0,0,TOTAL MOT,8,kg,79905500.0,False,8,kg,79905500.0,False,79905500.0,False,0.0,False,36962926.213,,36962926.213,0,False,True,mirror_TUR_target_X_2019,TUR,X
C,A,20190101,2019,52,2019,764,THA,Thailand,M,Import,792,TUR,Türkiye,0,W00,World,H5,HS,True,2709,Petroleum oils and oils obtained from bituminous minerals; crude,4,False,C00,TOTAL CPC,0,0,TOTAL MOT,8,kg,337802000.0,False,7,l,337802000.0,False,,False,0.0,False,149730518.095,,149730518.095,0,False,True,mirror_TUR_target_X_2019,TUR,X
C,A,20190101,2019,52,2019,826,GBR,United Kingdom,M,Import,792,TUR,Türkiye,0,W00,World,H5,HS,True,2709,Petroleum oils and oils obtained from bituminous minerals; crude,4,False,C00,TOTAL CPC,0,0,TOTAL MOT,8,kg,691857700.0,False,8,kg,691857700.0,False,691857700.0,False,0.0,False,355930328.541,,355930328.541,0,False,True,mirror_TUR_target_X_2019,TUR,X
C,A,20200101,2020,52,2020,156,CHN,China,M,Import,792,TUR,Türkiye,0,W00,World,H5,HS,True,2709,Petroleum oils and oils obtained from bituminous minerals; crude,4,False,C00,TOTAL CPC,0,0,TOTAL MOT,8,kg,132408000.0,False,8,kg,132408000.0,False,132408000.0,False,0.0,False,36250568.0,0.0,36250568.0,0,False,True,mirror_TUR_target_X_2020,TUR,X
C,A,20200101,2020,52,2020,251,FRA,France,M,Import,792,TUR,Türkiye,0,W00,World,H5,HS,True,2709,Petroleum oils and oils obtained from bituminous minerals; crude,4,False,C00,TOTAL CPC,0,0,TOTAL MOT,8,kg,15.0,False,8,kg,15.0,False,15.0,False,0.0,False,347.441,,347.441,0,False,True,mirror_TUR_target_X_2020,TUR,X
C,A,20200101,2020,52,2020,348,HUN,Hungary,M,Import,792,TUR,Türkiye,0,W00,World,H5,HS,True,2709,Petroleum oils and oils obtained from bituminous minerals; crude,4,False,C00,TOTAL CPC,0,0,TOTAL MOT,8,kg,130.0,False,8,kg,130.0,False,130.0,False,0.0,False,22.0,0.0,22.0,0,False,True,mirror_TUR_target_X_2020,TUR,X
C,A,20200101,2020,52,2020,380,ITA,Italy,M,Import,792,TUR,Türkiye,0,W00,World,H5,HS,True,2709,Petroleum oils and oils obtained from bituminous minerals; crude,4,False,C00,TOTAL CPC,0,0,TOTAL MOT,8,kg,94850900.0,False,8,kg,94850900.0,False,94850900.0,False,0.0,False,29155682.532,,29155682.532,0,False,True,mirror_TUR_target_X_2020,TUR,X
C,A,20200101,2020,52,2020,528,NLD,Netherlands,M,Import,792,TUR,Türkiye,0,W00,World,H5,HS,True,2709,Petroleum oils and oils obtained from bituminous minerals; crude,4,False,C00,TOTAL CPC,0,0,TOTAL MOT,8,kg,939.0,False,8,kg,939.0,False,939.0,False,0.0,False,461.447,0.0,461.447,0,False,True,mirror_TUR_target_X_2020,TUR,X
C,A,20200101,2020,52,2020,642,ROU,Romania,M,Import,792,TUR,Türkiye,0,W00,World,H5,HS,True,2709,Petroleum oils and oils obtained from bituminous minerals; crude,4,False,C00,TOTAL CPC,0,0,TOTAL MOT,8,kg,20.0,False,8,kg,20.0,False,20.0,False,0.0,False,523.5,0.0,523.5,0,False,True,mirror_TUR_target_X_2020,TUR,X
C,A,20200101,2020,52,2020,699,IND,India,M,Import,792,TUR,Türkiye,0,W00,World,H5,HS,True,2709,Petroleum oils and oils obtained from bituminous minerals; crude,4,False,C00,TOTAL CPC,0,0,TOTAL MOT,8,kg,1156953000.0,False,21,1000 KG,1156953.0,False,1156953000.0,False,0.0,False,455329915.24,0.0,455329915.24,0,False,True,mirror_TUR_target_X_2020,TUR,X
C,A,20200101,2020,52,2020,702,SGP,Singapore,M,Import,792,TUR,Türkiye,0,W00,World,H5,HS,True,2709,Petroleum oils and oils obtained from bituminous minerals; crude,4,False,C00,TOTAL CPC,0,0,TOTAL MOT,8,kg,30.0,False,21,1000 KG,0.03,False,30.0,False,0.0,False,31.162,0.0,31.162,0,False,True,mirror_TUR_target_X_2020,TUR,X
C,A,20200101,2020,52,2020,724,ESP,Spain,M,Import,792,TUR,Türkiye,0,W00,World,H5,HS,True,2709,Petroleum oils and oils obtained from bituminous minerals; crude,4,False,C00,TOTAL CPC,0,0,TOTAL MOT,8,kg,170630500.0,False,8,kg,170630500.0,False,170630500.0,False,0.0,False,72836986.162,0.0,72836986.162,0,False,True,mirror_TUR_target_X_2020,TUR,X
C,A,20200101,2020,52,2020,764,THA,Thailand,M,Import,792,TUR,Türkiye,0,W00,World,H5,HS,True,2709,Petroleum oils and oils obtained from bituminous minerals; crude,4,False,C00,TOTAL CPC,0,0,TOTAL MOT,8,kg,500884000.0,False,7,l,500884000.0,False,,False,0.0,False,144988328.869,,144988328.869,0,False,True,mirror_TUR_target_X_2020,TUR,X
C,A,20200101,2020,52,2020,784,ARE,United Arab Emirates,M,Import,792,TUR,Türkiye,0,W00,World,H5,HS,True,2709,Petroleum oils and oils obtained from bituminous minerals; crude,4,False,C00,TOTAL CPC,0,0,TOTAL MOT,8,kg,52.0,False,8,kg,52.0,False,52.0,False,0.0,False,74.14,0.0,74.14,0,False,True,mirror_TUR_target_X_2020,TUR,X
C,A,20200101,2020,52,2020,826,GBR,United Kingdom,M,Import,792,TUR,Türkiye,0,W00,World,H5,HS,True,2709,Petroleum oils and oils obtained from bituminous minerals; crude,4,False,C00,TOTAL CPC,0,0,TOTAL MOT,8,kg,187513000.0,False,8,kg,187513000.0,False,187513000.0,False,0.0,False,77733440.658,0.0,77733440.658,0,False,True,mirror_TUR_target_X_2020,TUR,X
C,A,20210101,2021,52,2021,56,BEL,Belgium,M,Import,792,TUR,Türkiye,0,W00,World,H5,HS,True,2709,Petroleum oils and oils obtained from bituminous minerals; crude,4,False,C00,TOTAL CPC,0,0,TOTAL MOT,8,kg,263842.72,False,8,kg,263842.72,False,263842.72,False,0.0,False,152174.597,,152174.597,0,False,True,mirror_TUR_target_X_2021,TUR,X
C,A,20210101,2021,52,2021,203,CZE,Czechia,M,Import,792,TUR,Türkiye,0,W00,World,H5,HS,True,2709,Petroleum oils and oils obtained from bituminous minerals; crude,4,False,C00,TOTAL CPC,0,0,TOTAL MOT,8,kg,1.0,False,8,kg,1.0,False,1.0,False,0.0,False,2.0,2.0,2.0,0,False,True,mirror_TUR_target_X_2021,TUR,X
C,A,20210101,2021,52,2021,251,FRA,France,M,Import,792,TUR,Türkiye,0,W00,World,H5,HS,True,2709,Petroleum oils and oils obtained from bituminous minerals; crude,4,False,C00,TOTAL CPC,0,0,TOTAL MOT,8,kg,39675000.0,False,8,kg,39675000.0,False,39675000.0,False,0.0,False,24583257.096,,24583257.096,0,False,True,mirror_TUR_target_X_2021,TUR,X
C,A,20210101,2021,52,2021,372,IRL,Ireland,M,Import,792,TUR,Türkiye,0,W00,World,H5,HS,True,2709,Petroleum oils and oils obtained from bituminous minerals; crude,4,False,C00,TOTAL CPC,0,0,TOTAL MOT,8,kg,87840900.0,False,8,kg,87840900.0,False,87840900.0,False,0.0,False,42666788.968,,42666788.968,0,False,True,mirror_TUR_target_X_2021,TUR,X
C,A,20210101,2021,52,2021,380,ITA,Italy,M,Import,792,TUR,Türkiye,0,W00,World,H5,HS,True,2709,Petroleum oils and oils obtained from bituminous minerals; crude,4,False,C00,TOTAL CPC,0,0,TOTAL MOT,8,kg,269335000.0,False,8,kg,269335000.0,False,269335000.0,False,0.0,False,132094313.675,,132094313.675,0,False,True,mirror_TUR_target_X_2021,TUR,X
C,A,20210101,2021,52,2021,478,MRT,Mauritania,M,Import,792,TUR,Türkiye,0,W00,World,H5,HS,True,2709,Petroleum oils and oils obtained from bituminous minerals; crude,4,False,C00,TOTAL CPC,0,0,TOTAL MOT,8,kg,12.0,False,8,kg,12.0,False,12.0,False,0.0,False,522.8,,522.8,0,False,True,mirror_TUR_target_X_2021,TUR,X
C,A,20210101,2021,52,2021,528,NLD,Netherlands,M,Import,792,TUR,Türkiye,0,W00,World,H5,HS,True,2709,Petroleum oils and oils obtained from bituminous minerals; crude,4,False,C00,TOTAL CPC,0,0,TOTAL MOT,8,kg,747.0,False,8,kg,747.0,False,747.0,False,0.0,False,399.766,0.0,399.766,0,False,True,mirror_TUR_target_X_2021,TUR,X
C,A,20210101,2021,52,2021,642,ROU,Romania,M,Import,792,TUR,Türkiye,0,W00,World,H5,HS,True,2709,Petroleum oils and oils obtained from bituminous minerals; crude,4,False,C00,TOTAL CPC,0,0,TOTAL MOT,8,kg,872959400.0,False,8,kg,872959400.0,False,872959400.0,False,0.0,False,434491131.09,0.0,434491131.09,0,False,True,mirror_TUR_target_X_2021,TUR,X
C,A,20210101,2021,52,2021,699,IND,India,M,Import,792,TUR,Türkiye,0,W00,World,H5,HS,True,2709,Petroleum oils and oils obtained from bituminous minerals; crude,4,False,C00,TOTAL CPC,0,0,TOTAL MOT,8,kg,1157512000.0,False,-1,,0.0,False,1157512000.0,False,0.0,False,555393871.318,0.0,555393871.318,0,False,True,mirror_TUR_target_X_2021,TUR,X
C,A,20210101,2021,52,2021,784,ARE,United Arab Emirates,M,Import,792,TUR,Türkiye,0,W00,World,H5,HS,True,2709,Petroleum oils and oils obtained from bituminous minerals; crude,4,False,C00,TOTAL CPC,0,0,TOTAL MOT,8,kg,12943.0,False,8,kg,12943.0,False,12943.0,False,0.0,False,9346.08,0.0,9346.08,0,False,True,mirror_TUR_target_X_2021,TUR,X
C,A,20210101,2021,52,2021,826,GBR,United Kingdom,M,Import,792,TUR,Türkiye,0,W00,World,H5,HS,True,2709,Petroleum oils and oils obtained from bituminous minerals; crude,4,False,C00,TOTAL CPC,0,0,TOTAL MOT,8,kg,89753706.0,False,8,kg,89753706.0,False,89753706.0,False,0.0,False,50640337.203,0.0,50640337.203,0,False,True,mirror_TUR_target_X_2021,TUR,X
C,A,20220101,2022,52,2022,56,BEL,Belgium,M,Import,792,TUR,Türkiye,0,W00,World,H6,HS,True,2709,Petroleum oils and oils obtained from bituminous minerals; crude,4,False,C00,TOTAL CPC,0,0,TOTAL MOT,8,kg,16.47,False,8,kg,16.47,False,16.47,False,0.0,False,108.779,,108.779,0,False,True,mirror_TUR_target_X_2022,TUR,X
C,A,20220101,2022,52,2022,124,CAN,Canada,M,Import,792,TUR,Türkiye,0,W00,World,H6,HS,True,2709,Petroleum oils and oils obtained from bituminous minerals; crude,4,False,C00,TOTAL CPC,0,0,TOTAL MOT,8,kg,105.968,True,-1,,0.0,False,105.968,True,0.0,False,,79.904,79.904,6,False,True,mirror_TUR_target_X_2022,TUR,X
C,A,20220101,2022,52,2022,203,CZE,Czechia,M,Import,792,TUR,Türkiye,0,W00,World,H6,HS,True,2709,Petroleum oils and oils obtained from bituminous minerals; crude,4,False,C00,TOTAL CPC,0,0,TOTAL MOT,8,kg,8.0,False,8,kg,8.0,False,8.0,False,0.0,False,127.0,121.0,127.0,0,False,True,mirror_TUR_target_X_2022,TUR,X
C,A,20220101,2022,52,2022,246,FIN,Finland,M,Import,792,TUR,Türkiye,0,W00,World,H6,HS,True,2709,Petroleum oils and oils obtained from bituminous minerals; crude,4,False,C00,TOTAL CPC,0,0,TOTAL MOT,8,kg,2.0,False,8,kg,2.0,False,2.0,False,0.0,False,4.212,,4.212,0,False,True,mirror_TUR_target_X_2022,TUR,X
C,A,20220101,2022,52,2022,360,IDN,Indonesia,M,Import,792,TUR,Türkiye,0,W00,World,H6,HS,True,2709,Petroleum oils and oils obtained from bituminous minerals; crude,4,False,C00,TOTAL CPC,0,0,TOTAL MOT,8,kg,87349600.0,False,8,kg,87349600.0,False,87349600.0,False,0.0,False,62389800.0,,62389800.0,0,False,True,mirror_TUR_target_X_2022,TUR,X
C,A,20220101,2022,52,2022,372,IRL,Ireland,M,Import,792,TUR,Türkiye,0,W00,World,H6,HS,True,2709,Petroleum oils and oils obtained from bituminous minerals; crude,4,False,C00,TOTAL CPC,0,0,TOTAL MOT,8,kg,88077623.0,False,8,kg,88077623.0,False,88077623.0,False,0.0,False,52759155.873,,52759155.873,0,False,True,mirror_TUR_target_X_2022,TUR,X
C,A,20220101,2022,52,2022,380,ITA,Italy,M,Import,792,TUR,Türkiye,0,W00,World,H6,HS,True,2709,Petroleum oils and oils obtained from bituminous minerals; crude,4,False,C00,TOTAL CPC,0,0,TOTAL MOT,8,kg,69814800.0,False,8,kg,69814800.0,False,69814800.0,False,0.0,False,47525642.131,,47525642.131,0,False,True,mirror_TUR_target_X_2022,TUR,X
C,A,20220101,2022,52,2022,528,NLD,Netherlands,M,Import,792,TUR,Türkiye,0,W00,World,H6,HS,True,2709,Petroleum oils and oils obtained from bituminous minerals; crude,4,False,C00,TOTAL CPC,0,0,TOTAL MOT,8,kg,29759503.0,False,8,kg,29759503.0,False,29759503.0,False,0.0,False,20152668.663,,20152668.663,0,False,True,mirror_TUR_target_X_2022,TUR,X
C,A,20220101,2022,52,2022,642,ROU,Romania,M,Import,792,TUR,Türkiye,0,W00,World,H6,HS,True,2709,Petroleum oils and oils obtained from bituminous minerals; crude,4,False,C00,TOTAL CPC,0,0,TOTAL MOT,8,kg,1310147000.0,False,8,kg,1310147000.0,False,1310147000.0,False,0.0,False,919730637.43,,919730637.43,0,False,True,mirror_TUR_target_X_2022,TUR,X
C,A,20220101,2022,52,2022,699,IND,India,M,Import,792,TUR,Türkiye,0,W00,World,H6,HS,True,2709,Petroleum oils and oils obtained from bituminous minerals; crude,4,False,C00,TOTAL CPC,0,0,TOTAL MOT,8,kg,1782390000.0,False,8,kg,1782390000.0,False,1782390000.0,False,0.0,False,1366006975.98,,1366006975.98,0,False,True,mirror_TUR_target_X_2022,TUR,X
C,A,20220101,2022,52,2022,724,ESP,Spain,M,Import,792,TUR,Türkiye,0,W00,World,H6,HS,True,2709,Petroleum oils and oils obtained from bituminous minerals; crude,4,False,C00,TOTAL CPC,0,0,TOTAL MOT,8,kg,11.4,False,8,kg,11.4,False,11.4,False,0.0,False,360.427,,360.427,0,False,True,mirror_TUR_target_X_2022,TUR,X
C,A,20220101,2022,52,2022,784,ARE,United Arab Emirates,M,Import,792,TUR,Türkiye,0,W00,World,H6,HS,True,2709,Petroleum oils and oils obtained from bituminous minerals; crude,4,False,C00,TOTAL CPC,0,0,TOTAL MOT,8,kg,68.0,False,8,kg,68.0,False,68.0,False,0.0,False,140.983,,140.983,0,False,True,mirror_TUR_target_X_2022,TUR,X
C,A,20220101,2022,52,2022,788,TUN,Tunisia,M,Import,792,TUR,Türkiye,0,W00,World,H5,HS,True,2709,Petroleum oils and oils obtained from bituminous minerals; crude,4,False,C00,TOTAL CPC,0,0,TOTAL MOT,8,kg,187251400.0,False,8,kg,187251400.0,False,187251400.0,False,0.0,False,120072407.761,,120072407.761,0,False,True,mirror_TUR_target_X_2022,TUR,X
C,A,20220101,2022,52,2022,826,GBR,United Kingdom,M,Import,792,TUR,Türkiye,0,W00,World,H6,HS,True,2709,Petroleum oils and oils obtained from bituminous minerals; crude,4,False,C00,TOTAL CPC,0,0,TOTAL MOT,8,kg,495945648.0,False,8,kg,495945648.0,False,495945648.0,False,0.0,False,364631591.558,,364631591.558,0,False,True,mirror_TUR_target_X_2022,TUR,X
C,A,20220101,2022,52,2022,842,USA,USA,M,Import,792,TUR,Türkiye,0,W00,World,H6,HS,True,2709,Petroleum oils and oils obtained from bituminous minerals; crude,4,False,C00,TOTAL CPC,0,0,TOTAL MOT,8,kg,6519.0,False,19,BBL,41.0,False,6519.0,False,0.0,False,6800.0,4800.0,6800.0,0,False,True,mirror_TUR_target_X_2022,TUR,X
C,A,20230101,2023,52,2023,56,BEL,Belgium,M,Import,792,TUR,Türkiye,0,W00,World,H6,HS,True,2709,Petroleum oils and oils obtained from bituminous minerals; crude,4,False,C00,TOTAL CPC,0,0,TOTAL MOT,8,kg,68.5,False,8,kg,68.5,False,68.5,False,0.0,False,413.019,,413.019,0,False,True,mirror_TUR_target_X_2023,TUR,X
C,A,20230101,2023,52,2023,100,BGR,Bulgaria,M,Import,792,TUR,Türkiye,0,W00,World,H6,HS,True,2709,Petroleum oils and oils obtained from bituminous minerals; crude,4,False,C00,TOTAL CPC,0,0,TOTAL MOT,8,kg,30010900.0,False,8,kg,30010900.0,False,30010900.0,False,0.0,False,20251153.562,,20251153.562,0,False,True,mirror_TUR_target_X_2023,TUR,X
C,A,20230101,2023,52,2023,124,CAN,Canada,M,Import,792,TUR,Türkiye,0,W00,World,H6,HS,True,2709,Petroleum oils and oils obtained from bituminous minerals; crude,4,False,C00,TOTAL CPC,0,0,TOTAL MOT,8,kg,81.03,True,-1,,0.0,False,81.03,True,0.0,False,,50.374,50.374,6,False,True,mirror_TUR_target_X_2023,TUR,X
C,A,20230101,2023,52,2023,251,FRA,France,M,Import,792,TUR,Türkiye,0,W00,World,H6,HS,True,2709,Petroleum oils and oils obtained from bituminous minerals; crude,4,False,C00,TOTAL CPC,0,0,TOTAL MOT,8,kg,30.0,False,8,kg,30.0,False,30.0,False,0.0,False,37.07,,37.07,0,False,True,mirror_TUR_target_X_2023,TUR,X
C,A,20230101,2023,52,2023,288,GHA,Ghana,M,Import,792,TUR,Türkiye,0,W00,World,H5,HS,True,2709,Petroleum oils and oils obtained from bituminous minerals; crude,4,False,C00,TOTAL CPC,0,0,TOTAL MOT,-1,,0.0,False,8,kg,112.646,False,112646.0,False,0.0,False,79013.409,,79013.409,0,False,True,mirror_TUR_target_X_2023,TUR,X
C,A,20230101,2023,52,2023,300,GRC,Greece,M,Import,792,TUR,Türkiye,0,W00,World,H6,HS,True,2709,Petroleum oils and oils obtained from bituminous minerals; crude,4,False,C00,TOTAL CPC,0,0,TOTAL MOT,8,kg,8.0,False,8,kg,8.0,False,8.0,False,0.0,False,64.876,,64.876,0,False,True,mirror_TUR_target_X_2023,TUR,X
C,A,20230101,2023,52,2023,348,HUN,Hungary,M,Import,792,TUR,Türkiye,0,W00,World,H6,HS,True,2709,Petroleum oils and oils obtained from bituminous minerals; crude,4,False,C00,TOTAL CPC,0,0,TOTAL MOT,8,kg,11.0,False,8,kg,11.0,False,11.0,False,0.0,False,53.073,,53.073,0,False,True,mirror_TUR_target_X_2023,TUR,X
C,A,20230101,2023,52,2023,360,IDN,Indonesia,M,Import,792,TUR,Türkiye,0,W00,World,H6,HS,True,2709,Petroleum oils and oils obtained from bituminous minerals; crude,4,False,C00,TOTAL CPC,0,0,TOTAL MOT,8,kg,128188466.0,False,8,kg,128188466.0,False,128188466.0,False,0.0,False,80371676.0,,80371676.0,0,False,True,mirror_TUR_target_X_2023,TUR,X
C,A,20230101,2023,52,2023,380,ITA,Italy,M,Import,792,TUR,Türkiye,0,W00,World,H6,HS,True,2709,Petroleum oils and oils obtained from bituminous minerals; crude,4,False,C00,TOTAL CPC,0,0,TOTAL MOT,8,kg,36833147.0,False,8,kg,36833147.0,False,36833147.0,False,0.0,False,19755752.992,,19755752.992,0,False,True,mirror_TUR_target_X_2023,TUR,X
C,A,20230101,2023,52,2023,528,NLD,Netherlands,M,Import,792,TUR,Türkiye,0,W00,World,H6,HS,True,2709,Petroleum oils and oils obtained from bituminous minerals; crude,4,False,C00,TOTAL CPC,0,0,TOTAL MOT,8,kg,3324.0,False,8,kg,3324.0,False,3324.0,False,0.0,False,2357.166,,2357.166,0,False,True,mirror_TUR_target_X_2023,TUR,X
C,A,20230101,2023,52,2023,699,IND,India,M,Import,792,TUR,Türkiye,0,W00,World,H6,HS,True,2709,Petroleum oils and oils obtained from bituminous minerals; crude,4,False,C00,TOTAL CPC,0,0,TOTAL MOT,8,kg,1723620000.0,False,8,kg,1723620000.0,False,1723620000.0,False,0.0,False,1226823195.271,,1226823195.271,0,False,True,mirror_TUR_target_X_2023,TUR,X
C,A,20230101,2023,52,2023,703,SVK,Slovakia,M,Import,792,TUR,Türkiye,0,W00,World,H6,HS,True,2709,Petroleum oils and oils obtained from bituminous minerals; crude,4,False,C00,TOTAL CPC,0,0,TOTAL MOT,8,kg,10.0,False,8,kg,10.0,False,10.0,False,0.0,False,9.731,9.731,9.731,0,False,True,mirror_TUR_target_X_2023,TUR,X
C,A,20230101,2023,52,2023,724,ESP,Spain,M,Import,792,TUR,Türkiye,0,W00,World,H6,HS,True,2709,Petroleum oils and oils obtained from bituminous minerals; crude,4,False,C00,TOTAL CPC,0,0,TOTAL MOT,8,kg,89908701.0,False,8,kg,89908701.0,False,89908701.0,False,0.0,False,65889688.63,,65889688.63,0,False,True,mirror_TUR_target_X_2023,TUR,X
C,A,20230101,2023,52,2023,764,THA,Thailand,M,Import,792,TUR,Türkiye,0,W00,World,H6,HS,True,2709,Petroleum oils and oils obtained from bituminous minerals; crude,4,False,C00,TOTAL CPC,0,0,TOTAL MOT,8,kg,47870000.0,False,7,l,58664209.0,False,47870000.0,False,0.0,False,35718314.18,,35718314.18,0,False,True,mirror_TUR_target_X_2023,TUR,X
C,A,20230101,2023,52,2023,826,GBR,United Kingdom,M,Import,792,TUR,Türkiye,0,W00,World,H6,HS,True,2709,Petroleum oils and oils obtained from bituminous minerals; crude,4,False,C00,TOTAL CPC,0,0,TOTAL MOT,8,kg,482638086.0,False,8,kg,482638086.0,False,482638086.0,False,0.0,False,297318558.856,,297318558.856,0,False,True,mirror_TUR_target_X_2023,TUR,X
C,A,20230101,2023,52,2023,842,USA,USA,M,Import,792,TUR,Türkiye,0,W00,World,H6,HS,True,2709,Petroleum oils and oils obtained from bituminous minerals; crude,4,False,C00,TOTAL CPC,0,0,TOTAL MOT,8,kg,5088.0,False,19,BBL,32.0,False,5088.0,False,0.0,False,6320.0,4320.0,6320.0,0,False,True,mirror_TUR_target_X_2023,TUR,X
C,A,20230101,2023,52,2023,887,YEM,Yemen,M,Import,792,TUR,Türkiye,0,W00,World,H4,HS,True,2709,Petroleum oils and oils obtained from bituminous minerals; crude,4,False,C00,TOTAL CPC,0,0,TOTAL MOT,8,kg,19224.0,False,8,kg,19224.0,False,19224.0,False,0.0,False,23474.522,,23474.522,0,False,True,mirror_TUR_target_X_2023,TUR,X
C,A,20240101,2024,52,2024,56,BEL,Belgium,M,Import,792,TUR,Türkiye,0,W00,World,H6,HS,True,2709,Petroleum oils and oils obtained from bituminous minerals; crude,4,False,C00,TOTAL CPC,0,0,TOTAL MOT,8,kg,7.74,False,8,kg,7.74,False,7.74,False,0.0,False,53.002,,53.002,0,False,True,mirror_TUR_target_X_2024,TUR,X
C,A,20240101,2024,52,2024,100,BGR,Bulgaria,M,Import,792,TUR,Türkiye,0,W00,World,H6,HS,True,2709,Petroleum oils and oils obtained from bituminous minerals; crude,4,False,C00,TOTAL CPC,0,0,TOTAL MOT,8,kg,18.0,False,8,kg,18.0,False,18.0,False,0.0,False,470.174,,470.174,0,False,True,mirror_TUR_target_X_2024,TUR,X
C,A,20240101,2024,52,2024,124,CAN,Canada,M,Import,792,TUR,Türkiye,0,W00,World,H6,HS,True,2709,Petroleum oils and oils obtained from bituminous minerals; crude,4,False,C00,TOTAL CPC,0,0,TOTAL MOT,8,kg,308.772,True,-1,,0.0,False,308.772,True,0.0,False,,188.878,188.878,6,False,True,mirror_TUR_target_X_2024,TUR,X
C,A,20240101,2024,52,2024,512,OMN,Oman,M,Import,792,TUR,Türkiye,0,W00,World,H6,HS,True,2709,Petroleum oils and oils obtained from bituminous minerals; crude,4,False,C00,TOTAL CPC,0,0,TOTAL MOT,-1,,0.0,False,-1,,0.0,False,,False,0.0,False,1024.707,,1024.707,0,False,True,mirror_TUR_target_X_2024,TUR,X
C,A,20240101,2024,52,2024,528,NLD,Netherlands,M,Import,792,TUR,Türkiye,0,W00,World,H6,HS,True,2709,Petroleum oils and oils obtained from bituminous minerals; crude,4,False,C00,TOTAL CPC,0,0,TOTAL MOT,8,kg,25016577.0,False,8,kg,25016577.0,False,25016577.0,False,0.0,False,15171899.006,,15171899.006,0,False,True,mirror_TUR_target_X_2024,TUR,X
C,A,20240101,2024,52,2024,699,IND,India,M,Import,792,TUR,Türkiye,0,W00,World,H6,HS,True,2709,Petroleum oils and oils obtained from bituminous minerals; crude,4,False,C00,TOTAL CPC,0,0,TOTAL MOT,8,kg,913671000.0,False,8,kg,913671000.0,False,913671000.0,False,0.0,False,612463424.717,,612463424.717,0,False,True,mirror_TUR_target_X_2024,TUR,X
C,A,20240101,2024,52,2024,702,SGP,Singapore,M,Import,792,TUR,Türkiye,0,W00,World,H6,HS,True,2709,Petroleum oils and oils obtained from bituminous minerals; crude,4,False,C00,TOTAL CPC,0,0,TOTAL MOT,8,kg,310.0,False,21,1000 KG,0.31,False,310.0,False,0.0,False,206.551,,206.551,0,False,True,mirror_TUR_target_X_2024,TUR,X
C,A,20240101,2024,52,2024,710,ZAF,South Africa,M,Import,792,TUR,Türkiye,0,W00,World,H6,HS,True,2709,Petroleum oils and oils obtained from bituminous minerals; crude,4,False,C00,TOTAL CPC,0,0,TOTAL MOT,8,kg,18.0,False,8,kg,18.0,False,18.0,False,0.0,False,,5.238,5.238,0,False,True,mirror_TUR_target_X_2024,TUR,X
C,A,20240101,2024,52,2024,826,GBR,United Kingdom,M,Import,792,TUR,Türkiye,0,W00,World,H6,HS,True,2709,Petroleum oils and oils obtained from bituminous minerals; crude,4,False,C00,TOTAL CPC,0,0,TOTAL MOT,8,kg,926406589.0,False,8,kg,926406589.0,False,926406589.0,False,0.0,False,596034109.858,,596034109.858,0,False,True,mirror_TUR_target_X_2024,TUR,X
